freq,isced11,sex,age,unit,geo\TIME_PERIOD	2014 	2015 	2016 	2017 	2018 	2019 	2020 	2021 	2022 	2023 	2024 	2025 
A,ED0-2,F,Y15-74,PC,AT11	: bu	: u	: u	: u	: u	: u	: u	: bu	: u	: u	: u	: u
A,ED0-2,F,Y15-74,PC,AT12	10.1 b	9.7 u	8.4 u	9.6 u	7.6 u	8.3 u	10.0 u	13.9 b	13.0 	13.4 	8.6 u	8.2 u
A,ED0-2,F,Y15-74,PC,AT13	19.1 b	19.4 	20.7 	21.1 	18.5 	17.7 	22.2 	23.3 b	24.0 	19.0 	18.3 	19.6 
A,ED0-2,F,Y15-74,PC,AT21	: bu	: u	: u	: u	: u	: u	: u	: bu	: u	: u	: u	: u
A,ED0-2,F,Y15-74,PC,AT22	8.0 bu	8.5 u	12.5 u	8.4 u	: u	: u	8.2 u	9.2 bu	7.9 u	7.6 u	8.5 u	12.3 u
A,ED0-2,F,Y15-74,PC,AT31	7.6 bu	4.6 u	7.1 u	9.5 u	7.4 u	7.2 u	: u	6.8 bu	6.6 u	5.9 u	6.5 u	12.4 
A,ED0-2,F,Y15-74,PC,AT32	: bu	: u	: u	: u	: u	: u	: u	: bu	: u	: u	: u	: u
A,ED0-2,F,Y15-74,PC,AT33	: bu	: u	: u	: u	: u	: u	: u	: bu	: u	: u	: u	: u
A,ED0-2,F,Y15-74,PC,AT34	: bu	: u	: u	: u	: u	: u	: u	: bu	: u	: u	: u	: u
A,ED0-2,F,Y15-74,PC,BE10	29.0 b	27.8 	31.0 	27.8 b	24.1 	27.6 	27.6 	26.7 b	19.8 	22.9 	14.5 u	17.7 
A,ED0-2,F,Y15-74,PC,BE21	8.7 bu	10.7 	14.9 	10.7 bu	9.1 u	6.3 u	6.5 u	9.4 bu	5.7 u	6.2 u	8.7 u	11.0 u
A,ED0-2,F,Y15-74,PC,BE22	9.4 bu	10.0 u	10.8 u	: bu	: u	: u	: u	: bu	: u	: u	: u	: u
A,ED0-2,F,Y15-74,PC,BE23	9.5 b	6.8 u	7.5 u	9.7 bu	5.5 u	: u	6.5 u	7.7 bu	: u	7.0 u	: u	10.4 u
A,ED0-2,F,Y15-74,PC,BE24	8.5 bu	10.3 u	9.9 u	: bu	: u	11.5 u	: u	12.5 bu	17.2 u	12.2 u	11.9 u	16.8 u
A,ED0-2,F,Y15-74,PC,BE25	6.8 bu	7.4 u	: u	6.7 bu	6.8 u	8.5 u	7.6 u	10.0 bu	6.6 u	7.4 u	6.8 u	8.9 u
A,ED0-2,F,Y15-74,PC,BE31	21.2 bu	: u	: u	: bu	: u	: u	: u	: bu	: u	: u	: u	: u
A,ED0-2,F,Y15-74,PC,BE32	23.0 b	24.4 	21.6 	18.3 b	23.3 	17.9 	17.2 	18.6 b	25.3 	19.3 	17.6 	18.9 
A,ED0-2,F,Y15-74,PC,BE33	22.5 b	21.2 	20.3 	22.8 b	17.9 	11.3 u	18.3 	22.9 b	17.2 u	18.5 u	15.4 u	12.7 u
A,ED0-2,F,Y15-74,PC,BE34	: bu	: u	: u	: bu	: u	: u	: u	: bu	: u	: u	: u	: u
A,ED0-2,F,Y15-74,PC,BE35	14.2 bu	: u	16.4 u	: bu	: u	: u	: u	: bu	: u	: u	21.1 u	25.7 u
A,ED0-2,F,Y15-74,PC,BG31	40.2 bu	38.8 u	39.2 u	36.6 u	36.2 u	38.4 bu	47.1 u	38.9 bu	27.6 u	35.4 u	35.5 bu	28.1 u
A,ED0-2,F,Y15-74,PC,BG32	27.4 bu	23.1 u	23.0 u	20.8 u	22.9 u	23.1 bu	: u	: bu	: u	: u	: bu	: u
A,ED0-2,F,Y15-74,PC,BG33	33.6 b	33.3 	33.5 	33.1 	24.2 	21.5 bu	21.2 u	21.0 bu	13.4 u	19.5 u	24.5 bu	23.8 u
A,ED0-2,F,Y15-74,PC,BG34	26.4 bu	26.3 	21.6 u	20.3 u	15.2 u	9.8 bu	: u	19.5 bu	14.5 u	13.7 u	: bu	15.7 u
A,ED0-2,F,Y15-74,PC,BG41	22.9 bu	21.0 u	15.4 u	: u	: u	: bu	: u	: bu	12.7 u	14.9 u	21.4 bu	: u
A,ED0-2,F,Y15-74,PC,BG42	25.5 b	22.8 	18.2 	13.2 u	7.8 u	: bu	: u	10.4 bu	: u	: u	: bu	: u
A,ED0-2,F,Y15-74,PC,CH01	14.2 b	14.1 	10.2 	11.9 	12.6 	9.2 	10.8 	13.7 b	10.7 	10.1 	12.3 	11.0 
A,ED0-2,F,Y15-74,PC,CH02	9.6 b	8.3 	10.1 	9.1 	8.4 	6.4 u	7.1 u	8.8 b	10.3 	8.1 	8.2 	10.0 
A,ED0-2,F,Y15-74,PC,CH03	9.0 bu	7.7 u	11.2 u	7.7 u	8.1 u	7.3 u	14.0 	9.7 bu	7.7 u	7.9 u	9.2 u	8.5 u
A,ED0-2,F,Y15-74,PC,CH04	5.1 bu	6.8 u	7.2 u	6.5 u	5.9 u	6.5 u	8.9 u	9.6 bu	8.1 u	7.3 u	6.2 u	7.2 u
A,ED0-2,F,Y15-74,PC,CH05	6.3 bu	6.5 u	9.6 	5.6 u	6.8 u	9.7 u	7.4 u	6.9 bu	5.4 u	7.1 u	6.2 u	5.6 u
A,ED0-2,F,Y15-74,PC,CH06	5.9 bu	4.7 u	4.9 u	3.6 u	4.2 u	: u	5.5 u	6.0 bu	3.2 u	5.7 u	5.4 u	3.2 u
A,ED0-2,F,Y15-74,PC,CH07	10.0 bu	11.8 u	11.0 u	11.5 u	14.6 u	15.9 u	12.9 u	16.2 bu	14.8 u	12.3 u	13.6 u	9.3 u
A,ED0-2,F,Y15-74,PC,CY00	12.5 b	14.3 	12.5 	12.0 	10.1 	5.3 u	7.7 	7.8 b	6.6 	5.8 u	5.5 u	6.0 
A,ED0-2,F,Y15-74,PC,CZ01	: bu	6.0 u	5.8 u	11.4 u	6.4 u	6.4 u	: u	: bu	: u	: u	: u	: u
A,ED0-2,F,Y15-74,PC,CZ02	15.9 bu	13.8 u	16.1 u	12.7 u	9.9 u	5.7 u	4.7 u	11.9 bu	6.8 u	8.4 u	12.4 u	: u
A,ED0-2,F,Y15-74,PC,CZ03	19.0 b	15.9 u	15.9 u	9.6 u	6.7 u	9.5 u	8.0 u	10.7 bu	11.5 u	9.3 u	12.0 u	: u
A,ED0-2,F,Y15-74,PC,CZ04	26.1 b	31.8 	26.1 	15.5 	11.5 u	12.0 	13.1 	17.2 b	20.6 	18.3 	17.8 	17.8 
A,ED0-2,F,Y15-74,PC,CZ05	19.2 b	20.4 	16.9 	13.2 u	11.4 u	9.9 u	11.2 u	11.7 bu	9.4 u	11.7 u	12.2 u	14.5 u
A,ED0-2,F,Y15-74,PC,CZ06	15.1 bu	17.2 u	16.6 u	13.5 u	11.6 u	10.0 u	8.7 u	13.7 bu	11.4 u	13.2 u	10.6 u	: u
A,ED0-2,F,Y15-74,PC,CZ07	26.2 b	20.9 u	15.5 u	10.0 u	9.1 u	15.6 u	7.9 u	9.4 bu	14.8 u	9.3 u	8.6 u	: u
A,ED0-2,F,Y15-74,PC,CZ08	27.7 b	37.2 	35.8 	24.4 	18.2 	21.4 	22.8 u	24.0 b	27.3 	20.7 	15.1 u	18.0 u
A,ED0-2,F,Y15-74,PC,DE11	4.7 b	7.7 	6.0 	5.9 	3.9 	3.9 	: bu	: bu	: u	: u	: u	: u
A,ED0-2,F,Y15-74,PC,DE12	5.3 b	6.6 	7.4 	7.1 	5.6 	5.4 	: bu	: bu	: u	: u	: u	: u
A,ED0-2,F,Y15-74,PC,DE13	: bu	: u	: u	: u	: u	: u	: bu	: bu	: u	: u	: u	: u
A,ED0-2,F,Y15-74,PC,DE14	: bu	6.6 	: u	: u	: u	: u	: bu	: bu	: u	: u	: u	: u
A,ED0-2,F,Y15-74,PC,DE21	: bu	4.2 	5.5 	4.7 	4.6 	4.1 	: bu	: bu	: u	: u	: u	: u
A,ED0-2,F,Y15-74,PC,DE22	: bu	: u	: u	: u	: u	: u	: bu	: bu	: u	: u	: u	: u
A,ED0-2,F,Y15-74,PC,DE23	: bu	: u	: u	: u	: u	: u	: bu	: bu	: u	: u	: u	: u
A,ED0-2,F,Y15-74,PC,DE24	: bu	: u	: u	: u	: u	: u	: bu	: bu	: u	: u	: u	: u
A,ED0-2,F,Y15-74,PC,DE25	7.5 b	: u	: u	: u	: u	: u	: bu	: bu	: u	: u	: u	: u
A,ED0-2,F,Y15-74,PC,DE26	: bu	: u	: u	: u	: u	: u	: bu	: bu	: u	: u	: u	: u
A,ED0-2,F,Y15-74,PC,DE27	: bu	: u	: u	: u	: u	: u	: bu	: bu	: u	: u	: u	: u
A,ED0-2,F,Y15-74,PC,DE30	25.7 b	24.1 	24.8 	21.6 	19.1 	13.4 	: bu	: bu	16.0 u	11.5 u	: u	: u
A,ED0-2,F,Y15-74,PC,DE40	20.5 b	14.6 	: u	12.7 	14.5 	: u	: bu	: bu	: u	: u	: u	: u
A,ED0-2,F,Y15-74,PC,DE50	: bu	: u	: u	: u	: u	: u	: bu	: bu	: u	: u	: u	: u
A,ED0-2,F,Y15-74,PC,DE60	9.7 b	10.3 	: u	9.5 	9.9 	: u	: bu	: bu	: u	: u	: u	: u
A,ED0-2,F,Y15-74,PC,DE71	10.3 b	8.8 	8.2 	8.2 	6.3 	7.3 	: bu	: bu	: u	: u	: u	: u
A,ED0-2,F,Y15-74,PC,DE72	: bu	: u	: u	: u	: u	: u	: bu	: bu	: u	: u	: u	: u
A,ED0-2,F,Y15-74,PC,DE73	: bu	: u	: u	: u	: u	: u	: bu	: bu	: u	: u	: u	: u
A,ED0-2,F,Y15-74,PC,DE80	: bu	: u	: u	: u	: u	: u	: bu	: bu	: u	: u	: u	: u
A,ED0-2,F,Y15-74,PC,DE91	11.4 b	11.0 	: u	: u	: u	: u	: bu	: bu	: u	: u	: u	: u
A,ED0-2,F,Y15-74,PC,DE92	11.3 b	7.7 	10.1 	10.5 	8.8 	8.6 	: bu	: bu	: u	: u	: u	: u
A,ED0-2,F,Y15-74,PC,DE93	8.6 b	: u	9.7 	: u	: u	: u	: bu	: bu	: u	: u	: u	: u
A,ED0-2,F,Y15-74,PC,DE94	8.0 b	8.8 	7.0 	: u	: u	7.8 	: bu	: bu	: u	: u	: u	: u
A,ED0-2,F,Y15-74,PC,DEA1	13.1 b	12.0 	9.8 	8.0 	8.5 	7.2 	: bu	7.6 bu	6.8 u	6.2 u	7.1 u	10.5 u
A,ED0-2,F,Y15-74,PC,DEA2	9.5 b	10.7 	8.3 	6.9 	6.2 	7.3 	: bu	: bu	: u	: u	: u	: u
A,ED0-2,F,Y15-74,PC,DEA3	10.6 b	10.8 	10.6 	8.0 	8.1 	7.6 	: bu	: bu	: u	: u	: u	: u
A,ED0-2,F,Y15-74,PC,DEA4	9.3 b	10.5 	: u	7.3 	7.0 	: u	: bu	: bu	: u	: u	: u	: u
A,ED0-2,F,Y15-74,PC,DEA5	13.0 b	10.6 	10.5 	9.5 	7.7 	7.4 	: bu	9.1 bu	: u	: u	: u	: u
A,ED0-2,F,Y15-74,PC,DEB1	: bu	: u	: u	: u	: u	: u	: bu	: bu	: u	: u	: u	: u
A,ED0-2,F,Y15-74,PC,DEB2	: bu	: u	: u	: u	: u	: u	: bu	: bu	: u	: u	: u	: u
A,ED0-2,F,Y15-74,PC,DEB3	7.9 b	9.4 	9.5 	7.7 	: u	: u	: bu	: bu	: u	: u	: u	: u
A,ED0-2,F,Y15-74,PC,DEC0	14.5 b	: u	: u	: u	: u	: u	: bu	: bu	: u	: u	: u	: u
A,ED0-2,F,Y15-74,PC,DED2	: bu	: u	: u	: u	: u	: u	: bu	: bu	: u	: u	: u	: u
A,ED0-2,F,Y15-74,PC,DED4	: bu	: u	: u	: u	: u	: u	: bu	: bu	: u	: u	: u	: u
A,ED0-2,F,Y15-74,PC,DED5	: bu	: u	: u	: u	: u	: u	: bu	: bu	: u	: u	: u	: u
A,ED0-2,F,Y15-74,PC,DEE0	21.7 b	22.7 	21.0 	18.9 	16.7 	: u	: bu	: bu	: u	: u	: u	: u
A,ED0-2,F,Y15-74,PC,DEF0	9.9 b	8.7 	8.4 	5.9 	7.1 	: u	: bu	: bu	: u	: u	: u	: u
A,ED0-2,F,Y15-74,PC,DEG0	: bu	: u	: u	: u	: u	: u	: bu	: bu	: u	: u	: u	: u
A,ED0-2,F,Y15-74,PC,DK01	12.4 b	12.5 	12.3 b	11.1 b	8.3 	9.3 	11.0 	10.4 b	9.5 	11.7 b	14.5 	14.5 
A,ED0-2,F,Y15-74,PC,DK02	11.7 b	12.5 	11.8 b	10.1 bu	7.9 u	9.1 u	12.6 	8.5 bu	8.2 u	8.7 bu	8.8 u	11.3 
A,ED0-2,F,Y15-74,PC,DK03	11.9 b	10.5 	9.2 b	10.8 b	8.1 	8.0 	7.8 	7.7 b	7.3 	9.0 b	13.7 	11.0 
A,ED0-2,F,Y15-74,PC,DK04	10.4 b	9.3 	7.5 b	9.3 b	8.5 	8.5 	8.7 	9.2 b	6.6 u	11.4 b	9.8 	11.5 
A,ED0-2,F,Y15-74,PC,DK05	10.3 bu	9.9 u	11.4 bu	10.1 bu	10.1 u	10.0 u	11.4 u	7.6 bu	: u	9.0 bu	: u	10.0 u
A,ED0-2,F,Y15-74,PC,EE00	11.4 bu	13.0 	13.5 	10.8 	12.5 	12.4 	14.3 	15.1 b	12.4 	16.3 	19.0 	16.9 
A,ED0-2,F,Y15-74,PC,EL30	36.9 b	33.2 	39.5 	40.7 	47.8 	39.2 	29.6 	33.6 b	30.3 	26.9 	30.1 	28.4 
A,ED0-2,F,Y15-74,PC,EL41	34.4 bu	23.9 u	26.4 u	26.9 u	26.6 u	23.2 u	21.4 u	: bu	: u	: u	: u	: u
A,ED0-2,F,Y15-74,PC,EL42	20.0 bu	22.2 u	26.3 	21.9 	29.2 	20.9 u	29.8 	20.0 bu	15.2 u	14.0 u	19.5 u	15.1 u
A,ED0-2,F,Y15-74,PC,EL43	28.8 b	28.3 	28.9 	19.6 	13.3 	13.5 	23.4 	22.6 b	20.1 	19.4 	14.7 u	10.8 u
A,ED0-2,F,Y15-74,PC,EL51	26.7 b	24.0 	20.2 	18.3 	11.0 	15.2 	17.9 	22.4 b	13.2 	15.4 	11.2 u	13.7 u
A,ED0-2,F,Y15-74,PC,EL52	35.1 b	34.3 	31.1 	28.9 	27.3 	27.9 	27.2 	22.3 b	23.3 	17.8 	14.9 	16.9 
A,ED0-2,F,Y15-74,PC,EL53	32.5 b	34.9 	35.9 	33.7 	27.2 u	22.7 u	17.0 u	: bu	: u	: u	: u	35.1 u
A,ED0-2,F,Y15-74,PC,EL54	22.1 b	20.2 u	24.2 	24.9 	20.3 u	16.9 u	19.4 u	20.9 bu	17.8 u	16.3 u	: u	: u
A,ED0-2,F,Y15-74,PC,EL61	22.6 b	32.5 	31.4 	23.1 	19.7 	19.6 	18.1 	29.1 b	15.1 u	11.2 u	14.7 u	7.8 u
A,ED0-2,F,Y15-74,PC,EL62	25.3 bu	16.5 u	20.0 u	26.7 u	22.5 u	19.1 u	: u	17.5 bu	24.1 u	23.9 u	31.1 u	: u
A,ED0-2,F,Y15-74,PC,EL63	31.5 b	30.3 	32.8 	33.4 	31.3 	32.5 	24.1 	19.1 b	15.5 	9.7 u	10.9 u	15.6 u
A,ED0-2,F,Y15-74,PC,EL64	24.5 b	23.6 	26.4 	28.1 	23.7 	22.2 	22.9 	26.5 b	25.5 	23.9 	20.5 	24.9 
A,ED0-2,F,Y15-74,PC,EL65	26.0 b	24.1 	18.9 	16.8 	13.7 	10.9 u	14.5 	16.9 b	21.5 	10.7 u	7.3 u	12.6 u
A,ED0-2,F,Y15-74,PC,ES11	26.6 b	24.9 	23.5 	21.9 	19.8 	18.1 	16.9 	16.5 bd	16.4 d	13.4 d	14.3 d	12.5 d
A,ED0-2,F,Y15-74,PC,ES12	30.2 b	23.1 	20.8 	20.9 	22.7 	23.2 	19.5 	17.2 bd	17.2 d	20.6 d	19.0 d	14.1 d
A,ED0-2,F,Y15-74,PC,ES13	28.0 b	27.7 	22.9 	19.8 	18.3 	17.8 u	19.2 	21.3 bd	20.8 d	15.0 du	12.5 du	13.0 du
A,ED0-2,F,Y15-74,PC,ES21	23.9 b	21.5 	21.0 	19.3 	17.2 	16.1 	16.7 	19.9 bd	16.8 d	14.1 d	10.4 d	13.8 d
A,ED0-2,F,Y15-74,PC,ES22	24.9 b	20.6 	23.9 	22.9 	20.5 	17.8 	19.1 	18.5 bd	20.5 d	17.8 d	16.3 du	18.2 du
A,ED0-2,F,Y15-74,PC,ES23	30.2 b	25.5 	23.2 u	22.1 u	17.6 u	12.2 u	17.7 u	22.5 bdu	17.6 du	20.5 du	20.5 du	12.5 du
A,ED0-2,F,Y15-74,PC,ES24	31.2 b	27.0 	25.0 	23.0 	20.4 	17.4 	21.5 	17.8 bd	20.9 d	17.1 d	16.1 d	17.4 d
A,ED0-2,F,Y15-74,PC,ES30	29.3 b	28.1 	26.5 	22.3 	19.4 	16.7 	19.0 	19.6 bd	19.0 d	17.4 d	15.9 d	12.5 d
A,ED0-2,F,Y15-74,PC,ES41	30.6 b	29.0 	26.9 	24.6 	21.3 	20.2 	21.0 	21.7 bd	18.1 d	18.4 d	18.7 d	16.6 d
A,ED0-2,F,Y15-74,PC,ES42	44.1 b	42.9 	39.9 	36.1 	33.3 	29.5 	32.4 	29.1 bd	28.5 d	26.2 d	26.8 d	24.9 d
A,ED0-2,F,Y15-74,PC,ES43	44.1 b	44.6 	43.2 	41.1 	40.0 	38.8 	36.4 	37.8 bd	30.7 d	28.8 d	28.5 d	26.7 d
A,ED0-2,F,Y15-74,PC,ES51	28.4 b	28.8 	25.8 	23.3 	19.8 	18.9 	21.7 	21.7 bd	19.2 d	16.2 d	17.5 d	16.1 d
A,ED0-2,F,Y15-74,PC,ES52	34.2 b	32.8 	29.7 	27.1 	26.2 	23.6 	25.8 	28.4 bd	23.3 d	22.7 d	20.7 d	21.7 d
A,ED0-2,F,Y15-74,PC,ES53	23.8 b	24.8 	20.4 	17.4 	14.4 	17.2 	23.0 	22.8 bd	17.5 d	15.1 d	15.6 d	14.0 d
A,ED0-2,F,Y15-74,PC,ES61	49.0 b	45.4 	43.6 	39.3 	37.2 	36.1 	37.8 	36.2 bd	34.1 d	32.4 d	28.9 d	27.9 d
A,ED0-2,F,Y15-74,PC,ES62	37.4 b	37.6 	31.3 	29.5 	28.8 	25.7 	25.3 	25.9 bd	22.4 d	22.9 d	21.3 d	20.6 d
A,ED0-2,F,Y15-74,PC,ES63	45.1 bu	52.3 u	49.7 u	43.6 u	48.9 u	49.4 u	45.2 u	49.6 bdu	53.5 du	56.8 du	55.7 du	48.6 du
A,ED0-2,F,Y15-74,PC,ES64	57.6 bu	54.5 u	49.6 u	54.1 u	48.8 u	51.7 u	52.1 u	55.2 bdu	51.1 du	47.9 du	49.4 du	47.5 du
A,ED0-2,F,Y15-74,PC,ES70	39.9 b	37.1 	35.1 	34.9 	30.1 	30.1 	33.0 	33.8 bd	28.5 d	27.8 d	21.9 d	22.8 d
A,ED0-2,F,Y15-74,PC,FI19	16.2 b	19.9 	20.4 	20.0 	17.5 	15.8 u	20.9 	18.1 b	19.2 	13.9 u	20.5 u	25.9 
A,ED0-2,F,Y15-74,PC,FI1B	15.6 b	18.1 	20.3 	22.8 	18.3 	18.6 	21.4 	20.6 b	21.0 	19.6 	25.8 	26.6 
A,ED0-2,F,Y15-74,PC,FI1C	20.7 b	18.8 	20.4 	17.2 	18.0 	16.9 u	17.2 u	16.6 b	14.0 	17.8 u	18.9 u	24.8 u
A,ED0-2,F,Y15-74,PC,FI1D	27.3 b	25.3 	23.2 	26.8 	18.4 u	20.1 	25.1 	20.2 b	15.6 u	15.7 u	21.9 u	27.0 u
A,ED0-2,F,Y15-74,PC,FI20	: bu	: u	: u	: u	: u	: u	: u	: bu	: u	: u	: u	: u
A,ED0-2,F,Y15-74,PC,FR10	12.4 	12.3 	15.4 	15.2 	14.6 	12.8 	9.9 	13.1 bd	11.5 d	9.0 d	10.1 d	13.3 d
A,ED0-2,F,Y15-74,PC,FRB0	13.0 	14.4 	13.0 	13.4 	11.3 	12.5 	13.9 	13.6 bd	13.3 d	10.1 du	11.3 du	10.9 du
A,ED0-2,F,Y15-74,PC,FRC1	16.9 	11.6 u	11.3 u	14.6 u	16.1 u	18.0 u	14.0 u	: bu	10.9 du	: u	: u	: u
A,ED0-2,F,Y15-74,PC,FRC2	10.6 u	13.1 u	14.3 u	11.2 u	: u	: u	: u	20.4 bdu	: u	: u	: u	: u
A,ED0-2,F,Y15-74,PC,FRD1	10.7 u	10.7 u	12.0 u	10.3 u	9.7 u	11.3 u	: u	: bu	: u	: u	: u	: u
A,ED0-2,F,Y15-74,PC,FRD2	21.4 	15.1 	19.1 	22.0 	16.5 u	18.4 	19.8 	15.8 bdu	14.6 du	19.1 d	20.2 du	21.5 du
A,ED0-2,F,Y15-74,PC,FRE1	18.4 	19.1 	23.1 	21.8 	20.4 	22.0 	18.2 	13.5 bd	13.8 d	17.3 d	20.2 d	20.1 d
A,ED0-2,F,Y15-74,PC,FRE2	19.0 	16.4 	15.6 	15.8 	10.4 u	13.1 	13.3 u	14.4 bdu	14.6 du	15.6 du	16.5 du	17.5 du
A,ED0-2,F,Y15-74,PC,FRF1	22.7 	16.3 	16.3 u	14.0 u	11.1 u	13.2 u	18.1 u	13.6 bdu	13.3 du	12.7 du	16.9 du	: u
A,ED0-2,F,Y15-74,PC,FRF2	15.8 	16.6 u	18.5 	14.5 u	17.0 u	18.0 u	20.4 u	: bu	: u	16.0 du	18.4 du	16.8 du
A,ED0-2,F,Y15-74,PC,FRF3	17.2 	20.3 	23.5 	19.9 	18.7 	19.7 	16.0 	17.0 bd	11.2 du	11.7 du	14.6 du	13.7 du
A,ED0-2,F,Y15-74,PC,FRG0	17.3 	16.6 	18.2 	12.0 	13.2 	13.9 	10.1 u	10.1 bdu	10.8 du	10.7 d	10.6 d	12.5 d
A,ED0-2,F,Y15-74,PC,FRH0	11.8 u	11.2 u	14.9 	14.5 	16.5 	9.5 u	12.6 u	13.4 bd	11.1 du	8.7 du	10.7 du	9.9 du
A,ED0-2,F,Y15-74,PC,FRI1	11.6 	14.7 	17.5 	15.4 	16.6 	14.6 	12.8 	14.0 bd	13.5 d	15.6 d	9.2 du	16.0 d
A,ED0-2,F,Y15-74,PC,FRI2	10.0 u	11.2 u	16.6 u	9.6 u	: u	: u	: u	: bu	: u	: u	: u	: u
A,ED0-2,F,Y15-74,PC,FRI3	18.1 	17.3 	16.4 u	14.8 u	16.7 u	16.3 u	15.3 u	15.5 bdu	12.5 du	11.7 du	11.7 du	: u
A,ED0-2,F,Y15-74,PC,FRJ1	16.8 	16.3 	15.6 	22.0 	24.7 	20.4 	18.5 	20.8 bd	13.5 du	18.2 d	17.8 d	22.5 d
A,ED0-2,F,Y15-74,PC,FRJ2	15.0 	14.7 	16.9 	13.5 	16.6 	12.6 u	12.4 u	13.4 bdu	11.1 du	8.2 du	15.7 du	18.7 du
A,ED0-2,F,Y15-74,PC,FRK1	11.2 u	11.5 u	13.4 u	15.1 u	18.7 u	16.5 u	: u	15.6 bdu	: u	13.6 du	23.8 du	: u
A,ED0-2,F,Y15-74,PC,FRK2	14.0 	17.5 	16.1 	13.7 	13.3 	15.6 	12.9 	12.6 bd	11.5 d	15.2 d	15.6 d	14.6 d
A,ED0-2,F,Y15-74,PC,FRL0	15.0 	18.4 	15.7 	16.0 	13.2 	13.8 	15.9 	12.7 bd	12.6 d	11.4 d	10.8 d	9.9 d
A,ED0-2,F,Y15-74,PC,FRM0	30.9 u	45.1 u	29.8 u	25.6 u	: u	: u	: u	: bu	: u	: u	: u	: u
A,ED0-2,F,Y15-74,PC,FRY1	35.0 	31.8 	36.6 	35.8 	34.0 	34.5 	28.7 	18.8 bdu	30.1 d	30.5 d	29.5 d	28.0 d
A,ED0-2,F,Y15-74,PC,FRY2	24.7 	23.3 	28.3 	26.8 	21.7 u	18.4 u	: u	20.4 bdu	: u	: u	: u	: u
A,ED0-2,F,Y15-74,PC,FRY3	42.6 	42.3 	40.5 	45.3 	36.4 	35.0 u	31.8 u	28.5 bdu	32.1 du	33.0 du	38.6 d	34.2 du
A,ED0-2,F,Y15-74,PC,FRY4	37.6 	37.3 	32.5 	31.3 	35.4 	31.7 	19.9 	25.0 bd	25.6 d	27.7 d	22.5 d	20.7 d
A,ED0-2,F,Y15-74,PC,FRY5	38.1 u	42.2 	46.8 	44.6 	53.3 	47.7 	50.9 u	: 	: 	: 	: 	: 
A,ED0-2,F,Y15-74,PC,HR02	: 	: 	27.8 u	33.1 u	22.2 u	14.8 u	17.4 u	16.2 bu	20.8 u	19.4 u	12.2 u	11.1 u
A,ED0-2,F,Y15-74,PC,HR03	29.7 bu	23.3 u	13.7 u	12.9 u	9.8 u	: u	: u	10.5 bu	16.2 u	: u	: u	: u
A,ED0-2,F,Y15-74,PC,HR04	26.5 b	21.5 	: 	: 	: 	: 	: 	: 	: 	: 	: 	: 
A,ED0-2,F,Y15-74,PC,HR05	: 	: 	13.9 u	19.0 u	: u	: u	: u	: bu	: u	: u	: u	: u
A,ED0-2,F,Y15-74,PC,HR06	: 	: 	11.8 u	11.8 u	: u	: u	8.5 u	10.0 bu	: u	8.2 u	8.4 u	: u
A,ED0-2,F,Y15-74,PC,HU11	25.7 b	19.0 	11.9 u	: u	: bu	: u	: u	: bu	: u	: u	: u	: u
A,ED0-2,F,Y15-74,PC,HU12	11.3 bu	: u	: u	: u	: bu	: u	12.8 u	: bu	: u	14.7 u	: u	: u
A,ED0-2,F,Y15-74,PC,HU21	13.8 bu	14.0 u	: u	: u	: bu	: u	: u	: bu	: u	: u	: u	: u
A,ED0-2,F,Y15-74,PC,HU22	12.0 bu	14.7 u	: u	: u	: bu	: u	: u	: bu	: u	: u	: u	: u
A,ED0-2,F,Y15-74,PC,HU23	18.8 b	21.6 	12.3 u	14.5 u	15.9 bu	14.1 u	12.1 u	14.0 bu	12.8 u	16.3 u	14.8 u	17.9 u
A,ED0-2,F,Y15-74,PC,HU31	23.2 b	21.1 	15.8 	14.3 	11.3 bu	8.5 u	7.6 u	12.6 b	15.0 	15.1 	17.1 	15.4 
A,ED0-2,F,Y15-74,PC,HU32	24.8 b	22.7 	16.3 	16.9 	16.2 b	15.7 	15.0 	16.5 b	17.9 	19.5 	23.6 	16.3 
A,ED0-2,F,Y15-74,PC,HU33	13.6 bu	20.7 	14.5 	10.5 u	9.6 bu	10.1 u	10.8 u	13.3 bu	15.0 u	16.1 u	13.1 u	12.0 u
A,ED0-2,F,Y15-74,PC,IE04	16.9 bu	13.7 u	: u	: bu	12.7 u	: u	: u	: bu	: u	: u	: u	: u
A,ED0-2,F,Y15-74,PC,IE05	20.0 b	16.2 	12.0 	11.3 b	10.3 	: u	: u	: bu	: u	: u	: u	: u
A,ED0-2,F,Y15-74,PC,IE06	18.8 b	16.6 	15.4 	12.0 b	12.4 	8.8 u	: u	: bu	12.3 u	: u	: u	13.6 u
A,ED0-2,F,Y15-74,PC,IS00	5.4 b	6.2 	4.7 	4.5 	4.3 	4.3 	7.7 b	9.3 b	6.3 	6.1 	7.5 	: 
A,ED0-2,F,Y15-74,PC,ITC1	16.8 b	14.1 	12.4 	14.0 	12.6 b	14.1 	12.4 	14.3 b	11.5 	12.9 	9.0 	9.5 
A,ED0-2,F,Y15-74,PC,ITC2	: bu	: u	: u	: u	: bu	: u	: u	: bu	: u	: u	: u	: u
A,ED0-2,F,Y15-74,PC,ITC3	18.2 b	16.2 	18.5 	18.6 	17.9 b	20.6 	16.0 	17.3 b	13.8 	15.0 	12.8 	9.5 
A,ED0-2,F,Y15-74,PC,ITC4	11.1 b	11.9 	11.7 	10.8 	10.7 b	10.2 	8.5 	9.8 b	9.6 	7.8 	6.6 	4.5 
A,ED0-2,F,Y15-74,PC,ITF1	14.7 b	13.7 	14.9 	16.7 	15.4 b	13.9 	15.6 	12.9 b	16.6 	10.4 	8.9 	8.5 
A,ED0-2,F,Y15-74,PC,ITF2	: bu	15.0 u	12.4 u	17.2 u	17.4 bu	19.4 	14.7 u	20.3 bu	16.6 u	15.4 u	15.2 u	: u
A,ED0-2,F,Y15-74,PC,ITF3	36.2 b	33.6 	35.0 	36.7 	36.0 b	35.6 	32.6 	35.1 b	33.0 	36.7 	33.4 	33.6 
A,ED0-2,F,Y15-74,PC,ITF4	32.4 b	25.0 	28.4 	29.6 	22.4 b	22.9 	24.1 	23.3 b	19.3 	20.1 	16.5 	19.2 
A,ED0-2,F,Y15-74,PC,ITF5	15.3 b	15.3 	17.6 	18.1 	14.3 b	11.7 u	10.9 u	10.6 bu	10.7 u	12.3 u	13.6 u	: u
A,ED0-2,F,Y15-74,PC,ITF6	32.8 b	27.5 	33.9 	33.7 	30.1 b	27.9 	28.0 	23.0 b	22.1 	25.4 	19.8 	12.7 
A,ED0-2,F,Y15-74,PC,ITG1	35.3 b	31.5 	34.0 	31.2 	36.0 b	34.3 	31.1 	34.1 b	32.1 	28.8 	25.8 	26.7 
A,ED0-2,F,Y15-74,PC,ITG2	22.4 b	21.7 	19.7 	20.5 	19.5 b	19.0 	21.7 	18.7 b	18.1 	11.9 	11.9 	14.1 
A,ED0-2,F,Y15-74,PC,ITH1	7.3 bu	5.3 u	5.2 u	6.9 u	: bu	5.1 u	7.5 u	6.0 bu	: u	: u	: u	: u
A,ED0-2,F,Y15-74,PC,ITH2	11.8 b	10.1 u	10.9 u	8.2 u	8.6 bu	9.4 u	8.1 u	8.9 bu	: u	: u	: u	: u
A,ED0-2,F,Y15-74,PC,ITH3	12.0 b	10.8 	10.1 	11.6 	11.1 b	10.8 	9.1 	9.6 b	8.7 	8.4 	6.5 	8.8 
A,ED0-2,F,Y15-74,PC,ITH4	10.9 b	11.4 	11.7 	8.1 	11.3 b	11.0 	11.9 	9.8 b	9.5 	8.0 	8.7 	7.7 u
A,ED0-2,F,Y15-74,PC,ITH5	12.6 b	12.2 	11.5 	12.0 	12.0 b	9.9 	10.5 	12.8 b	10.4 	9.7 	10.6 	6.7 
A,ED0-2,F,Y15-74,PC,ITI1	16.6 b	12.8 	12.9 	14.2 	12.4 b	10.6 	11.0 	12.3 b	10.0 	7.5 	6.9 	6.1 
A,ED0-2,F,Y15-74,PC,ITI2	14.7 b	16.9 	15.1 	16.0 	14.2 b	15.8 	15.4 	9.1 bu	12.2 	11.6 u	7.2 u	7.2 u
A,ED0-2,F,Y15-74,PC,ITI3	13.6 b	13.7 	13.9 	16.8 	13.0 b	13.1 	9.8 	11.9 b	11.7 	8.4 	7.8 	5.5 u
A,ED0-2,F,Y15-74,PC,ITI4	17.2 b	15.8 	16.3 	16.4 	16.3 b	12.3 	13.2 	16.4 b	14.8 	17.1 	10.8 	8.5 
A,ED0-2,F,Y15-74,PC,LT01	: bu	: u	: u	: u	: u	: u	: u	: bu	: u	: u	: u	: u
A,ED0-2,F,Y15-74,PC,LT02	33.9 b	28.3 	21.9 u	18.0 u	15.5 u	22.4 u	25.1 u	16.8 bu	22.7 u	18.5 u	13.2 u	15.2 u
A,ED0-2,F,Y15-74,PC,LU00	9.7 b	11.4 b	10.0 	9.3 	9.6 	8.6 	12.8 	7.7 b	9.6 	11.0 u	9.3 u	: u
A,ED0-2,F,Y15-74,PC,LV00	27.1 b	26.5 	19.7 	21.7 	18.1 	13.5 	18.3 	18.4 b	14.9 	13.6 	14.1 	14.0 
A,ED0-2,F,Y15-74,PC,ME00	33.5 b	30.3 	23.7 	26.2 	25.6 	33.6 	41.3 	: 	: 	: 	: 	: 
A,ED0-2,F,Y15-74,PC,MK00	31.0 b	27.0 	26.5 	20.7 	18.8 	28.9 	17.3 	17.4 b	17.9 	17.3 	17.2 	12.6 
A,ED0-2,F,Y15-74,PC,MT00	9.6 b	10.9 	10.3 	8.2 	5.7 	6.0 	8.8 	5.5 b	2.8 u	4.7 u	4.1 u	3.8 u
A,ED0-2,F,Y15-74,PC,NL11	12.4 b	12.3 	14.4 	13.1 	9.4 u	9.2 bu	10.4 u	9.9 b	9.9 	7.6 u	8.9 u	8.7 u
A,ED0-2,F,Y15-74,PC,NL12	13.6 b	13.1 	11.3 	12.2 	10.1 	7.9 bu	7.5 u	6.1 bu	8.1 u	6.9 u	6.9 u	7.2 u
A,ED0-2,F,Y15-74,PC,NL13	10.1 b	11.1 	13.5 	12.6 	7.7 u	: bu	7.8 u	: bu	: u	9.5 u	9.4 	: u
A,ED0-2,F,Y15-74,PC,NL21	12.4 b	11.6 	10.6 	9.2 	7.6 	5.8 b	7.2 	6.9 b	5.6 	5.2 	5.9 	5.7 
A,ED0-2,F,Y15-74,PC,NL22	10.0 b	10.4 	9.4 	8.1 	6.8 	6.0 b	6.4 	8.6 b	6.7 	5.8 	5.6 	4.8 
A,ED0-2,F,Y15-74,PC,NL23	18.4 b	13.8 	14.5 	10.7 u	9.7 u	8.0 bu	11.3 u	7.8 bu	7.4 u	12.4 	7.1 u	6.3 u
A,ED0-2,F,Y15-74,PC,NL31	10.5 b	12.9 	8.5 	8.8 	6.6 	: 	: 	: 	: 	: 	: 	: 
A,ED0-2,F,Y15-74,PC,NL32	13.1 b	9.8 	9.9 	8.7 	7.7 	5.6 b	7.3 	10.4 b	7.2 	6.6 	7.0 	7.7 
A,ED0-2,F,Y15-74,PC,NL33	15.7 b	14.0 	12.2 	10.7 	8.3 	: 	: 	: 	: 	: 	: 	: 
A,ED0-2,F,Y15-74,PC,NL34	8.1 bu	6.8 u	7.7 u	: u	: u	: bu	: u	: bu	: u	: u	: u	: u
A,ED0-2,F,Y15-74,PC,NL35	: 	: 	: 	: 	: 	3.8 bu	6.1 	9.5 b	8.0 	5.6 	7.4 	7.1 
A,ED0-2,F,Y15-74,PC,NL36	: 	: 	: 	: 	: 	7.8 b	8.4 	8.5 b	7.9 	7.8 	6.9 	7.8 
A,ED0-2,F,Y15-74,PC,NL41	11.7 b	12.7 	10.2 	8.3 	6.0 	4.9 b	7.1 	6.3 b	5.7 	5.3 	6.5 	5.3 
A,ED0-2,F,Y15-74,PC,NL42	11.8 b	10.1 	10.9 	9.5 	5.3 	3.9 bu	5.2 	6.5 b	6.1 	5.1 	3.9 u	4.9 
A,ED0-2,F,Y15-74,PC,NO01	6.8 b	10.1 	: 	: 	: 	: 	: 	: 	: 	: 	: 	: 
A,ED0-2,F,Y15-74,PC,NO02	4.5 bu	8.7 u	6.5 u	: u	: u	: u	: u	: bu	: u	: u	: u	: u
A,ED0-2,F,Y15-74,PC,NO03	8.7 b	11.4 	: 	: 	: 	: 	: 	: 	: 	: 	: 	: 
A,ED0-2,F,Y15-74,PC,NO04	4.3 bu	7.4 	: 	: 	: 	: 	: 	: 	: 	: 	: 	: 
A,ED0-2,F,Y15-74,PC,NO05	5.1 b	8.4 	: 	: 	: 	: 	: 	: 	: 	: 	: 	: 
A,ED0-2,F,Y15-74,PC,NO06	8.5 bu	5.5 u	7.4 u	: u	: u	: u	: u	: bu	: u	: u	: u	: u
A,ED0-2,F,Y15-74,PC,NO07	7.5 b	4.9 u	6.0 u	: u	: u	: u	: u	: bu	: u	: u	: u	: u
A,ED0-2,F,Y15-74,PC,NO08	: 	: 	10.2 	10.5 u	9.3 u	8.8 u	11.2 u	14.0 b	9.1 u	10.5 u	13.9 u	12.6 u
A,ED0-2,F,Y15-74,PC,NO09	: 	: 	11.1 	: u	: u	: u	: u	: bu	: u	: u	: u	: u
A,ED0-2,F,Y15-74,PC,NO0A	: 	: 	8.0 	: u	: u	: u	10.1 u	9.1 bu	: u	: u	: u	13.1 u
A,ED0-2,F,Y15-74,PC,PL21	: bu	: u	: bu	: u	: u	: bu	: u	: bu	: u	: u	: u	: u
A,ED0-2,F,Y15-74,PC,PL22	29.8 bu	21.1 u	16.2 bu	: u	: u	: bu	: u	: bu	: u	: u	: u	: u
A,ED0-2,F,Y15-74,PC,PL41	: bu	: u	: bu	: u	: u	: bu	: u	: bu	: u	: u	: u	: u
A,ED0-2,F,Y15-74,PC,PL42	: bu	: u	: bu	: u	: u	: bu	: u	: bu	: u	: u	: u	: u
A,ED0-2,F,Y15-74,PC,PL43	: bu	: u	: bu	: u	: u	: bu	: u	: bu	: u	: u	: u	: u
A,ED0-2,F,Y15-74,PC,PL51	29.4 bu	25.5 u	: bu	: u	: u	: bu	: u	: bu	: u	: u	: u	: u
A,ED0-2,F,Y15-74,PC,PL52	: bu	: u	: bu	: u	: u	: bu	: u	: bu	: u	: u	: u	: u
A,ED0-2,F,Y15-74,PC,PL61	26.4 bu	: u	: bu	: u	: u	: bu	: u	: bu	: u	: u	: u	: u
A,ED0-2,F,Y15-74,PC,PL62	: bu	: u	: bu	: u	: u	: bu	: u	: bu	: u	: u	: u	: u
A,ED0-2,F,Y15-74,PC,PL63	20.2 bu	: u	: bu	: u	: u	: bu	: u	: bu	: u	: u	: u	: u
A,ED0-2,F,Y15-74,PC,PL71	18.4 bu	22.7 u	: bu	: u	: u	: bu	: u	: bu	: u	: u	: u	: u
A,ED0-2,F,Y15-74,PC,PL72	: bu	: u	: bu	: u	: u	: bu	: u	: bu	: u	: u	: u	: u
A,ED0-2,F,Y15-74,PC,PL81	: bu	: u	: bu	: u	: u	: bu	: u	: bu	: u	: u	: u	: u
A,ED0-2,F,Y15-74,PC,PL82	: bu	: u	: bu	: u	: u	: bu	: u	: bu	: u	: u	: u	: u
A,ED0-2,F,Y15-74,PC,PL84	: bu	: u	: bu	: u	: u	: bu	: u	: bu	: u	: u	: u	: u
A,ED0-2,F,Y15-74,PC,PL91	: bu	: u	: bu	: u	: u	: bu	: u	: bu	: u	: u	: u	: u
A,ED0-2,F,Y15-74,PC,PL92	17.8 bu	: u	: bu	: u	: u	: bu	: u	: bu	: u	: u	: u	: u
A,ED0-2,F,Y15-74,PC,PT11	16.5 b	14.4 	13.4 	11.4 	7.9 	8.1 	7.5 	7.6 b	8.1 	9.1 	9.1 	8.2 
A,ED0-2,F,Y15-74,PC,PT15	15.3 b	13.4 	: u	: u	: u	: u	: u	11.4 bu	9.5 u	9.3 u	: u	: u
A,ED0-2,F,Y15-74,PC,PT16	9.4 b	8.4 	7.6 	7.9 	7.0 	: 	: 	: 	: 	: 	: 	: 
A,ED0-2,F,Y15-74,PC,PT17	18.3 b	17.0 	14.1 	14.4 	10.3 	: 	: 	: 	: 	: 	: 	: 
A,ED0-2,F,Y15-74,PC,PT18	15.7 b	13.9 	12.0 	11.3 	9.1 	: 	: 	: 	: 	: 	: 	: 
A,ED0-2,F,Y15-74,PC,PT19	: 	: 	: 	: 	: 	4.6 	4.8 	5.3 bu	4.0 u	5.3 u	7.5 	5.5 u
A,ED0-2,F,Y15-74,PC,PT1A	: 	: 	: 	: 	: 	9.4 	8.9 	6.7 bu	10.5 	11.1 	9.1 	9.6 
A,ED0-2,F,Y15-74,PC,PT1B	: 	: 	: 	: 	: 	10.7 	10.8 	13.4 bu	15.5 u	11.7 u	11.7 u	11.2 u
A,ED0-2,F,Y15-74,PC,PT1C	: 	: 	: 	: 	: 	: u	: u	: bu	: u	: u	: u	: u
A,ED0-2,F,Y15-74,PC,PT1D	: 	: 	: 	: 	: 	: u	: u	7.3 bu	6.8 u	7.8 u	7.7 u	6.4 u
A,ED0-2,F,Y15-74,PC,PT20	19.9 b	: u	: u	: u	: u	: u	: u	: bu	: u	: u	: u	: u
A,ED0-2,F,Y15-74,PC,PT30	15.6 b	14.5 	: u	: u	: u	: u	: u	: bu	: u	: u	: u	: u
A,ED0-2,F,Y15-74,PC,RO11	: bu	: u	8.3 u	6.6 u	: u	: u	: u	: bu	: u	: u	12.6 u	20.0 
A,ED0-2,F,Y15-74,PC,RO12	12.9 bu	19.6 u	: u	: u	: u	19.2 u	24.0 u	: bu	26.5 u	: u	: u	: u
A,ED0-2,F,Y15-74,PC,RO21	: bu	: u	: u	: u	: u	: u	: u	12.6 b	10.7 u	10.4 u	11.9 u	17.9 
A,ED0-2,F,Y15-74,PC,RO22	8.4 bu	8.3 u	: u	: u	: u	: u	9.3 u	: bu	14.7 u	14.5 u	16.1 u	22.6 
A,ED0-2,F,Y15-74,PC,RO31	6.1 b	9.0 	10.1 	7.3 u	6.1 u	6.9 u	10.0 u	19.8 bu	24.5 	23.8 	19.2 	24.3 
A,ED0-2,F,Y15-74,PC,RO32	14.9 bu	: u	: u	: u	: u	: u	: u	: bu	: u	: u	: u	: u
A,ED0-2,F,Y15-74,PC,RO41	: bu	: u	: u	: u	: u	: u	: u	: bu	: u	16.9 u	: u	: u
A,ED0-2,F,Y15-74,PC,RO42	: bu	: u	: u	: u	: u	: u	: u	: bu	: u	: u	: u	: u
A,ED0-2,F,Y15-74,PC,RS11	23.2 b	24.4 	22.0 	14.6 u	15.4 u	16.0 u	10.5 u	15.0 bu	11.3 u	15.3 u	11.9 u	11.9 u
A,ED0-2,F,Y15-74,PC,RS12	25.3 b	20.0 	16.0 	14.4 	14.9 	16.1 	10.8 	18.5 b	16.1 	12.7 	13.6 	15.3 
A,ED0-2,F,Y15-74,PC,RS21	13.7 b	10.2 	7.9 	9.5 	9.5 	6.8 	5.7 	11.5 b	10.4 	8.5 	5.7 u	10.7 
A,ED0-2,F,Y15-74,PC,RS22	19.3 b	12.4 	9.6 	10.6 	13.3 	10.4 	10.4 	19.6 b	14.5 	17.0 	23.0 	18.6 
A,ED0-2,F,Y15-74,PC,SE11	23.7 b	23.0 	20.2 	19.8 	18.4 b	21.1 	24.5 	37.1 b	28.1 	25.8 	25.1 	28.2 
A,ED0-2,F,Y15-74,PC,SE12	22.6 b	23.5 	23.3 	23.7 	24.2 b	28.1 	32.8 	35.7 b	35.4 	33.4 	32.1 	34.0 
A,ED0-2,F,Y15-74,PC,SE21	14.9 b	17.4 	20.4 	19.4 	25.4 b	30.6 	31.5 	29.6 b	31.2 	31.3 	28.9 	32.2 
A,ED0-2,F,Y15-74,PC,SE22	25.9 b	28.1 	21.5 	22.4 	23.3 b	28.5 	34.0 	36.1 b	35.2 	35.9 	42.1 	31.9 
A,ED0-2,F,Y15-74,PC,SE23	18.9 b	18.1 	17.7 	18.1 	17.7 b	26.6 	28.5 	34.8 b	25.5 	24.0 	26.3 	26.8 
A,ED0-2,F,Y15-74,PC,SE31	20.3 b	18.7 	18.9 	21.5 	21.3 b	20.9 	21.7 	30.8 b	27.0 	29.0 	35.5 	32.7 
A,ED0-2,F,Y15-74,PC,SE32	17.6 b	23.0 	21.4 	19.1 	22.1 bu	: u	28.6 u	: bu	: u	35.3 u	: u	: u
A,ED0-2,F,Y15-74,PC,SE33	17.6 b	19.1 	13.3 u	11.1 u	21.0 bu	: u	: u	: bu	26.1 u	: u	: u	31.8 u
A,ED0-2,F,Y15-74,PC,SI03	16.1 b	15.2 	17.8 	10.9 u	11.3 u	10.2 u	11.0 u	12.4 bu	11.8 u	11.1 bu	9.9 u	10.6 u
A,ED0-2,F,Y15-74,PC,SI04	13.0 bu	11.1 u	11.8 u	8.8 u	6.4 u	5.4 u	8.2 u	: bu	: u	6.5 bu	7.3 u	7.7 u
A,ED0-2,F,Y15-74,PC,SK01	: bu	: u	: u	: u	: u	: u	: u	: bu	: u	: u	: u	: u
A,ED0-2,F,Y15-74,PC,SK02	27.1 b	27.9 	25.4 	17.7 	13.2 u	: u	14.1 u	: bu	: u	: u	: u	: u
A,ED0-2,F,Y15-74,PC,SK03	40.0 b	37.9 	31.8 	22.2 	27.0 	26.7 	23.3 u	: bu	: u	: u	: u	: u
A,ED0-2,F,Y15-74,PC,SK04	49.0 b	44.8 	40.4 	44.4 	48.7 	47.8 	53.5 	73.1 b	69.2 	61.5 	63.5 	64.0 
A,ED0-2,F,Y15-74,PC,TR10	15.4 b	16.6 	15.7 	17.3 	15.0 	17.8 	14.2 	14.6 b	11.7 	10.7 	9.3 	9.5 
A,ED0-2,F,Y15-74,PC,TR21	6.8 b	8.0 	8.9 	10.2 	10.9 	13.6 	9.9 	10.6 b	10.0 	9.0 	7.5 	8.4 
A,ED0-2,F,Y15-74,PC,TR22	3.7 b	3.5 	5.1 	5.8 	4.4 	5.9 	6.1 	6.6 b	5.8 	4.7 	4.8 	4.9 
A,ED0-2,F,Y15-74,PC,TR31	18.2 b	20.3 	17.3 	16.6 	17.6 	20.0 	21.1 	21.2 b	16.9 	12.1 	13.6 	13.8 
A,ED0-2,F,Y15-74,PC,TR32	4.8 b	4.5 	5.8 	4.7 	5.5 	7.6 	7.4 	8.9 b	6.2 	6.8 	7.9 	5.8 
A,ED0-2,F,Y15-74,PC,TR33	2.3 b	2.6 	4.4 	3.8 	5.3 	7.3 	5.1 	4.3 b	4.6 	4.3 	4.8 	6.1 
A,ED0-2,F,Y15-74,PC,TR41	6.2 b	7.5 	9.8 	9.8 	10.7 	12.1 	7.6 	8.3 b	8.4 	9.4 	9.5 	8.6 
A,ED0-2,F,Y15-74,PC,TR42	10.2 b	11.2 	12.4 	12.0 	9.6 	15.1 	13.2 	11.3 b	12.5 	10.6 	8.4 	8.6 
A,ED0-2,F,Y15-74,PC,TR51	18.9 b	19.1 	17.3 	13.0 	12.4 	20.6 	23.0 	17.6 b	15.2 	14.0 	11.5 	9.4 
A,ED0-2,F,Y15-74,PC,TR52	4.0 b	5.8 	5.6 	3.2 	3.8 	5.1 	5.2 	5.9 b	5.1 	4.2 	6.6 	6.2 
A,ED0-2,F,Y15-74,PC,TR61	8.8 b	9.7 	12.6 	10.7 	12.7 	14.1 	11.7 	10.4 b	8.6 	6.7 	3.6 	4.8 
A,ED0-2,F,Y15-74,PC,TR62	7.9 b	8.3 	7.6 	9.5 	8.8 	9.6 	10.9 	12.6 b	12.4 	11.3 	10.2 	9.0 
A,ED0-2,F,Y15-74,PC,TR63	14.7 b	16.5 	16.3 	8.7 	14.2 	16.5 	12.5 	16.7 b	14.0 	15.3 	10.8 	9.4 
A,ED0-2,F,Y15-74,PC,TR71	3.7 b	9.1 	15.4 	12.4 	11.3 	11.4 	10.3 	9.5 b	5.9 	6.5 	5.8 	7.9 
A,ED0-2,F,Y15-74,PC,TR72	8.7 b	6.5 	6.3 	9.9 	10.8 	12.0 	11.6 	9.4 b	9.0 	7.5 	6.3 	5.9 
A,ED0-2,F,Y15-74,PC,TR81	3.2 b	4.3 	5.4 	4.1 	7.0 	6.0 	7.8 	8.0 b	12.3 	10.4 	8.5 	8.5 
A,ED0-2,F,Y15-74,PC,TR82	6.5 b	5.5 	3.9 	3.1 	4.2 	6.4 	5.1 	3.9 b	5.1 	4.2 	4.1 u	3.7 u
A,ED0-2,F,Y15-74,PC,TR83	3.4 b	4.0 	5.4 	4.9 	3.7 	4.1 	3.8 	4.1 b	5.2 	6.5 	4.2 	5.0 
A,ED0-2,F,Y15-74,PC,TR90	2.6 b	1.5 	1.6 	1.5 	4.1 	5.6 	4.9 	4.4 b	4.5 	5.1 	5.7 	4.7 
A,ED0-2,F,Y15-74,PC,TRA1	3.3 b	0.7 u	0.7 u	1.9 u	3.2 u	3.5 u	4.0 	3.8 bu	3.2 u	2.5 u	2.2 u	3.9 u
A,ED0-2,F,Y15-74,PC,TRA2	0.5 bu	1.5 u	3.4 	1.8 u	1.4 u	3.1 	3.2 u	3.8 b	2.7 u	4.8 	4.8 u	3.6 u
A,ED0-2,F,Y15-74,PC,TRB1	5.2 b	5.4 	7.2 	5.6 	5.1 	7.2 	7.5 	7.3 b	6.0 	5.8 	4.0 u	7.0 
A,ED0-2,F,Y15-74,PC,TRB2	3.7 b	2.1 	2.7 	6.6 	13.0 	18.1 	16.2 	14.5 b	16.8 	15.4 	12.6 	8.8 
A,ED0-2,F,Y15-74,PC,TRC1	3.8 b	7.6 	14.5 	12.2 	6.3 	11.2 	7.9 	6.6 b	7.1 	9.6 	12.7 	9.6 
A,ED0-2,F,Y15-74,PC,TRC2	5.9 b	6.6 	7.8 	4.7 	9.3 	11.5 	9.1 	6.6 b	1.8 	5.0 	5.8 	6.6 
A,ED0-2,F,Y15-74,PC,TRC3	18.6 b	20.0 	29.3 	32.1 	28.2 	38.0 	31.7 	24.4 b	14.3 	7.2 	6.2 	9.6 
A,ED0-2,F,Y15-74,PC,UKC1	17.1 bu	14.7 u	13.7 u	7.5 u	: u	10.0 u	: 	: 	: 	: 	: 	: 
A,ED0-2,F,Y15-74,PC,UKC2	15.9 bu	10.3 u	9.3 u	: u	: u	: u	: 	: 	: 	: 	: 	: 
A,ED0-2,F,Y15-74,PC,UKD1	: bu	: u	: u	: u	: u	: u	: 	: 	: 	: 	: 	: 
A,ED0-2,F,Y15-74,PC,UKD3	13.0 b	11.4 	10.0 	5.7 u	4.7 u	9.6 u	: 	: 	: 	: 	: 	: 
A,ED0-2,F,Y15-74,PC,UKD4	11.7 bu	9.6 u	: u	7.2 u	: u	: u	: 	: 	: 	: 	: 	: 
A,ED0-2,F,Y15-74,PC,UKD6	: bu	: u	: u	: u	: u	: u	: 	: 	: 	: 	: 	: 
A,ED0-2,F,Y15-74,PC,UKD7	8.3 bu	: u	6.8 u	7.5 u	: u	: u	: 	: 	: 	: 	: 	: 
A,ED0-2,F,Y15-74,PC,UKE1	: bu	13.0 u	: u	: u	11.4 u	: u	: 	: 	: 	: 	: 	: 
A,ED0-2,F,Y15-74,PC,UKE2	: bu	: u	: u	: u	: u	: u	: 	: 	: 	: 	: 	: 
A,ED0-2,F,Y15-74,PC,UKE3	20.2 b	13.6 u	11.6 u	13.4 u	13.5 u	: u	: 	: 	: 	: 	: 	: 
A,ED0-2,F,Y15-74,PC,UKE4	11.9 b	10.9 	7.9 u	8.9 u	7.8 u	8.6 u	: 	: 	: 	: 	: 	: 
A,ED0-2,F,Y15-74,PC,UKF1	7.7 bu	7.9 u	8.4 u	7.9 u	8.1 u	8.4 u	: 	: 	: 	: 	: 	: 
A,ED0-2,F,Y15-74,PC,UKF2	11.3 bu	8.9 u	7.5 u	7.7 u	7.8 u	6.8 u	: 	: 	: 	: 	: 	: 
A,ED0-2,F,Y15-74,PC,UKF3	: bu	: u	: u	: u	: u	: u	: 	: 	: 	: 	: 	: 
A,ED0-2,F,Y15-74,PC,UKG1	: bu	: u	: u	: u	: u	: u	: 	: 	: 	: 	: 	: 
A,ED0-2,F,Y15-74,PC,UKG2	9.7 bu	8.3 u	6.9 u	10.3 u	: u	: u	: 	: 	: 	: 	: 	: 
A,ED0-2,F,Y15-74,PC,UKG3	17.7 b	13.9 	12.1 	9.2 	7.0 u	10.0 	: 	: 	: 	: 	: 	: 
A,ED0-2,F,Y15-74,PC,UKH1	7.8 bu	8.2 u	5.2 u	6.0 u	5.3 u	4.8 u	: 	: 	: 	: 	: 	: 
A,ED0-2,F,Y15-74,PC,UKH2	: bu	: u	6.6 u	: u	: u	: u	: 	: 	: 	: 	: 	: 
A,ED0-2,F,Y15-74,PC,UKH3	10.2 bu	7.5 u	7.0 u	: u	: u	5.9 u	: 	: 	: 	: 	: 	: 
A,ED0-2,F,Y15-74,PC,UKI3	: bu	: u	: u	19.9 u	: u	: u	: 	: 	: 	: 	: 	: 
A,ED0-2,F,Y15-74,PC,UKI4	15.8 bu	15.2 u	20.5 	11.0 u	14.8 u	: u	: 	: 	: 	: 	: 	: 
A,ED0-2,F,Y15-74,PC,UKI5	13.2 bu	11.2 u	: u	: u	7.1 u	: u	: 	: 	: 	: 	: 	: 
A,ED0-2,F,Y15-74,PC,UKI6	15.1 bu	: u	: u	: u	: u	11.8 u	: 	: 	: 	: 	: 	: 
A,ED0-2,F,Y15-74,PC,UKI7	11.2 bu	10.2 u	: u	9.8 u	9.0 u	: u	: 	: 	: 	: 	: 	: 
A,ED0-2,F,Y15-74,PC,UKJ1	8.1 bu	5.7 u	: u	7.9 u	: u	6.2 u	: 	: 	: 	: 	: 	: 
A,ED0-2,F,Y15-74,PC,UKJ2	9.6 bu	: u	5.2 u	6.9 u	7.3 u	: u	: 	: 	: 	: 	: 	: 
A,ED0-2,F,Y15-74,PC,UKJ3	7.2 bu	5.6 u	7.7 u	: u	: u	6.5 u	: 	: 	: 	: 	: 	: 
A,ED0-2,F,Y15-74,PC,UKJ4	10.6 bu	8.5 u	8.2 u	7.5 u	7.8 u	: u	: 	: 	: 	: 	: 	: 
A,ED0-2,F,Y15-74,PC,UKK1	8.5 bu	8.2 u	: u	8.2 u	: u	: u	: 	: 	: 	: 	: 	: 
A,ED0-2,F,Y15-74,PC,UKK2	: bu	: u	: u	: u	: u	: u	: 	: 	: 	: 	: 	: 
A,ED0-2,F,Y15-74,PC,UKK3	: bu	: u	: u	: u	: u	: u	: 	: 	: 	: 	: 	: 
A,ED0-2,F,Y15-74,PC,UKK4	: bu	10.2 u	: u	: u	: u	: u	: 	: 	: 	: 	: 	: 
A,ED0-2,F,Y15-74,PC,UKL1	12.2 bu	8.5 u	8.8 u	7.3 u	9.4 u	6.3 u	: 	: 	: 	: 	: 	: 
A,ED0-2,F,Y15-74,PC,UKL2	: bu	: u	: u	: u	: u	: u	: 	: 	: 	: 	: 	: 
A,ED0-2,F,Y15-74,PC,UKM5	: bu	: u	: u	: u	: u	: u	: 	: 	: 	: 	: 	: 
A,ED0-2,F,Y15-74,PC,UKM6	: bu	: u	: u	: u	: u	: u	: 	: 	: 	: 	: 	: 
A,ED0-2,F,Y15-74,PC,UKM7	10.2 bu	14.6 u	6.3 u	: u	: u	5.8 u	: 	: 	: 	: 	: 	: 
A,ED0-2,F,Y15-74,PC,UKM8	11.9 bu	9.4 u	: u	: u	6.1 u	6.9 u	: 	: 	: 	: 	: 	: 
A,ED0-2,F,Y15-74,PC,UKM9	: bu	10.5 u	10.8 u	: u	: u	: u	: 	: 	: 	: 	: 	: 
A,ED0-2,F,Y15-74,PC,UKN0	5.7 bu	8.4 u	7.4 u	8.2 u	: u	: u	: 	: 	: 	: 	: 	: 
A,ED0-2,M,Y15-74,PC,AT11	: bu	: u	: u	: u	: u	: u	: u	: bu	: u	: u	: u	: u
A,ED0-2,M,Y15-74,PC,AT12	12.4 b	10.9 u	15.1 	15.1 	10.3 u	9.8 u	13.3 	16.6 b	13.4 	13.9 	11.6 	13.5 
A,ED0-2,M,Y15-74,PC,AT13	21.7 b	22.2 	25.1 	25.2 	25.5 	23.8 	21.3 	23.9 b	18.5 	20.5 	20.6 	18.8 
A,ED0-2,M,Y15-74,PC,AT21	: bu	: u	: u	: u	: u	: u	: u	: bu	: u	: u	: u	: u
A,ED0-2,M,Y15-74,PC,AT22	14.4 bu	11.3 u	12.0 u	12.1 u	11.9 u	10.8 u	15.0 u	12.1 bu	12.3 u	12.9 u	12.7 u	15.4 u
A,ED0-2,M,Y15-74,PC,AT31	10.2 bu	10.5 	11.9 	13.1 	8.8 u	8.1 u	11.6 	9.8 bu	6.7 u	8.8 u	9.4 	10.1 
A,ED0-2,M,Y15-74,PC,AT32	: bu	: u	: u	: u	: u	: u	: u	: bu	: u	: u	: u	: u
A,ED0-2,M,Y15-74,PC,AT33	: bu	: u	10.3 u	: u	: u	: u	: u	: bu	: u	: u	: u	: u
A,ED0-2,M,Y15-74,PC,AT34	: bu	: u	: u	: u	: u	: u	: u	: bu	: u	: u	: u	: u
A,ED0-2,M,Y15-74,PC,BE10	31.9 b	29.9 	30.3 	26.9 b	26.5 	23.0 	24.3 	27.8 b	26.2 	22.0 	27.1 	30.0 
A,ED0-2,M,Y15-74,PC,BE21	10.2 b	13.4 	12.1 	10.4 b	8.8 	6.5 	6.6 	9.3 b	9.3 	7.9 	10.6 	10.6 
A,ED0-2,M,Y15-74,PC,BE22	8.7 bu	12.7 	8.0 u	6.6 bu	8.7 u	6.1 u	: u	: bu	: u	: u	: u	: u
A,ED0-2,M,Y15-74,PC,BE23	9.1 b	9.1 	7.5 	6.7 bu	6.0 u	6.5 u	5.7 u	7.4 bu	4.9 u	5.1 u	10.9 	13.7 
A,ED0-2,M,Y15-74,PC,BE24	11.2 bu	9.1 u	10.5 u	10.7 bu	: u	6.6 u	: u	: bu	10.5 u	15.7 u	10.4 u	19.6 u
A,ED0-2,M,Y15-74,PC,BE25	8.1 bu	10.2 	7.9 u	6.5 bu	4.6 u	: u	4.5 u	8.6 bu	: u	5.7 u	6.7 u	6.8 u
A,ED0-2,M,Y15-74,PC,BE31	20.0 bu	: u	: u	: bu	: u	20.1 u	: u	: bu	: u	: u	: u	: u
A,ED0-2,M,Y15-74,PC,BE32	26.2 b	24.8 	23.7 	22.6 b	21.4 	19.2 	17.7 	20.0 b	17.9 	20.3 	19.5 	22.1 
A,ED0-2,M,Y15-74,PC,BE33	20.7 b	22.2 	19.2 	19.9 b	17.0 	16.5 	16.5 	18.0 b	13.3 	20.3 	15.4 	14.4 
A,ED0-2,M,Y15-74,PC,BE34	: bu	16.4 u	: u	: bu	: u	: u	: u	: bu	: u	: u	: u	: u
A,ED0-2,M,Y15-74,PC,BE35	14.7 bu	20.8 u	18.1 u	17.9 bu	14.3 u	18.1 u	16.6 u	20.7 bu	17.8 u	13.5 u	15.4 u	23.1 u
A,ED0-2,M,Y15-74,PC,BG31	40.0 b	35.1 u	28.0 u	28.1 	35.1 	36.8 b	40.8 	35.5 bu	20.8 u	21.9 u	28.4 bu	18.4 u
A,ED0-2,M,Y15-74,PC,BG32	33.9 b	30.0 	27.6 	19.2 u	19.2 u	16.7 bu	19.4 u	25.6 bu	20.4 u	: u	: bu	13.9 u
A,ED0-2,M,Y15-74,PC,BG33	28.7 b	24.4 	23.6 	19.1 	17.0 	12.3 bu	11.4 u	12.4 bu	12.8 u	10.0 u	: bu	11.3 u
A,ED0-2,M,Y15-74,PC,BG34	22.5 b	22.6 	19.8 	18.1 	13.0 	9.0 bu	: u	12.2 bu	10.9 u	10.5 u	14.1 bu	11.6 u
A,ED0-2,M,Y15-74,PC,BG41	26.8 b	22.8 	16.8 u	9.4 u	11.1 u	8.1 bu	11.1 u	11.2 bu	11.9 u	12.4 u	: bu	: u
A,ED0-2,M,Y15-74,PC,BG42	26.8 b	20.2 	18.5 	11.2 	7.6 u	5.2 bu	: u	8.3 bu	: u	: u	: bu	8.0 u
A,ED0-2,M,Y15-74,PC,CH01	11.2 b	14.1 	14.0 	11.4 	11.0 	11.3 	11.8 	11.6 b	11.5 	9.3 	11.1 	11.3 
A,ED0-2,M,Y15-74,PC,CH02	8.6 b	7.6 	8.5 	7.6 	7.1 	7.4 	7.3 	8.2 b	7.2 	6.8 	9.2 	8.5 
A,ED0-2,M,Y15-74,PC,CH03	14.0 b	10.2 u	12.2 	11.0 	7.2 u	6.3 u	5.7 u	8.7 bu	7.7 u	9.7 	8.8 u	7.5 u
A,ED0-2,M,Y15-74,PC,CH04	7.0 bu	6.7 u	7.6 u	7.9 u	9.9 	8.5 u	6.7 u	10.4 b	7.8 u	6.6 u	7.1 u	7.2 u
A,ED0-2,M,Y15-74,PC,CH05	4.8 bu	7.4 u	6.8 u	6.9 u	4.8 u	8.4 u	7.2 u	7.0 bu	3.7 u	7.1 u	5.3 u	5.8 u
A,ED0-2,M,Y15-74,PC,CH06	4.4 bu	4.5 u	4.7 u	: u	4.9 u	4.8 u	3.8 u	6.5 bu	6.8 u	4.2 u	3.7 u	4.0 u
A,ED0-2,M,Y15-74,PC,CH07	9.1 bu	8.9 u	10.3 u	7.5 u	14.2 u	14.9 u	11.8 u	13.2 bu	8.7 u	9.7 u	11.8 u	9.8 u
A,ED0-2,M,Y15-74,PC,CY00	24.4 b	21.7 	17.7 	15.6 	9.6 	8.4 	7.4 	8.0 b	7.6 	7.0 	6.0 	5.7 
A,ED0-2,M,Y15-74,PC,CZ01	8.9 bu	16.0 u	13.1 u	: u	: u	5.0 u	6.0 u	10.9 bu	: u	14.5 u	: u	: u
A,ED0-2,M,Y15-74,PC,CZ02	21.3 bu	15.6 u	15.6 u	11.7 u	7.8 u	7.8 u	5.0 u	9.7 bu	4.5 u	7.0 u	7.9 u	: u
A,ED0-2,M,Y15-74,PC,CZ03	15.5 bu	14.5 u	16.2 u	6.4 u	7.6 u	10.9 u	6.6 u	10.0 bu	7.7 u	6.8 u	8.7 u	: u
A,ED0-2,M,Y15-74,PC,CZ04	26.5 b	23.8 	23.4 	15.3 	13.6 	8.2 u	10.1 	13.3 b	10.6 u	16.4 	17.4 	19.9 
A,ED0-2,M,Y15-74,PC,CZ05	20.7 b	22.7 	21.9 	9.9 u	7.6 u	8.3 u	13.5 u	12.4 bu	10.1 u	9.7 u	13.5 u	15.0 u
A,ED0-2,M,Y15-74,PC,CZ06	27.1 b	18.5 u	12.3 u	8.0 u	12.1 u	11.4 u	10.1 u	4.4 bu	7.1 u	12.6 u	8.5 u	: u
A,ED0-2,M,Y15-74,PC,CZ07	26.0 bu	25.1 u	16.1 u	14.4 u	10.1 u	12.0 u	13.1 u	15.0 bu	20.5 u	16.7 u	9.6 u	: u
A,ED0-2,M,Y15-74,PC,CZ08	32.7 b	38.5 	32.1 	18.6 u	14.2 u	14.3 u	17.8 	16.3 bu	17.4 	16.4 u	15.6 u	21.8 u
A,ED0-2,M,Y15-74,PC,DE11	7.7 b	8.3 	9.1 	7.1 	7.6 	6.1 	: bu	7.4 bu	: u	6.4 u	7.8 u	7.9 u
A,ED0-2,M,Y15-74,PC,DE12	8.4 b	8.1 	7.3 	7.3 	7.7 	5.5 	: bu	: bu	: u	: u	: u	: u
A,ED0-2,M,Y15-74,PC,DE13	7.3 b	7.8 	7.8 	7.7 	8.4 	: u	: bu	: bu	: u	: u	: u	: u
A,ED0-2,M,Y15-74,PC,DE14	8.0 b	8.4 	7.0 	7.1 	: u	: u	: bu	: bu	: u	: u	: u	: u
A,ED0-2,M,Y15-74,PC,DE21	6.7 b	6.2 	5.7 	6.1 	7.1 	4.6 	: bu	8.0 bu	: u	: u	: u	: u
A,ED0-2,M,Y15-74,PC,DE22	: bu	: u	: u	: u	: u	: u	: bu	: bu	: u	: u	: u	: u
A,ED0-2,M,Y15-74,PC,DE23	: bu	: u	: u	: u	: u	: u	: bu	: bu	: u	: u	: u	: u
A,ED0-2,M,Y15-74,PC,DE24	: bu	: u	: u	: u	: u	: u	: bu	: bu	: u	: u	: u	: u
A,ED0-2,M,Y15-74,PC,DE25	: bu	: u	: u	: u	: u	: u	: bu	: bu	: u	: u	: u	: u
A,ED0-2,M,Y15-74,PC,DE26	: bu	: u	: u	: u	: u	: u	: bu	: bu	: u	: u	: u	: u
A,ED0-2,M,Y15-74,PC,DE27	: bu	: u	: u	: u	: u	: u	: bu	: bu	: u	: u	: u	: u
A,ED0-2,M,Y15-74,PC,DE30	27.1 b	27.5 	21.6 	20.4 	18.5 	16.9 	: bu	11.7 bu	14.6 u	11.5 u	11.3 u	12.0 u
A,ED0-2,M,Y15-74,PC,DE40	15.3 b	14.2 	15.4 	14.5 	14.9 	11.9 	: bu	: bu	: u	: u	: u	15.1 u
A,ED0-2,M,Y15-74,PC,DE50	: bu	: u	: u	: u	: u	: u	: bu	: bu	: u	: u	: u	: u
A,ED0-2,M,Y15-74,PC,DE60	11.9 b	10.9 	12.2 	13.6 	11.2 	12.6 	: bu	: bu	: u	: u	: u	: u
A,ED0-2,M,Y15-74,PC,DE71	11.8 b	10.5 	11.1 	11.4 	9.6 	7.7 	: bu	8.0 bu	9.0 u	6.9 u	6.8 u	8.1 u
A,ED0-2,M,Y15-74,PC,DE72	14.0 b	: u	: u	: u	: u	: u	: bu	: bu	: u	: u	: u	: u
A,ED0-2,M,Y15-74,PC,DE73	13.8 b	: u	: u	: u	: u	: u	: bu	: bu	: u	: u	: u	: u
A,ED0-2,M,Y15-74,PC,DE80	21.4 b	20.0 	14.2 	15.5 	15.9 	: u	: bu	: bu	: u	: u	: u	: u
A,ED0-2,M,Y15-74,PC,DE91	17.3 b	14.7 	15.8 	15.8 	14.8 	9.7 	: bu	: bu	: u	: u	: u	: u
A,ED0-2,M,Y15-74,PC,DE92	13.8 b	11.6 	14.2 	12.3 	12.6 	13.1 	: bu	: bu	: u	: u	: u	: u
A,ED0-2,M,Y15-74,PC,DE93	12.4 b	10.5 	9.2 	10.1 	: u	9.8 	: bu	: bu	: u	: u	: u	: u
A,ED0-2,M,Y15-74,PC,DE94	12.6 b	9.7 	8.3 	8.2 	7.1 	7.4 	: bu	: bu	: u	: u	: u	: u
A,ED0-2,M,Y15-74,PC,DEA1	15.8 b	15.8 	13.4 	13.2 	12.7 	10.7 	14.0 bu	9.7 b	10.3 	8.8 	7.8 u	10.3 
A,ED0-2,M,Y15-74,PC,DEA2	16.0 b	13.9 	10.0 	10.0 	11.3 	9.9 	: bu	10.8 bu	7.3 u	6.5 u	7.5 u	8.2 u
A,ED0-2,M,Y15-74,PC,DEA3	14.7 b	13.9 	13.8 	11.1 	12.0 	10.0 	: bu	9.4 bu	10.0 u	: u	: u	: u
A,ED0-2,M,Y15-74,PC,DEA4	11.4 b	13.5 	12.7 	11.2 	9.0 	7.7 	: bu	: bu	: u	: u	: u	: u
A,ED0-2,M,Y15-74,PC,DEA5	15.0 b	14.0 	12.6 	13.9 	11.8 	11.9 	: bu	8.6 bu	9.0 u	7.7 u	9.6 u	12.6 u
A,ED0-2,M,Y15-74,PC,DEB1	10.7 b	9.3 	: u	7.8 	7.5 	: u	: bu	: bu	: u	: u	: u	: u
A,ED0-2,M,Y15-74,PC,DEB2	: bu	: u	: u	: u	: u	: u	: bu	: bu	: u	: u	: u	: u
A,ED0-2,M,Y15-74,PC,DEB3	11.7 b	14.4 	11.5 	8.8 	11.7 	8.9 	: bu	: bu	: u	9.2 u	: u	: u
A,ED0-2,M,Y15-74,PC,DEC0	16.7 b	17.3 	: u	14.6 	: u	: u	: bu	: bu	: u	: u	: u	: u
A,ED0-2,M,Y15-74,PC,DED2	25.8 b	26.1 	18.5 	: u	: u	: u	: bu	: bu	: u	: u	: u	: u
A,ED0-2,M,Y15-74,PC,DED4	: bu	: u	: u	: u	: u	: u	: bu	: bu	: u	: u	: u	: u
A,ED0-2,M,Y15-74,PC,DED5	: bu	: u	: u	: u	: u	: u	: bu	: bu	: u	: u	: u	: u
A,ED0-2,M,Y15-74,PC,DEE0	24.9 b	24.4 	19.8 	21.2 	17.4 	11.6 	: bu	: bu	: u	: u	: u	: u
A,ED0-2,M,Y15-74,PC,DEF0	14.2 b	15.2 	12.3 	11.7 	9.6 	8.7 	: bu	: bu	: u	: u	: u	: u
A,ED0-2,M,Y15-74,PC,DEG0	17.7 b	14.8 	18.4 	16.0 	: u	12.6 	: bu	: bu	: u	: u	: u	: u
A,ED0-2,M,Y15-74,PC,DK01	15.3 b	12.1 	10.3 b	10.3 b	10.4 	9.4 	11.4 	10.2 b	8.0 	8.1 b	13.8 	12.3 
A,ED0-2,M,Y15-74,PC,DK02	11.4 b	9.4 	7.3 b	8.9 b	9.7 	7.9 	8.4 	8.7 b	6.7 u	7.4 bu	9.0 	7.8 
A,ED0-2,M,Y15-74,PC,DK03	10.9 b	10.0 	8.8 b	10.5 b	9.1 	8.3 	8.7 	6.6 b	7.7 	7.0 b	7.2 	10.3 
A,ED0-2,M,Y15-74,PC,DK04	8.4 b	8.9 	7.3 b	7.2 b	6.7 	7.1 	7.7 	7.6 b	7.4 	10.2 b	10.6 	10.1 
A,ED0-2,M,Y15-74,PC,DK05	9.0 bu	8.3 u	7.0 bu	8.7 bu	6.7 u	7.2 u	7.9 u	8.3 bu	7.6 u	: bu	9.4 	11.2 
A,ED0-2,M,Y15-74,PC,EE00	13.6 b	11.9 	12.6 	10.8 	9.5 	8.2 	13.2 	14.1 b	11.8 	11.4 	12.5 	19.4 
A,ED0-2,M,Y15-74,PC,EL30	37.6 b	32.2 	28.7 	26.9 	25.2 	25.2 	19.2 	13.1 b	13.3 	15.1 	11.6 	11.6 
A,ED0-2,M,Y15-74,PC,EL41	25.2 b	17.3 u	17.8 u	25.8 	24.9 	16.0 u	15.0 u	: bu	: u	: u	: u	: u
A,ED0-2,M,Y15-74,PC,EL42	20.4 b	11.2 u	15.8 	15.7 	15.4 	10.0 u	16.8 u	13.6 bu	11.4 u	6.7 u	8.8 u	7.7 u
A,ED0-2,M,Y15-74,PC,EL43	23.7 b	25.0 	20.2 	14.6 	10.4 	8.5 	11.6 	9.2 b	10.5 	8.5 	6.6 u	3.4 u
A,ED0-2,M,Y15-74,PC,EL51	23.4 b	21.6 	23.4 	18.5 	16.2 	18.6 	16.9 	18.4 b	14.8 	11.4 	9.2 	8.6 u
A,ED0-2,M,Y15-74,PC,EL52	28.4 b	25.9 	26.1 	26.3 	22.6 	22.5 	18.7 	12.6 b	11.3 	11.2 	9.6 	11.5 
A,ED0-2,M,Y15-74,PC,EL53	24.9 b	24.1 	28.1 	26.8 	23.5 	13.3 u	15.2 u	14.9 bu	14.3 u	: u	: u	13.6 u
A,ED0-2,M,Y15-74,PC,EL54	25.3 b	22.3 	25.0 	27.2 	23.7 	18.1 	15.4 u	11.7 bu	10.1 u	10.2 u	: u	10.4 u
A,ED0-2,M,Y15-74,PC,EL61	20.7 b	26.3 	26.9 	19.9 	17.0 	18.5 	17.1 	11.4 b	7.9 u	5.3 u	: u	: u
A,ED0-2,M,Y15-74,PC,EL62	17.7 b	13.1 u	15.1 u	20.9 	12.4 u	: u	19.0 u	12.4 bu	12.6 u	13.1 u	: u	: u
A,ED0-2,M,Y15-74,PC,EL63	23.0 b	27.2 	26.8 	20.1 	19.3 	20.7 	17.6 	13.8 b	8.3 	4.1 u	6.0 u	8.0 
A,ED0-2,M,Y15-74,PC,EL64	23.1 b	24.4 	21.6 	17.2 	15.4 	12.9 	13.2 	12.9 b	12.3 	6.7 u	9.6 	7.4 u
A,ED0-2,M,Y15-74,PC,EL65	20.1 b	19.6 	16.1 	14.5 	12.2 	10.4 	8.0 u	9.7 b	11.6 	4.6 u	5.0 u	6.9 u
A,ED0-2,M,Y15-74,PC,ES11	28.6 b	24.3 	21.9 	20.5 	17.1 	14.3 	13.5 	12.7 bd	12.2 d	11.1 d	11.7 d	10.9 d
A,ED0-2,M,Y15-74,PC,ES12	29.3 b	29.2 	26.8 	20.1 	17.5 	19.5 	19.1 	15.8 bd	18.1 d	15.4 d	14.4 d	13.1 d
A,ED0-2,M,Y15-74,PC,ES13	26.6 b	23.5 	17.4 	17.5 	13.0 	14.8 	16.7 	15.4 bd	10.1 du	7.5 du	8.9 du	9.3 du
A,ED0-2,M,Y15-74,PC,ES21	26.5 b	25.4 	19.6 	18.3 	16.7 	17.0 	16.6 	20.0 bd	16.0 d	11.5 d	16.6 d	12.9 d
A,ED0-2,M,Y15-74,PC,ES22	23.0 b	18.6 	16.8 	10.5 	15.5 	10.4 	15.0 	20.2 bd	17.4 d	12.5 d	10.7 d	9.6 du
A,ED0-2,M,Y15-74,PC,ES23	22.2 b	18.8 	17.3 	12.3 u	11.4 u	13.0 u	12.3 u	12.1 bdu	13.0 du	10.1 du	13.6 du	9.7 du
A,ED0-2,M,Y15-74,PC,ES24	24.4 b	18.3 	16.7 	13.3 	13.6 	13.0 	14.9 	11.1 bd	11.9 d	9.0 d	9.4 d	9.1 d
A,ED0-2,M,Y15-74,PC,ES30	27.5 b	27.2 	24.3 	22.5 	18.6 	13.0 	17.1 	16.2 bd	14.2 d	14.2 d	12.2 d	11.4 d
A,ED0-2,M,Y15-74,PC,ES41	25.4 b	21.6 	19.1 	16.8 	14.5 	13.9 	14.6 	13.2 bd	11.7 d	10.3 d	11.2 d	10.0 d
A,ED0-2,M,Y15-74,PC,ES42	32.5 b	28.7 	25.2 	21.0 	17.1 	15.4 	16.9 	13.4 bd	15.2 d	12.9 d	12.3 d	11.3 d
A,ED0-2,M,Y15-74,PC,ES43	34.4 b	32.1 	28.9 	29.7 	23.6 	19.8 	22.0 	19.6 bd	19.1 d	18.6 d	15.4 d	16.3 d
A,ED0-2,M,Y15-74,PC,ES51	29.8 b	25.6 	21.7 	18.1 	15.0 	15.8 	16.3 	14.7 bd	14.2 d	13.2 d	13.1 d	11.9 d
A,ED0-2,M,Y15-74,PC,ES52	31.9 b	28.4 	25.2 	21.5 	19.4 	15.1 	17.0 	17.8 bd	16.0 d	15.0 d	13.7 d	11.8 d
A,ED0-2,M,Y15-74,PC,ES53	26.7 b	21.9 	19.8 	16.5 	14.1 	12.4 	18.0 	17.2 bd	12.2 d	12.1 d	9.7 d	10.6 d
A,ED0-2,M,Y15-74,PC,ES61	41.7 b	37.1 	33.5 	30.5 	26.3 	23.6 	23.9 	24.2 bd	21.7 d	20.9 d	19.4 d	17.3 d
A,ED0-2,M,Y15-74,PC,ES62	29.8 b	28.0 	23.2 	19.2 	16.4 	15.7 	15.6 	15.3 bd	14.7 d	12.7 d	15.6 d	15.0 d
A,ED0-2,M,Y15-74,PC,ES63	46.3 b	33.7 u	30.0 u	25.8 u	34.0 u	32.2 u	30.8 u	33.5 bdu	30.6 du	32.2 du	35.5 du	30.7 du
A,ED0-2,M,Y15-74,PC,ES64	42.7 bu	42.1 u	37.1 u	31.1 u	34.8 u	34.6 u	35.4 u	27.9 bdu	27.1 du	43.3 du	40.1 du	30.7 du
A,ED0-2,M,Y15-74,PC,ES70	39.9 b	35.8 	31.9 	26.7 	24.2 	25.2 	26.6 	30.7 bd	20.4 d	18.6 d	15.8 d	14.6 d
A,ED0-2,M,Y15-74,PC,FI19	14.9 b	18.6 	15.3 	17.1 	12.9 	14.8 	17.6 	17.0 b	11.3 	14.2 	15.8 	18.3 
A,ED0-2,M,Y15-74,PC,FI1B	16.4 b	14.4 	13.1 	14.5 	15.1 	15.3 	18.4 	16.1 b	13.7 	18.1 	20.1 	23.1 
A,ED0-2,M,Y15-74,PC,FI1C	18.2 b	18.2 	14.9 	16.8 	15.9 	13.8 	15.8 	14.4 b	13.4 	14.1 u	22.9 	19.7 
A,ED0-2,M,Y15-74,PC,FI1D	15.5 b	14.5 	14.0 	15.7 	15.2 	15.9 	17.6 	12.7 b	13.8 	13.1 u	18.6 	22.6 
A,ED0-2,M,Y15-74,PC,FI20	: bu	: u	: u	: u	: u	: u	: u	: bu	: u	: u	: u	: u
A,ED0-2,M,Y15-74,PC,FR10	16.5 	18.6 	16.8 	16.1 	15.6 	13.9 	13.1 	14.6 bd	11.8 d	12.6 d	13.4 d	13.9 d
A,ED0-2,M,Y15-74,PC,FRB0	14.0 	16.7 	15.6 	14.9 	12.7 	11.8 	14.4 	12.9 bd	13.5 d	8.8 du	7.0 du	10.1 du
A,ED0-2,M,Y15-74,PC,FRC1	17.4 	15.8 	18.4 	21.3 	16.6 	13.7 u	16.3 u	14.1 bdu	15.4 du	15.3 du	11.2 du	14.6 du
A,ED0-2,M,Y15-74,PC,FRC2	14.1 u	13.2 u	16.6 u	18.9 u	12.1 u	11.8 u	: u	14.7 bdu	: u	: u	: u	: u
A,ED0-2,M,Y15-74,PC,FRD1	13.0 u	10.1 u	11.9 u	11.3 u	13.6 u	13.0 u	9.8 u	9.9 bdu	13.9 du	13.2 du	12.5 du	21.0 d
A,ED0-2,M,Y15-74,PC,FRD2	21.3 	18.9 	21.0 	18.3 	16.7 	15.8 	12.9 u	11.3 bdu	12.8 du	12.9 du	18.5 d	12.2 du
A,ED0-2,M,Y15-74,PC,FRE1	27.7 	22.8 	24.2 	25.3 	26.0 	26.4 	16.2 	19.3 bd	16.1 d	18.9 d	16.8 d	14.8 d
A,ED0-2,M,Y15-74,PC,FRE2	13.9 	15.6 	18.5 	15.7 	19.2 	16.9 	19.1 	21.1 bd	18.1 d	19.1 d	10.5 du	15.2 d
A,ED0-2,M,Y15-74,PC,FRF1	16.4 	21.4 	21.2 	21.7 	17.3 	17.7 	15.0 	11.8 bdu	14.0 du	15.9 du	12.6 du	13.8 du
A,ED0-2,M,Y15-74,PC,FRF2	16.6 	20.8 	18.3 	16.9 	14.6 u	18.5 u	17.7 	17.8 bdu	15.0 du	10.5 du	15.4 du	14.1 du
A,ED0-2,M,Y15-74,PC,FRF3	19.1 	24.5 	23.0 	21.0 	15.2 	11.5 	9.8 u	12.9 bdu	11.1 du	10.2 du	12.7 d	11.3 du
A,ED0-2,M,Y15-74,PC,FRG0	16.7 	17.5 	19.8 	14.6 	12.9 	13.8 	12.7 	9.5 bd	11.7 d	10.8 d	10.1 d	15.8 d
A,ED0-2,M,Y15-74,PC,FRH0	13.3 	12.4 	16.0 	13.5 	9.2 u	13.4 	9.4 u	10.0 bdu	9.4 du	9.7 du	10.8 du	14.4 d
A,ED0-2,M,Y15-74,PC,FRI1	17.8 	18.1 	17.8 	16.7 	19.3 	19.3 	12.7 	15.5 bd	13.1 d	16.9 d	13.4 d	12.6 d
A,ED0-2,M,Y15-74,PC,FRI2	20.9 u	15.8 u	11.8 u	17.5 u	: u	: u	: u	: bu	: u	: u	: u	: u
A,ED0-2,M,Y15-74,PC,FRI3	18.7 	18.9 	19.3 	18.6 	13.7 u	14.4 u	17.8 	12.1 bdu	15.4 du	12.3 du	: u	: u
A,ED0-2,M,Y15-74,PC,FRJ1	20.3 	21.7 	17.8 	19.2 	15.3 	15.9 	17.0 	21.1 bd	16.8 d	19.0 d	15.1 d	15.2 d
A,ED0-2,M,Y15-74,PC,FRJ2	19.9 	17.2 	16.5 	10.6 u	13.4 	12.1 	8.8 u	11.1 bdu	7.6 du	8.5 du	11.6 du	13.1 d
A,ED0-2,M,Y15-74,PC,FRK1	11.9 u	19.5 u	16.2 u	14.9 u	: u	: u	: u	: bu	: u	14.6 du	14.3 du	14.9 du
A,ED0-2,M,Y15-74,PC,FRK2	16.2 	17.5 	15.5 	12.9 	12.4 	9.8 	12.6 	13.2 bd	14.3 d	10.9 d	14.0 d	14.2 d
A,ED0-2,M,Y15-74,PC,FRL0	17.0 	18.0 	18.4 	19.0 	17.3 	15.9 	13.4 	14.1 bd	13.2 d	12.6 d	10.6 d	15.0 d
A,ED0-2,M,Y15-74,PC,FRM0	9.4 u	17.6 u	9.0 u	5.2 u	: u	: u	: u	: bu	: u	: u	: u	: u
A,ED0-2,M,Y15-74,PC,FRY1	31.8 	27.5 	28.1 	25.7 	27.1 	23.7 	21.2 u	24.7 bd	23.7 du	25.8 du	26.0 du	26.9 d
A,ED0-2,M,Y15-74,PC,FRY2	24.3 	24.2 	26.0 	22.2 u	21.9 u	23.0 	14.2 u	15.2 bdu	16.6 du	18.3 du	18.9 du	16.7 du
A,ED0-2,M,Y15-74,PC,FRY3	23.5 u	27.5 u	30.5 	29.7 	25.7 u	29.8 u	19.4 u	20.1 bdu	22.5 du	19.1 du	22.2 du	29.9 du
A,ED0-2,M,Y15-74,PC,FRY4	36.9 	31.0 	32.0 	30.6 	32.2 	30.4 	23.7 	28.1 bd	25.4 d	25.9 d	30.9 d	25.3 d
A,ED0-2,M,Y15-74,PC,FRY5	14.7 u	22.3 u	31.6 	34.5 	38.3 	35.7 	31.4 u	: 	: 	: 	: 	: 
A,ED0-2,M,Y15-74,PC,HR02	: 	: 	17.3 u	20.3 u	13.9 u	15.8 u	14.9 u	11.2 bu	11.8 u	12.5 u	13.8 u	15.7 u
A,ED0-2,M,Y15-74,PC,HR03	23.8 bu	22.1 u	19.7 u	17.8 u	10.8 u	6.9 u	: u	10.8 bu	8.5 u	14.0 u	18.6 u	16.4 u
A,ED0-2,M,Y15-74,PC,HR04	24.6 b	20.9 	: 	: 	: 	: 	: 	: 	: 	: 	: 	: 
A,ED0-2,M,Y15-74,PC,HR05	: 	: 	: u	: u	: u	32.9 u	: u	: bu	: u	17.6 u	: u	: u
A,ED0-2,M,Y15-74,PC,HR06	: 	: 	14.7 u	19.2 u	8.5 u	: u	6.3 u	6.4 bu	: u	6.7 u	: u	: u
A,ED0-2,M,Y15-74,PC,HU11	18.2 bu	18.6 	17.7 	10.9 u	: bu	: u	: u	: bu	16.3 u	: u	: u	16.3 u
A,ED0-2,M,Y15-74,PC,HU12	13.9 bu	14.0 u	: u	: u	: bu	: u	: u	: bu	: u	: u	10.8 u	12.1 u
A,ED0-2,M,Y15-74,PC,HU21	13.5 b	8.3 u	: u	: u	: bu	: u	: u	: bu	: u	: u	: u	: u
A,ED0-2,M,Y15-74,PC,HU22	9.8 bu	11.4 u	: u	: u	: bu	: u	: u	: bu	: u	11.2 u	12.4 u	: u
A,ED0-2,M,Y15-74,PC,HU23	19.8 b	17.9 	18.7 	15.4 	16.1 b	13.8 	14.6 	11.2 bu	14.3 u	15.6 	21.6 	15.5 
A,ED0-2,M,Y15-74,PC,HU31	21.6 b	17.5 	15.8 	12.9 	10.2 bu	10.2 u	11.9 	11.1 b	12.0 	14.1 	16.2 	16.8 
A,ED0-2,M,Y15-74,PC,HU32	24.2 b	21.2 	19.0 	16.9 	16.2 b	15.6 	16.8 	16.9 b	17.2 	15.9 	14.9 	17.5 
A,ED0-2,M,Y15-74,PC,HU33	18.9 b	18.8 	11.6 u	6.9 u	8.0 bu	9.8 u	12.0 u	10.3 bu	11.7 u	15.8 	12.4 u	13.5 u
A,ED0-2,M,Y15-74,PC,IE04	15.5 b	13.5 	11.4 	7.8 b	7.3 	: u	: u	: bu	: u	: u	: u	: u
A,ED0-2,M,Y15-74,PC,IE05	20.1 b	18.6 	15.0 	11.5 b	9.0 	10.0 	9.3 u	8.8 bu	: u	8.2 u	: u	: u
A,ED0-2,M,Y15-74,PC,IE06	22.8 b	19.2 	17.0 	14.2 b	10.2 	8.8 	8.7 u	11.8 b	10.4 	9.5 u	7.3 u	11.3 u
A,ED0-2,M,Y15-74,PC,IS00	8.4 b	6.1 	4.4 	4.9 	4.7 	6.8 	8.9 b	10.4 b	8.0 	7.2 	6.0 	: 
A,ED0-2,M,Y15-74,PC,ITC1	13.9 b	13.5 	12.4 	11.1 	10.6 b	8.9 	8.9 	8.0 b	8.4 	7.5 	7.1 	8.0 
A,ED0-2,M,Y15-74,PC,ITC2	11.9 bu	13.3 u	12.5 u	12.4 u	: bu	: u	: u	: bu	: u	: u	: u	: u
A,ED0-2,M,Y15-74,PC,ITC3	14.7 b	12.1 	12.4 	13.3 	13.0 b	11.5 	12.3 	10.1 b	10.1 	7.1 	6.8 	6.6 
A,ED0-2,M,Y15-74,PC,ITC4	10.1 b	9.2 	8.8 	7.3 	6.6 b	6.8 	5.8 	6.7 b	4.8 	4.6 	3.9 	3.4 
A,ED0-2,M,Y15-74,PC,ITF1	11.1 b	11.3 	12.7 	10.3 	11.1 b	10.1 	9.3 	8.2 b	8.4 	11.5 	7.8 	7.3 
A,ED0-2,M,Y15-74,PC,ITF2	16.5 b	16.8 	15.3 	15.3 	13.1 b	10.3 	10.5 	11.9 bu	14.3 u	11.4 u	9.8 u	: u
A,ED0-2,M,Y15-74,PC,ITF3	24.5 b	22.2 	22.2 	24.8 	23.5 b	23.9 	22.1 	24.0 b	22.4 	22.5 	21.3 	19.7 
A,ED0-2,M,Y15-74,PC,ITF4	23.0 b	22.0 	21.7 	20.2 	18.3 b	15.8 	16.1 	16.1 b	12.4 	10.9 	9.0 	9.6 
A,ED0-2,M,Y15-74,PC,ITF5	15.4 b	12.9 	11.8 	12.7 	12.1 b	10.7 	8.7 	9.3 b	5.1 u	7.0 u	5.7 u	7.0 u
A,ED0-2,M,Y15-74,PC,ITF6	25.0 b	26.1 	24.2 	23.7 	23.6 b	24.5 	24.2 	20.4 b	14.7 	16.7 	13.5 	9.1 
A,ED0-2,M,Y15-74,PC,ITG1	25.7 b	25.7 	27.1 	24.8 	23.8 b	23.3 	20.8 	22.1 b	19.8 	19.7 	17.0 	14.6 
A,ED0-2,M,Y15-74,PC,ITG2	22.8 b	21.0 	19.3 	21.5 	18.5 b	14.8 	14.9 	15.3 b	13.1 	13.8 	9.6 	12.7 
A,ED0-2,M,Y15-74,PC,ITH1	6.8 b	4.2 u	4.6 u	: u	: bu	3.8 u	4.6 u	5.1 bu	: u	: u	: u	: u
A,ED0-2,M,Y15-74,PC,ITH2	8.5 b	9.8 	10.0 	8.1 	5.7 bu	6.8 	7.0 	6.3 bu	4.3 u	: u	: u	: u
A,ED0-2,M,Y15-74,PC,ITH3	6.5 b	7.2 	7.4 	7.7 	7.0 b	6.7 	5.6 	6.3 b	5.2 	4.6 	3.1 	2.0 
A,ED0-2,M,Y15-74,PC,ITH4	8.9 b	9.9 	8.6 	7.5 	6.6 b	6.4 	5.4 	5.4 b	6.7 	5.3 	6.9 	7.7 
A,ED0-2,M,Y15-74,PC,ITH5	9.4 b	8.8 	8.5 	7.1 	7.1 b	6.5 	6.7 	4.9 b	5.0 	5.0 	4.4 	4.7 
A,ED0-2,M,Y15-74,PC,ITI1	10.5 b	9.9 	11.3 	10.1 	8.7 b	7.2 	7.1 	8.5 b	6.8 	5.2 	4.1 	4.8 
A,ED0-2,M,Y15-74,PC,ITI2	11.9 b	12.8 	12.2 	14.2 	11.5 b	11.7 	10.7 	5.9 b	9.2 	5.7 u	6.5 u	4.6 u
A,ED0-2,M,Y15-74,PC,ITI3	11.0 b	12.0 	12.3 	10.8 	7.5 b	8.2 	7.7 	7.4 b	6.3 	6.1 	6.1 	6.2 
A,ED0-2,M,Y15-74,PC,ITI4	17.1 b	15.5 	14.3 	14.3 	13.3 b	12.1 	13.4 	13.6 b	9.1 	9.7 	8.0 	6.6 
A,ED0-2,M,Y15-74,PC,LT01	33.0 bu	28.1 u	25.4 u	23.0 u	21.0 u	14.7 u	31.2 u	: bu	: u	: u	: u	: u
A,ED0-2,M,Y15-74,PC,LT02	27.1 b	25.3 	26.1 	22.7 	18.7 	17.4 	21.1 	16.6 b	14.4 	20.0 	21.9 	25.2 
A,ED0-2,M,Y15-74,PC,LU00	10.6 b	10.0 b	9.8 	8.6 	7.4 	9.1 	10.3 	9.0 b	8.1 	7.3 u	12.7 u	: u
A,ED0-2,M,Y15-74,PC,LV00	22.7 b	20.0 	21.1 	17.4 	15.7 	13.8 	18.5 	12.9 b	14.9 	13.1 	15.8 	17.0 
A,ED0-2,M,Y15-74,PC,ME00	31.3 b	26.6 	25.2 	19.4 	16.2 	20.7 	27.7 	: 	: 	: 	: 	: 
A,ED0-2,M,Y15-74,PC,MK00	32.8 b	31.4 	30.4 	29.3 	26.3 	20.1 	23.4 	26.0 b	22.7 	20.4 	19.9 	18.5 
A,ED0-2,M,Y15-74,PC,MT00	8.8 b	8.0 	6.2 	5.2 	5.6 	4.2 	5.4 	5.1 b	5.0 	5.3 	4.3 	4.2 
A,ED0-2,M,Y15-74,PC,NL11	17.7 b	15.7 	13.9 	12.8 	9.0 	8.2 b	8.2 u	9.8 b	: u	5.5 u	9.5 	5.9 u
A,ED0-2,M,Y15-74,PC,NL12	12.5 b	13.3 	10.2 	6.9 	6.5 	7.3 b	5.5 u	5.6 b	5.3 	6.7 	5.9 	5.5 u
A,ED0-2,M,Y15-74,PC,NL13	14.5 b	13.4 	9.7 	6.4 u	8.7 	: bu	7.4 u	4.8 bu	: u	: u	5.1 u	5.6 u
A,ED0-2,M,Y15-74,PC,NL21	13.7 b	10.5 	8.9 	7.1 	5.7 	4.1 b	5.2 	5.0 b	3.7 	4.9 	5.2 	5.5 
A,ED0-2,M,Y15-74,PC,NL22	11.4 b	9.3 	6.9 	6.6 	5.3 	5.1 b	5.6 	5.6 b	5.5 	4.3 	5.5 	5.2 
A,ED0-2,M,Y15-74,PC,NL23	17.9 b	12.1 	13.8 	10.0 	: u	6.0 bu	: u	8.6 b	6.0 u	6.1 u	6.3 u	6.2 u
A,ED0-2,M,Y15-74,PC,NL31	9.7 b	9.1 	6.6 	7.2 	5.4 	: 	: 	: 	: 	: 	: 	: 
A,ED0-2,M,Y15-74,PC,NL32	11.1 b	10.4 	8.3 	7.2 	5.7 	5.1 b	7.1 	6.4 b	4.7 	5.5 	4.9 	4.6 
A,ED0-2,M,Y15-74,PC,NL33	12.3 b	12.3 	12.4 	9.1 	7.4 	: 	: 	: 	: 	: 	: 	: 
A,ED0-2,M,Y15-74,PC,NL34	9.2 b	6.8 u	5.6 u	: u	: u	: bu	: u	: bu	: u	: u	: u	: u
A,ED0-2,M,Y15-74,PC,NL35	: 	: 	: 	: 	: 	5.0 b	6.3 	6.1 b	4.5 	6.0 	6.9 	7.8 
A,ED0-2,M,Y15-74,PC,NL36	: 	: 	: 	: 	: 	7.0 b	7.5 	7.1 b	5.3 	6.4 	6.5 	8.1 
A,ED0-2,M,Y15-74,PC,NL41	10.2 b	9.5 	7.6 	6.1 	5.1 	5.5 b	5.8 	6.4 b	3.8 	4.2 	4.7 	4.3 
A,ED0-2,M,Y15-74,PC,NL42	10.0 b	8.2 	7.4 	8.4 	5.3 	5.3 b	6.0 	6.2 b	6.4 	4.1 	4.6 	4.4 
A,ED0-2,M,Y15-74,PC,NO01	8.6 b	10.9 	: 	: 	: 	: 	: 	: 	: 	: 	: 	: 
A,ED0-2,M,Y15-74,PC,NO02	8.5 b	10.1 	12.3 	: u	: u	: u	: u	: bu	: u	: u	: u	: u
A,ED0-2,M,Y15-74,PC,NO03	7.6 b	10.6 	: 	: 	: 	: 	: 	: 	: 	: 	: 	: 
A,ED0-2,M,Y15-74,PC,NO04	9.1 b	9.2 	: 	: 	: 	: 	: 	: 	: 	: 	: 	: 
A,ED0-2,M,Y15-74,PC,NO05	6.4 b	8.9 	: 	: 	: 	: 	: 	: 	: 	: 	: 	: 
A,ED0-2,M,Y15-74,PC,NO06	12.9 b	7.3 u	9.6 	: u	: u	: u	: u	: bu	: u	: u	: u	: u
A,ED0-2,M,Y15-74,PC,NO07	8.2 b	10.7 	9.6 	: u	: u	: u	: u	: bu	: u	: u	: u	: u
A,ED0-2,M,Y15-74,PC,NO08	: 	: 	10.2 	9.5 u	9.8 u	9.5 u	11.6 	11.6 b	10.3 	10.2 u	11.7 	12.8 
A,ED0-2,M,Y15-74,PC,NO09	: 	: 	10.7 	: u	: u	: u	: u	: bu	: u	: u	: u	: u
A,ED0-2,M,Y15-74,PC,NO0A	: 	: 	12.0 	11.4 u	7.7 u	8.2 u	10.0 u	11.1 bu	: u	12.1 u	9.5 u	10.7 u
A,ED0-2,M,Y15-74,PC,PL21	19.4 bu	11.4 u	: bu	: u	: u	: bu	: u	: bu	: u	: u	: u	: u
A,ED0-2,M,Y15-74,PC,PL22	21.7 bu	26.2 u	18.8 bu	16.1 u	13.2 u	: bu	: u	: bu	: u	: u	: u	: u
A,ED0-2,M,Y15-74,PC,PL41	12.7 bu	13.4 u	13.4 bu	: u	: u	: bu	: u	: bu	: u	: u	: u	: u
A,ED0-2,M,Y15-74,PC,PL42	19.6 bu	17.2 u	16.4 bu	: u	: u	: bu	: u	: bu	: u	: u	: u	: u
A,ED0-2,M,Y15-74,PC,PL43	: bu	: u	: bu	: u	: u	: bu	: u	: bu	: u	: u	: u	: u
A,ED0-2,M,Y15-74,PC,PL51	25.9 bu	23.3 u	19.0 bu	: u	: u	: bu	: u	22.3 bu	: u	: u	: u	: u
A,ED0-2,M,Y15-74,PC,PL52	: bu	: u	: bu	: u	: u	: bu	: u	: bu	: u	: u	: u	: u
A,ED0-2,M,Y15-74,PC,PL61	16.8 bu	14.6 u	18.0 bu	15.4 u	13.8 u	: bu	: u	: bu	: u	: u	: u	: u
A,ED0-2,M,Y15-74,PC,PL62	20.8 bu	17.2 u	18.5 bu	17.5 u	13.9 u	: bu	: u	: bu	: u	: u	: u	: u
A,ED0-2,M,Y15-74,PC,PL63	19.0 bu	18.2 u	: bu	: u	: u	: bu	: u	: bu	: u	: u	: u	: u
A,ED0-2,M,Y15-74,PC,PL71	20.3 bu	18.3 u	12.3 bu	11.9 u	: u	: bu	: u	: bu	: u	: u	: u	: u
A,ED0-2,M,Y15-74,PC,PL72	22.1 bu	17.9 u	: bu	: u	: u	: bu	: u	: bu	: u	: u	: u	: u
A,ED0-2,M,Y15-74,PC,PL81	16.5 bu	15.2 u	14.7 bu	14.5 u	16.1 u	: bu	: u	: bu	: u	: u	: u	: u
A,ED0-2,M,Y15-74,PC,PL82	26.1 bu	17.2 u	23.0 bu	20.4 u	: u	: bu	: u	: bu	: u	: u	: u	: u
A,ED0-2,M,Y15-74,PC,PL84	: bu	: u	: bu	: u	: u	: bu	: u	: bu	: u	: u	: u	: u
A,ED0-2,M,Y15-74,PC,PL91	: bu	: u	: bu	: u	: u	: bu	: u	: bu	: u	: u	: u	: u
A,ED0-2,M,Y15-74,PC,PL92	17.1 bu	13.9 u	13.9 bu	12.3 u	9.6 u	: bu	: u	: bu	: u	: u	: u	: u
A,ED0-2,M,Y15-74,PC,PT11	14.6 b	13.5 	12.4 	9.2 	6.7 	5.8 	6.1 	5.4 b	4.7 	5.8 	5.5 	5.5 
A,ED0-2,M,Y15-74,PC,PT15	17.9 b	15.0 	10.7 	9.2 	8.2 	8.0 	8.6 	7.8 bu	5.6 u	: u	6.7 u	7.5 u
A,ED0-2,M,Y15-74,PC,PT16	10.8 b	9.0 	8.4 	5.6 	4.1 	: 	: 	: 	: 	: 	: 	: 
A,ED0-2,M,Y15-74,PC,PT17	21.6 b	18.5 	17.0 	11.8 	8.3 	: 	: 	: 	: 	: 	: 	: 
A,ED0-2,M,Y15-74,PC,PT18	16.4 b	13.8 	12.1 	8.0 	7.2 	: 	: 	: 	: 	: 	: 	: 
A,ED0-2,M,Y15-74,PC,PT19	: 	: 	: 	: 	: 	4.6 	3.6 	3.7 bu	4.2 u	5.0 	5.0 	4.3 u
A,ED0-2,M,Y15-74,PC,PT1A	: 	: 	: 	: 	: 	7.4 	9.0 	9.1 b	9.0 	10.6 	9.9 	8.9 
A,ED0-2,M,Y15-74,PC,PT1B	: 	: 	: 	: 	: 	9.0 	10.4 	9.0 bu	13.2 	8.5 u	11.8 u	8.2 u
A,ED0-2,M,Y15-74,PC,PT1C	: 	: 	: 	: 	: 	8.8 	: u	7.1 bu	5.7 u	5.8 u	6.2 u	: u
A,ED0-2,M,Y15-74,PC,PT1D	: 	: 	: 	: 	: 	: u	: u	4.3 bu	5.1 u	5.8 u	5.1 u	: u
A,ED0-2,M,Y15-74,PC,PT20	17.1 b	16.2 	13.7 	10.7 	: u	: u	: u	: bu	: u	: u	: u	: u
A,ED0-2,M,Y15-74,PC,PT30	17.2 b	16.4 	14.8 	: u	: u	: u	: u	: bu	: u	: u	: u	: u
A,ED0-2,M,Y15-74,PC,RO11	: bu	7.2 u	8.7 	7.2 	6.0 u	: u	5.9 u	10.4 bu	8.2 u	10.4 	18.3 	22.6 
A,ED0-2,M,Y15-74,PC,RO12	12.9 b	14.9 	11.8 	11.8 	13.7 	18.0 	20.8 	19.2 b	20.9 	18.0 	19.0 	14.3 
A,ED0-2,M,Y15-74,PC,RO21	3.4 bu	2.8 u	2.7 u	2.7 u	: u	: u	: u	12.7 b	11.7 	9.8 	5.5 u	8.8 
A,ED0-2,M,Y15-74,PC,RO22	13.8 b	12.7 	11.5 	11.0 	9.0 	9.4 	12.3 	12.5 b	17.4 	24.2 	28.6 	31.3 
A,ED0-2,M,Y15-74,PC,RO31	11.6 b	14.7 	11.9 	12.0 	8.6 	7.8 	10.3 	12.0 b	12.8 	13.1 	13.2 	17.5 
A,ED0-2,M,Y15-74,PC,RO32	16.8 b	12.9 u	13.3 u	16.5 u	12.9 u	12.2 u	19.8 u	: bu	: u	: u	: u	: u
A,ED0-2,M,Y15-74,PC,RO41	6.1 bu	10.0 	9.7 u	6.7 u	7.3 u	: u	: u	26.6 b	28.6 	25.2 	19.3 	14.7 u
A,ED0-2,M,Y15-74,PC,RO42	8.9 bu	10.8 u	12.5 u	: u	12.7 u	11.0 u	: u	: bu	: u	: u	18.9 u	14.9 u
A,ED0-2,M,Y15-74,PC,RS11	26.9 b	31.9 	29.8 	23.0 	18.1 	12.6 u	14.4 u	16.2 b	17.3 	12.3 u	14.0 u	18.2 u
A,ED0-2,M,Y15-74,PC,RS12	25.7 b	21.1 	19.3 	14.4 	12.0 	13.0 	9.9 	13.6 b	11.7 	12.7 	12.1 	11.0 
A,ED0-2,M,Y15-74,PC,RS21	11.1 b	11.7 	8.6 	7.7 	10.7 	8.8 	6.1 	9.4 b	10.7 	10.2 	8.1 	9.0 
A,ED0-2,M,Y15-74,PC,RS22	16.1 b	13.6 	11.3 	11.2 	15.7 	14.2 	12.6 	16.9 b	14.3 	20.5 	17.8 	17.0 
A,ED0-2,M,Y15-74,PC,SE11	16.5 b	16.7 	16.9 	15.7 	15.9 b	18.2 	22.6 	24.2 b	20.8 	18.9 	23.8 	25.1 
A,ED0-2,M,Y15-74,PC,SE12	17.7 b	17.0 	19.9 	20.5 	19.5 b	18.8 	25.1 	28.5 b	28.6 	26.7 	26.5 	27.7 
A,ED0-2,M,Y15-74,PC,SE21	13.1 b	13.4 	13.9 	13.2 	11.2 b	11.6 u	20.3 	19.0 b	15.9 	13.0 u	18.1 	18.8 
A,ED0-2,M,Y15-74,PC,SE22	21.3 b	20.2 	19.4 	20.2 	23.9 b	18.8 	25.7 	27.8 b	22.7 	23.6 	26.8 	29.8 
A,ED0-2,M,Y15-74,PC,SE23	17.3 b	14.9 	17.1 	14.9 	13.6 b	13.6 	19.0 	21.7 b	18.0 	23.1 	23.2 	22.9 
A,ED0-2,M,Y15-74,PC,SE31	17.8 b	19.2 	21.2 	21.5 	21.4 b	21.0 	18.9 	22.3 b	23.7 	19.4 	21.6 	29.1 
A,ED0-2,M,Y15-74,PC,SE32	16.8 b	16.9 	18.4 	18.2 	13.4 bu	31.6 u	25.0 u	21.2 bu	25.4 u	24.6 u	20.3 u	: u
A,ED0-2,M,Y15-74,PC,SE33	20.1 b	16.5 	18.3 	14.9 	12.9 bu	: u	: u	20.2 bu	: u	: u	: u	24.1 u
A,ED0-2,M,Y15-74,PC,SI03	17.4 b	14.5 	15.4 	11.8 u	9.2 u	10.6 u	10.9 u	7.6 bu	9.6 u	7.5 bu	8.3 u	8.2 u
A,ED0-2,M,Y15-74,PC,SI04	13.7 bu	14.0 u	12.4 u	12.0 u	6.5 u	10.7 u	13.6 u	8.8 bu	8.8 u	9.6 bu	6.9 u	5.9 u
A,ED0-2,M,Y15-74,PC,SK01	: bu	: u	: u	: u	: u	: u	: u	: bu	: u	: u	: u	: u
A,ED0-2,M,Y15-74,PC,SK02	40.6 b	34.1 	17.8 	17.0 	17.5 	13.4 u	: u	: bu	: u	: u	: u	: u
A,ED0-2,M,Y15-74,PC,SK03	46.4 b	32.2 	29.1 	31.2 	34.2 	32.9 	32.9 	: bu	: u	42.3 u	44.6 u	28.8 u
A,ED0-2,M,Y15-74,PC,SK04	51.5 b	52.1 	44.2 	43.8 	40.0 	46.6 	45.7 	60.6 b	58.2 	48.9 	48.9 	50.3 
A,ED0-2,M,Y15-74,PC,TR10	11.6 b	12.4 	12.3 	12.1 	11.4 	13.4 	14.6 	12.4 b	8.5 	7.7 	7.8 	8.5 
A,ED0-2,M,Y15-74,PC,TR21	5.8 b	5.4 	5.4 	5.9 	5.7 	9.0 	7.4 	6.9 b	5.9 	6.7 	6.3 	7.2 
A,ED0-2,M,Y15-74,PC,TR22	5.1 b	4.5 	4.8 	4.4 	3.7 	6.7 	6.2 	7.1 b	4.8 	3.6 	3.6 	3.4 
A,ED0-2,M,Y15-74,PC,TR31	11.3 b	13.8 	11.3 	11.8 	11.7 	14.0 	15.7 	12.5 b	11.4 	10.8 	9.3 	10.0 
A,ED0-2,M,Y15-74,PC,TR32	6.8 b	6.3 	5.3 	5.6 	4.4 	7.5 	9.5 	8.7 b	7.7 	6.1 	5.6 	4.7 
A,ED0-2,M,Y15-74,PC,TR33	3.1 b	3.3 	3.1 	4.8 	5.1 	9.3 	8.6 	5.1 b	4.9 	5.7 	5.6 	4.9 
A,ED0-2,M,Y15-74,PC,TR41	4.9 b	6.7 	7.8 	9.7 	7.8 	11.5 	10.1 	9.0 b	7.6 	5.4 	6.8 	6.6 
A,ED0-2,M,Y15-74,PC,TR42	8.7 b	9.2 	10.3 	9.8 	9.4 	13.2 	12.1 	7.9 b	7.9 	7.0 	7.0 	7.6 
A,ED0-2,M,Y15-74,PC,TR51	10.4 b	10.1 	10.0 	11.0 	8.6 	13.4 	14.0 	12.8 b	11.2 	8.9 	8.5 	7.8 
A,ED0-2,M,Y15-74,PC,TR52	5.0 b	5.0 	4.9 	5.4 	5.4 	7.7 	7.3 	5.8 b	5.6 	4.4 	6.3 	5.0 
A,ED0-2,M,Y15-74,PC,TR61	6.5 b	7.9 	9.1 	10.2 	8.7 	11.4 	11.9 	11.1 b	7.6 	6.3 	4.6 	4.2 
A,ED0-2,M,Y15-74,PC,TR62	8.8 b	7.9 	8.7 	8.3 	9.2 	10.4 	12.1 	11.6 b	10.7 	8.9 	6.7 	8.0 
A,ED0-2,M,Y15-74,PC,TR63	15.8 b	16.0 	13.0 	9.8 	12.3 	17.6 	15.8 	15.3 b	11.4 	12.2 	9.3 	8.6 
A,ED0-2,M,Y15-74,PC,TR71	8.5 b	9.0 	10.2 	7.9 	7.9 	10.9 	10.3 	11.4 b	7.9 	5.6 	5.6 	5.9 
A,ED0-2,M,Y15-74,PC,TR72	8.3 b	8.4 	7.0 	9.2 	12.0 	13.8 	12.7 	10.8 b	7.6 	7.0 	6.9 	5.8 
A,ED0-2,M,Y15-74,PC,TR81	4.6 b	6.2 	7.8 	5.4 	4.8 	6.3 	7.3 	7.9 b	8.3 	8.0 	6.4 	7.3 
A,ED0-2,M,Y15-74,PC,TR82	5.8 b	5.6 	4.9 	3.2 	3.4 	6.4 	5.7 	5.2 b	5.5 	3.2 	2.7 u	4.3 u
A,ED0-2,M,Y15-74,PC,TR83	5.8 b	5.9 	6.5 	4.9 	4.9 	8.1 	7.8 	6.4 b	5.5 	5.5 	4.3 	4.7 
A,ED0-2,M,Y15-74,PC,TR90	6.3 b	4.8 	4.4 	2.4 	5.2 	7.8 	8.0 	6.9 b	6.7 	5.9 	5.5 	4.0 
A,ED0-2,M,Y15-74,PC,TRA1	8.8 b	8.6 	6.8 	5.3 	6.4 	12.5 	10.6 	10.2 b	9.0 	4.8 	4.7 	5.5 
A,ED0-2,M,Y15-74,PC,TRA2	4.5 b	4.6 	4.8 	5.7 	5.2 	11.1 	13.4 	17.1 b	16.7 	13.9 	11.5 	8.2 
A,ED0-2,M,Y15-74,PC,TRB1	7.0 b	8.1 	6.7 	4.1 	5.8 	9.4 	10.2 	9.0 b	6.0 	5.4 	4.1 	6.3 
A,ED0-2,M,Y15-74,PC,TRB2	15.5 b	12.6 	10.9 	13.4 	22.9 	26.8 	25.0 	20.3 b	16.5 	15.3 	15.0 	10.7 
A,ED0-2,M,Y15-74,PC,TRC1	8.8 b	11.0 	13.2 	14.3 	12.2 	16.4 	13.5 	8.7 b	9.2 	8.6 	9.7 	8.2 
A,ED0-2,M,Y15-74,PC,TRC2	20.4 b	20.9 	20.0 	14.7 	19.2 	27.0 	23.6 	16.2 b	13.4 	11.6 	9.1 	7.8 
A,ED0-2,M,Y15-74,PC,TRC3	26.4 b	25.4 	28.1 	26.7 	25.0 	29.6 	35.0 	31.6 b	17.6 	9.9 	7.8 	8.2 
A,ED0-2,M,Y15-74,PC,UKC1	12.8 bu	17.2 u	12.4 u	9.2 u	6.6 u	13.9 u	: 	: 	: 	: 	: 	: 
A,ED0-2,M,Y15-74,PC,UKC2	16.0 b	14.4 u	14.1 	14.1 u	9.1 u	12.0 	: 	: 	: 	: 	: 	: 
A,ED0-2,M,Y15-74,PC,UKD1	: bu	: u	: u	: u	: u	: u	: 	: 	: 	: 	: 	: 
A,ED0-2,M,Y15-74,PC,UKD3	16.6 b	13.2 	9.1 	6.6 u	7.0 	8.2 	: 	: 	: 	: 	: 	: 
A,ED0-2,M,Y15-74,PC,UKD4	11.8 bu	8.7 u	9.5 u	8.3 u	8.2 u	5.7 u	: 	: 	: 	: 	: 	: 
A,ED0-2,M,Y15-74,PC,UKD6	: bu	: u	: u	: u	: u	: u	: 	: 	: 	: 	: 	: 
A,ED0-2,M,Y15-74,PC,UKD7	15.2 b	12.2 u	11.3 u	6.9 u	5.6 u	6.1 u	: 	: 	: 	: 	: 	: 
A,ED0-2,M,Y15-74,PC,UKE1	14.5 bu	: u	11.1 u	9.6 u	10.5 u	: u	: 	: 	: 	: 	: 	: 
A,ED0-2,M,Y15-74,PC,UKE2	: bu	: u	: u	: u	: u	: u	: 	: 	: 	: 	: 	: 
A,ED0-2,M,Y15-74,PC,UKE3	12.5 bu	13.2 u	11.9 u	11.1 u	6.3 u	11.1 u	: 	: 	: 	: 	: 	: 
A,ED0-2,M,Y15-74,PC,UKE4	12.9 b	17.0 	11.1 	10.2 	6.3 u	8.3 	: 	: 	: 	: 	: 	: 
A,ED0-2,M,Y15-74,PC,UKF1	14.1 b	8.4 u	7.5 u	6.3 u	7.2 u	5.4 u	: 	: 	: 	: 	: 	: 
A,ED0-2,M,Y15-74,PC,UKF2	8.4 bu	6.7 u	9.6 u	6.4 u	5.4 u	6.6 u	: 	: 	: 	: 	: 	: 
A,ED0-2,M,Y15-74,PC,UKF3	: bu	: u	: u	: u	: u	: u	: 	: 	: 	: 	: 	: 
A,ED0-2,M,Y15-74,PC,UKG1	8.4 bu	: u	: u	: u	: u	6.8 u	: 	: 	: 	: 	: 	: 
A,ED0-2,M,Y15-74,PC,UKG2	8.6 bu	7.3 u	7.1 u	6.0 u	4.9 u	5.2 u	: 	: 	: 	: 	: 	: 
A,ED0-2,M,Y15-74,PC,UKG3	19.9 b	16.2 	12.2 	12.7 	11.5 	9.1 	: 	: 	: 	: 	: 	: 
A,ED0-2,M,Y15-74,PC,UKH1	10.7 b	7.5 u	7.9 	6.3 u	6.8 u	4.1 u	: 	: 	: 	: 	: 	: 
A,ED0-2,M,Y15-74,PC,UKH2	9.7 bu	10.5 u	6.5 u	6.5 u	: u	5.2 u	: 	: 	: 	: 	: 	: 
A,ED0-2,M,Y15-74,PC,UKH3	9.0 bu	6.7 u	6.1 u	7.6 u	: u	4.8 u	: 	: 	: 	: 	: 	: 
A,ED0-2,M,Y15-74,PC,UKI3	17.3 bu	28.3 u	: u	: u	14.6 u	: u	: 	: 	: 	: 	: 	: 
A,ED0-2,M,Y15-74,PC,UKI4	15.4 b	14.9 	10.9 u	8.2 u	6.9 u	10.5 u	: 	: 	: 	: 	: 	: 
A,ED0-2,M,Y15-74,PC,UKI5	9.1 bu	7.2 u	8.1 u	7.2 u	5.9 u	8.9 u	: 	: 	: 	: 	: 	: 
A,ED0-2,M,Y15-74,PC,UKI6	: bu	: u	: u	: u	: u	: u	: 	: 	: 	: 	: 	: 
A,ED0-2,M,Y15-74,PC,UKI7	10.9 bu	9.0 u	: u	: u	7.5 u	11.6 u	: 	: 	: 	: 	: 	: 
A,ED0-2,M,Y15-74,PC,UKJ1	7.1 bu	4.7 u	: u	7.2 u	7.9 u	: u	: 	: 	: 	: 	: 	: 
A,ED0-2,M,Y15-74,PC,UKJ2	7.7 bu	6.4 u	7.0 u	: u	: u	6.6 u	: 	: 	: 	: 	: 	: 
A,ED0-2,M,Y15-74,PC,UKJ3	9.2 bu	6.6 u	6.9 u	5.5 u	4.8 u	: u	: 	: 	: 	: 	: 	: 
A,ED0-2,M,Y15-74,PC,UKJ4	8.6 bu	: u	7.9 u	7.0 u	6.7 u	6.2 u	: 	: 	: 	: 	: 	: 
A,ED0-2,M,Y15-74,PC,UKK1	10.5 b	8.1 u	9.1 u	6.6 u	5.3 u	5.7 u	: 	: 	: 	: 	: 	: 
A,ED0-2,M,Y15-74,PC,UKK2	7.1 bu	: u	: u	: u	: u	: u	: 	: 	: 	: 	: 	: 
A,ED0-2,M,Y15-74,PC,UKK3	: bu	: u	: u	: u	: u	: u	: 	: 	: 	: 	: 	: 
A,ED0-2,M,Y15-74,PC,UKK4	8.1 bu	: u	7.0 u	: u	: u	: u	: 	: 	: 	: 	: 	: 
A,ED0-2,M,Y15-74,PC,UKL1	15.2 b	12.1 	10.0 	7.4 u	7.5 u	7.3 u	: 	: 	: 	: 	: 	: 
A,ED0-2,M,Y15-74,PC,UKL2	11.6 bu	12.5 u	9.8 u	9.0 u	: u	: u	: 	: 	: 	: 	: 	: 
A,ED0-2,M,Y15-74,PC,UKM5	: bu	: u	: u	: u	: u	: u	: 	: 	: 	: 	: 	: 
A,ED0-2,M,Y15-74,PC,UKM6	: bu	: u	: u	: u	: u	: u	: 	: 	: 	: 	: 	: 
A,ED0-2,M,Y15-74,PC,UKM7	17.0 b	13.3 u	13.5 	: u	5.9 u	: u	: 	: 	: 	: 	: 	: 
A,ED0-2,M,Y15-74,PC,UKM8	17.3 b	13.6 u	10.8 u	8.0 u	8.0 u	8.6 u	: 	: 	: 	: 	: 	: 
A,ED0-2,M,Y15-74,PC,UKM9	14.3 bu	10.0 u	10.5 u	8.3 u	8.0 u	: u	: 	: 	: 	: 	: 	: 
A,ED0-2,M,Y15-74,PC,UKN0	13.6 b	11.9 	8.6 u	8.2 u	7.7 u	5.0 u	: 	: 	: 	: 	: 	: 
A,ED0-2,T,Y15-74,PC,AT11	: bu	: u	: u	: u	: u	: u	: u	: bu	: u	: u	: u	: u
A,ED0-2,T,Y15-74,PC,AT12	11.1 b	10.3 	11.6 	12.3 	8.8 	9.1 	11.6 	15.3 b	13.2 	13.7 	10.2 	10.9 
A,ED0-2,T,Y15-74,PC,AT13	20.5 b	20.9 	22.9 	23.2 	22.3 	21.1 	21.7 	23.6 b	20.7 	19.9 	19.6 	19.2 
A,ED0-2,T,Y15-74,PC,AT21	13.0 bu	11.3 u	: u	13.0 u	: u	: u	11.6 u	11.3 bu	: u	11.8 u	: u	: u
A,ED0-2,T,Y15-74,PC,AT22	10.8 b	9.7 	12.3 	10.1 	9.1 	8.3 	11.4 	10.6 b	9.9 	10.0 	10.5 	13.8 
A,ED0-2,T,Y15-74,PC,AT31	8.8 b	7.5 	9.4 	11.2 	8.1 	7.6 	8.4 	8.3 b	6.6 	7.4 	8.1 	11.2 
A,ED0-2,T,Y15-74,PC,AT32	: bu	: u	: u	: u	: u	: u	: u	10.1 bu	: u	: u	: u	: u
A,ED0-2,T,Y15-74,PC,AT33	6.0 bu	6.7 u	8.3 u	6.7 u	: u	: u	7.0 u	9.7 bu	: u	6.0 u	5.9 u	7.6 u
A,ED0-2,T,Y15-74,PC,AT34	: bu	: u	: u	: u	: u	: u	: u	: bu	: u	: u	8.9 u	: u
A,ED0-2,T,Y15-74,PC,BE10	30.8 b	29.1 	30.6 	27.2 b	25.7 	24.6 	25.5 	27.4 b	23.8 	22.3 	22.9 	25.4 
A,ED0-2,T,Y15-74,PC,BE21	9.7 b	12.3 	13.2 	10.5 b	8.9 	6.4 	6.6 	9.3 b	8.0 	7.2 	9.9 	10.8 
A,ED0-2,T,Y15-74,PC,BE22	9.0 b	11.8 	9.1 	6.8 bu	7.8 u	6.4 u	6.4 u	7.3 bu	7.7 u	7.4 u	6.3 u	7.9 u
A,ED0-2,T,Y15-74,PC,BE23	9.2 b	8.3 	7.5 	7.8 b	5.8 	5.9 	6.0 	7.5 b	5.0 u	5.8 	8.5 	12.6 
A,ED0-2,T,Y15-74,PC,BE24	10.1 b	9.5 	10.3 	9.7 b	5.2 u	8.5 u	6.2 u	7.5 bu	12.9 u	14.5 u	10.9 u	18.5 
A,ED0-2,T,Y15-74,PC,BE25	7.5 b	9.0 	6.7 	6.6 b	5.5 u	5.2 u	5.7 u	9.2 b	5.6 u	6.4 	6.7 	7.6 
A,ED0-2,T,Y15-74,PC,BE31	20.5 bu	14.7 u	14.4 u	14.4 bu	15.9 u	18.5 u	14.0 u	14.6 bu	: u	: u	: u	: u
A,ED0-2,T,Y15-74,PC,BE32	25.1 b	24.7 	22.9 	21.0 b	22.1 	18.7 	17.6 	19.5 b	20.5 	19.9 	18.8 	20.9 
A,ED0-2,T,Y15-74,PC,BE33	21.4 b	21.8 	19.7 	21.0 b	17.4 	14.3 	17.2 	19.8 b	14.6 	19.6 	15.4 	13.8 
A,ED0-2,T,Y15-74,PC,BE34	13.7 bu	19.0 u	14.5 u	14.1 bu	: u	11.9 u	11.3 u	11.1 bu	: u	15.0 u	11.5 u	14.4 u
A,ED0-2,T,Y15-74,PC,BE35	14.5 b	19.3 	17.4 	13.8 bu	14.6 u	15.0 	14.1 u	18.6 bu	16.2 u	13.7 u	17.7 	24.0 
A,ED0-2,T,Y15-74,PC,BG31	40.1 b	36.5 	32.3 	31.2 	35.4 	37.3 b	43.1 	36.9 b	23.8 	27.5 	31.1 b	22.3 
A,ED0-2,T,Y15-74,PC,BG32	31.2 b	27.2 	25.8 	19.8 	20.5 	19.4 b	19.2 u	25.2 b	19.5 u	17.3 u	16.1 bu	13.6 u
A,ED0-2,T,Y15-74,PC,BG33	30.6 b	27.8 	27.3 	24.6 	19.7 	15.4 b	14.6 	15.2 b	13.0 	13.5 	13.7 b	15.8 
A,ED0-2,T,Y15-74,PC,BG34	24.0 b	24.1 	20.5 	18.9 	13.8 	9.3 b	8.2 u	15.0 b	12.3 	11.7 	14.1 b	13.2 
A,ED0-2,T,Y15-74,PC,BG41	25.3 b	22.1 	16.2 	9.6 u	10.3 	8.4 bu	12.0 u	11.1 b	12.3 	13.4 	15.1 b	9.5 u
A,ED0-2,T,Y15-74,PC,BG42	26.2 b	21.3 	18.4 	12.0 	7.7 	5.6 bu	5.3 u	9.1 b	6.3 u	6.6 u	7.2 bu	7.1 u
A,ED0-2,T,Y15-74,PC,CH01	12.5 b	14.1 	12.1 	11.6 	11.8 	10.3 	11.4 	12.6 b	11.1 	9.7 	11.6 	11.1 
A,ED0-2,T,Y15-74,PC,CH02	9.1 b	7.9 	9.3 	8.3 	7.7 	6.9 	7.2 	8.5 b	8.7 	7.4 	8.7 	9.2 
A,ED0-2,T,Y15-74,PC,CH03	11.7 b	9.0 	11.7 	9.5 	7.6 	6.8 	9.8 	9.2 b	7.7 	8.9 	9.0 	7.9 
A,ED0-2,T,Y15-74,PC,CH04	6.0 b	6.8 	7.4 	7.3 	8.0 	7.6 	7.7 	10.0 b	8.0 	6.9 	6.6 	7.2 
A,ED0-2,T,Y15-74,PC,CH05	5.6 b	6.9 	8.3 	6.3 	5.7 	9.0 	7.3 	7.0 b	4.5 u	7.1 	5.7 	5.7 
A,ED0-2,T,Y15-74,PC,CH06	5.2 bu	4.6 u	4.8 u	3.0 u	4.5 u	4.0 u	4.7 u	6.3 bu	5.1 u	4.9 u	4.6 u	3.6 u
A,ED0-2,T,Y15-74,PC,CH07	9.5 bu	10.3 u	10.6 u	9.0 u	14.4 u	15.3 u	12.3 u	14.4 bu	11.3 u	10.8 u	12.6 u	9.6 u
A,ED0-2,T,Y15-74,PC,CY00	19.4 b	18.5 	15.6 	14.1 	9.8 	7.2 	7.5 	7.9 b	7.2 	6.5 	5.8 	5.8 
A,ED0-2,T,Y15-74,PC,CZ01	7.2 bu	11.3 u	9.4 u	7.7 u	5.0 u	5.7 u	3.3 u	10.2 bu	: u	9.9 u	5.5 u	: u
A,ED0-2,T,Y15-74,PC,CZ02	18.4 b	14.6 	15.9 	12.3 	9.0 u	6.7 u	4.9 u	10.7 b	5.7 u	7.6 u	9.8 	8.5 u
A,ED0-2,T,Y15-74,PC,CZ03	17.4 b	15.2 	16.0 	8.1 u	7.1 u	10.2 	7.3 u	10.4 b	9.5 	8.0 u	10.4 	10.6 u
A,ED0-2,T,Y15-74,PC,CZ04	26.3 b	27.6 	24.7 	15.4 	12.7 	10.1 	11.5 	15.3 b	15.4 	17.3 	17.6 	18.8 
A,ED0-2,T,Y15-74,PC,CZ05	20.0 b	21.6 	19.4 	11.5 	9.3 	9.1 	12.5 	12.1 b	9.8 	10.6 	12.9 	14.8 
A,ED0-2,T,Y15-74,PC,CZ06	20.4 b	17.8 	14.6 	11.1 	11.8 	10.6 	9.4 	8.3 bu	9.0 u	12.8 	9.5 	10.3 u
A,ED0-2,T,Y15-74,PC,CZ07	26.1 b	22.8 	15.8 	12.2 	9.6 u	13.6 	10.7 	12.8 bu	18.0 	13.4 	9.1 u	12.0 u
A,ED0-2,T,Y15-74,PC,CZ08	30.1 b	37.9 	34.1 	21.6 	16.3 	17.7 	19.9 	20.5 b	22.3 	18.4 	15.4 	19.9 
A,ED0-2,T,Y15-74,PC,DE11	6.2 b	8.0 	7.6 	6.5 	5.9 	5.1 	7.4 bu	6.8 b	5.2 u	5.9 	6.5 	6.8 
A,ED0-2,T,Y15-74,PC,DE12	6.9 b	7.4 	7.4 	7.2 	6.7 	5.5 	: bu	6.9 bu	5.8 u	5.2 u	5.6 u	6.9 u
A,ED0-2,T,Y15-74,PC,DE13	6.2 b	5.9 	6.5 	6.5 	6.5 	4.0 	: bu	6.3 bu	: u	: u	: u	: u
A,ED0-2,T,Y15-74,PC,DE14	6.3 b	7.4 	5.9 	5.1 	4.3 	4.5 	: bu	: bu	: u	: u	: u	: u
A,ED0-2,T,Y15-74,PC,DE21	5.3 b	5.2 	5.6 	5.4 	5.9 	4.4 	: bu	6.4 bu	4.3 u	4.8 u	4.8 u	6.1 u
A,ED0-2,T,Y15-74,PC,DE22	7.4 b	6.5 	5.8 	: u	: u	: u	: bu	: bu	: u	: u	: u	: u
A,ED0-2,T,Y15-74,PC,DE23	: bu	: u	6.2 	: u	: u	: u	: bu	: bu	: u	: u	: u	: u
A,ED0-2,T,Y15-74,PC,DE24	9.2 b	8.4 	7.8 	8.8 	: u	: u	: bu	: bu	: u	: u	: u	: u
A,ED0-2,T,Y15-74,PC,DE25	7.7 b	6.4 	4.9 	4.4 	: u	4.8 	: bu	: bu	: u	: u	: u	11.1 u
A,ED0-2,T,Y15-74,PC,DE26	: bu	5.9 	6.1 	: u	: u	: u	: bu	: bu	: u	: u	: u	: u
A,ED0-2,T,Y15-74,PC,DE27	7.0 b	5.9 	6.3 	6.1 	5.4 	4.5 	: bu	: bu	: u	: u	: u	: u
A,ED0-2,T,Y15-74,PC,DE30	26.5 b	26.2 	22.9 	20.9 	18.7 	15.6 	19.5 b	10.8 bu	15.1 	11.5 	10.3 	12.1 
A,ED0-2,T,Y15-74,PC,DE40	17.4 b	14.3 	13.2 	13.8 	14.7 	10.8 	: bu	: bu	: u	10.3 u	: u	13.4 u
A,ED0-2,T,Y15-74,PC,DE50	14.9 b	12.9 	9.2 	: u	: u	10.5 	: bu	: bu	: u	: u	: u	: u
A,ED0-2,T,Y15-74,PC,DE60	10.9 b	10.6 	10.9 	11.8 	10.7 	10.1 	: bu	: bu	9.2 u	10.7 u	10.3 u	11.9 u
A,ED0-2,T,Y15-74,PC,DE71	11.1 b	9.7 	9.8 	10.0 	8.2 	7.5 	9.0 bu	7.9 b	8.1 	6.3 u	6.2 u	7.2 u
A,ED0-2,T,Y15-74,PC,DE72	12.2 b	9.8 	9.0 	8.9 	8.1 	7.8 	: bu	: bu	: u	: u	: u	: u
A,ED0-2,T,Y15-74,PC,DE73	12.7 b	7.8 	9.1 	6.1 	6.9 	7.1 	: bu	: bu	: u	: u	: u	: u
A,ED0-2,T,Y15-74,PC,DE80	19.5 b	18.1 	13.7 	15.4 	15.2 	10.9 	: bu	: bu	: u	: u	: u	: u
A,ED0-2,T,Y15-74,PC,DE91	14.6 b	12.9 	13.0 	12.9 	12.2 	8.6 	: bu	: bu	: u	: u	: u	11.0 u
A,ED0-2,T,Y15-74,PC,DE92	12.6 b	9.9 	12.4 	11.5 	10.9 	11.2 	: bu	6.2 bu	5.9 u	6.5 u	: u	9.1 u
A,ED0-2,T,Y15-74,PC,DE93	10.5 b	8.9 	9.4 	9.5 	7.5 	8.1 	: bu	: bu	: u	: u	: u	: u
A,ED0-2,T,Y15-74,PC,DE94	10.4 b	9.2 	7.7 	7.0 	6.1 	7.6 	: bu	7.4 bu	5.2 u	6.0 u	7.2 u	6.3 u
A,ED0-2,T,Y15-74,PC,DEA1	14.6 b	14.1 	11.8 	10.9 	10.9 	9.3 	13.3 b	8.9 b	8.9 	7.7 	7.5 	10.4 
A,ED0-2,T,Y15-74,PC,DEA2	13.3 b	12.5 	9.2 	8.6 	9.2 	8.8 	7.9 bu	9.4 b	7.4 	6.2 u	7.0 	8.2 
A,ED0-2,T,Y15-74,PC,DEA3	12.9 b	12.5 	12.4 	9.7 	10.3 	8.9 	: bu	9.7 bu	8.8 u	7.4 u	7.4 u	7.9 u
A,ED0-2,T,Y15-74,PC,DEA4	10.5 b	12.2 	10.1 	9.5 	8.1 	7.1 	: bu	7.4 bu	: u	: u	6.9 u	7.6 u
A,ED0-2,T,Y15-74,PC,DEA5	14.1 b	12.4 	11.7 	12.0 	10.0 	10.0 	12.2 bu	8.8 b	8.4 	7.6 	8.0 	10.8 
A,ED0-2,T,Y15-74,PC,DEB1	9.8 b	8.2 	7.4 	7.8 	7.5 	5.7 	: bu	: bu	: u	: u	: u	: u
A,ED0-2,T,Y15-74,PC,DEB2	: bu	: u	: u	: u	: u	: u	: bu	: bu	: u	: u	: u	: u
A,ED0-2,T,Y15-74,PC,DEB3	9.8 b	12.1 	10.6 	8.3 	8.8 	7.7 	: bu	8.4 bu	6.4 u	7.7 u	6.1 u	8.2 u
A,ED0-2,T,Y15-74,PC,DEC0	15.6 b	15.0 	11.2 	11.7 	10.2 	10.4 	: bu	: bu	: u	: u	: u	: u
A,ED0-2,T,Y15-74,PC,DED2	22.6 b	22.2 	15.6 	16.6 	14.7 	12.2 	: bu	: bu	: u	: u	: u	: u
A,ED0-2,T,Y15-74,PC,DED4	17.1 b	17.1 	14.3 	14.9 	: u	13.8 	: bu	: bu	: u	: u	: u	: u
A,ED0-2,T,Y15-74,PC,DED5	29.2 b	23.6 	21.5 	: u	16.5 	17.7 	: bu	: bu	: u	: u	: u	: u
A,ED0-2,T,Y15-74,PC,DEE0	23.6 b	23.7 	20.3 	20.3 	17.2 	11.8 	: bu	14.9 bu	12.1 u	: u	14.8 u	14.4 u
A,ED0-2,T,Y15-74,PC,DEF0	12.2 b	12.2 	10.5 	9.1 	8.5 	7.3 	: bu	7.6 bu	8.0 u	6.5 u	6.1 u	9.1 u
A,ED0-2,T,Y15-74,PC,DEG0	16.9 b	15.6 	18.1 	16.0 	12.8 	13.0 	: bu	: bu	: u	: u	: u	14.1 u
A,ED0-2,T,Y15-74,PC,DK01	14.1 b	12.3 	11.2 b	10.6 b	9.5 	9.4 	11.2 	10.2 b	8.6 	9.6 b	14.1 	13.2 
A,ED0-2,T,Y15-74,PC,DK02	11.5 b	10.6 	9.1 b	9.3 b	9.1 	8.4 	10.1 	8.6 b	7.3 	7.9 b	8.9 	9.1 
A,ED0-2,T,Y15-74,PC,DK03	11.3 b	10.2 	9.0 b	10.6 b	8.7 	8.1 	8.4 	7.1 b	7.6 	7.8 b	9.6 	10.6 
A,ED0-2,T,Y15-74,PC,DK04	9.2 b	9.1 	7.4 b	8.0 b	7.4 	7.7 	8.1 	8.2 b	7.1 	10.6 b	10.3 	10.6 
A,ED0-2,T,Y15-74,PC,DK05	9.6 b	8.9 	8.7 b	9.3 b	8.1 	8.2 	9.2 	8.0 b	7.6 	6.2 b	8.9 	10.8 
A,ED0-2,T,Y15-74,PC,EE00	13.0 b	12.3 	12.9 	10.8 	10.5 	9.6 	13.6 	14.4 b	12.0 	13.0 	14.8 	18.5 
A,ED0-2,T,Y15-74,PC,EL30	37.4 b	32.5 	32.4 	32.0 	33.6 	30.7 	23.2 	21.0 b	19.4 	19.3 	18.3 	18.0 
A,ED0-2,T,Y15-74,PC,EL41	28.1 b	19.4 	20.8 	26.2 	25.6 	19.0 u	17.6 u	12.2 bu	9.5 u	10.4 u	: u	: u
A,ED0-2,T,Y15-74,PC,EL42	20.3 b	14.7 	19.5 	18.1 	21.0 	14.7 	22.1 	16.2 b	12.5 	9.4 u	12.6 	10.1 
A,ED0-2,T,Y15-74,PC,EL43	25.6 b	26.2 	23.4 	16.5 	11.5 	10.4 	16.0 	14.5 b	14.1 	12.3 	9.4 	6.0 
A,ED0-2,T,Y15-74,PC,EL51	24.7 b	22.6 	22.0 	18.4 	14.1 	17.2 	17.3 	20.0 b	14.1 	12.8 	10.0 	10.7 
A,ED0-2,T,Y15-74,PC,EL52	30.8 b	29.1 	28.0 	27.2 	24.3 	24.7 	21.8 	15.9 b	15.5 	13.8 	11.5 	13.4 
A,ED0-2,T,Y15-74,PC,EL53	27.8 b	28.1 	31.0 	29.4 	24.8 	17.6 	16.0 u	12.3 bu	11.9 u	10.2 u	11.7 u	21.5 u
A,ED0-2,T,Y15-74,PC,EL54	24.0 b	21.5 	24.7 	26.3 	22.6 	17.7 	17.0 	14.7 b	13.0 	12.7 u	8.6 u	10.8 u
A,ED0-2,T,Y15-74,PC,EL61	21.4 b	28.8 	28.8 	21.1 	18.0 	18.9 	17.5 	18.7 b	10.8 	7.6 	8.4 	5.2 u
A,ED0-2,T,Y15-74,PC,EL62	20.5 b	14.4 	16.8 	23.0 	16.1 	12.1 u	18.2 	14.3 bu	16.7 	17.5 	16.4 u	8.5 u
A,ED0-2,T,Y15-74,PC,EL63	26.0 b	28.3 	28.9 	24.8 	23.4 	24.8 	19.8 	15.7 b	10.7 	6.0 u	7.8 	10.3 
A,ED0-2,T,Y15-74,PC,EL64	23.6 b	24.1 	23.2 	20.8 	18.0 	16.0 	16.4 	17.9 b	17.6 	12.6 	13.2 	13.6 
A,ED0-2,T,Y15-74,PC,EL65	22.4 b	21.3 	17.2 	15.3 	12.7 	10.6 	10.8 	12.5 b	15.1 	6.9 	5.9 u	9.0 
A,ED0-2,T,Y15-74,PC,ES11	27.8 b	24.5 	22.6 	21.1 	18.3 	15.9 	14.8 	14.2 bd	13.9 d	12.1 d	12.7 d	11.5 d
A,ED0-2,T,Y15-74,PC,ES12	29.7 b	26.7 	24.3 	20.4 	19.7 	21.0 	19.2 	16.4 bd	17.8 d	17.5 d	16.3 d	13.5 d
A,ED0-2,T,Y15-74,PC,ES13	27.2 b	25.1 	19.5 	18.4 	15.0 	15.9 	17.7 	17.7 bd	14.1 d	10.2 d	10.3 d	10.7 d
A,ED0-2,T,Y15-74,PC,ES21	25.4 b	23.8 	20.2 	18.8 	17.0 	16.6 	16.7 	19.9 bd	16.3 d	12.6 d	14.0 d	13.3 d
A,ED0-2,T,Y15-74,PC,ES22	23.8 b	19.4 	19.6 	15.3 	17.5 	13.3 	16.5 	19.6 bd	18.6 d	14.5 d	12.9 d	12.8 d
A,ED0-2,T,Y15-74,PC,ES23	25.4 b	21.4 	19.5 	16.1 	13.9 	12.7 	14.2 	16.1 bd	14.6 d	13.8 d	16.2 d	10.9 d
A,ED0-2,T,Y15-74,PC,ES24	27.0 b	21.8 	20.0 	17.2 	16.3 	14.7 	17.5 	13.6 bd	15.4 d	12.4 d	12.1 d	12.5 d
A,ED0-2,T,Y15-74,PC,ES30	28.3 b	27.6 	25.2 	22.4 	19.0 	14.6 	17.9 	17.6 bd	16.2 d	15.6 d	13.9 d	11.9 d
A,ED0-2,T,Y15-74,PC,ES41	27.4 b	24.4 	22.0 	19.7 	17.0 	16.2 	17.0 	16.2 bd	14.1 d	13.3 d	14.0 d	12.4 d
A,ED0-2,T,Y15-74,PC,ES42	36.7 b	33.9 	30.5 	26.4 	23.1 	20.6 	22.3 	19.1 bd	20.1 d	17.8 d	17.4 d	16.2 d
A,ED0-2,T,Y15-74,PC,ES43	38.1 b	36.8 	34.1 	34.0 	29.6 	26.6 	27.3 	26.3 bd	23.2 d	22.2 d	20.2 d	20.1 d
A,ED0-2,T,Y15-74,PC,ES51	29.2 b	26.9 	23.3 	20.3 	16.9 	17.0 	18.5 	17.4 bd	16.2 d	14.4 d	14.8 d	13.5 d
A,ED0-2,T,Y15-74,PC,ES52	32.8 b	30.2 	27.0 	23.7 	22.0 	18.3 	20.3 	22.1 bd	18.9 d	18.1 d	16.5 d	15.6 d
A,ED0-2,T,Y15-74,PC,ES53	25.6 b	23.0 	20.0 	16.8 	14.2 	14.3 	19.9 	19.4 bd	14.3 d	13.3 d	12.0 d	11.9 d
A,ED0-2,T,Y15-74,PC,ES61	44.6 b	40.4 	37.5 	34.0 	30.6 	28.5 	29.1 	28.7 bd	26.4 d	25.4 d	23.1 d	21.4 d
A,ED0-2,T,Y15-74,PC,ES62	32.8 b	31.7 	26.2 	23.2 	21.1 	19.4 	19.0 	19.4 bd	17.6 d	16.5 d	17.8 d	17.1 d
A,ED0-2,T,Y15-74,PC,ES63	45.8 b	41.1 	37.7 	32.8 	40.0 	38.5 	36.4 	39.9 bd	38.0 d	41.9 d	44.2 d	38.3 d
A,ED0-2,T,Y15-74,PC,ES64	48.4 b	46.5 	41.6 	39.6 	40.6 	41.8 	42.8 	39.2 bd	37.5 d	45.2 d	44.4 d	37.7 d
A,ED0-2,T,Y15-74,PC,ES70	39.9 b	36.4 	33.2 	30.1 	26.7 	27.2 	29.1 	31.9 bd	23.5 d	22.1 d	18.1 d	17.8 d
A,ED0-2,T,Y15-74,PC,FI19	15.4 b	19.1 	17.2 	18.2 	14.6 	15.2 	18.8 	17.5 b	14.3 	14.1 	17.4 	21.0 
A,ED0-2,T,Y15-74,PC,FI1B	16.1 b	15.9 	16.0 	17.8 	16.3 	16.5 	19.5 	18.0 b	16.6 	18.8 	22.3 	24.6 
A,ED0-2,T,Y15-74,PC,FI1C	19.2 b	18.4 	17.1 	16.9 	16.6 	15.0 	16.3 	15.2 b	13.6 	15.5 	21.4 	21.6 
A,ED0-2,T,Y15-74,PC,FI1D	19.6 b	18.2 	17.3 	19.4 	16.3 	17.4 	20.2 	15.5 b	14.5 	14.1 	19.8 	24.2 
A,ED0-2,T,Y15-74,PC,FI20	: bu	: u	: u	: u	: u	: u	: u	: bu	: u	: u	: u	: u
A,ED0-2,T,Y15-74,PC,FR10	14.6 	15.7 	16.2 	15.7 	15.2 	13.4 	11.8 	13.9 bd	11.7 d	11.1 d	12.0 d	13.6 d
A,ED0-2,T,Y15-74,PC,FRB0	13.5 	15.7 	14.5 	14.2 	12.0 	12.1 	14.2 	13.2 bd	13.4 d	9.4 d	8.8 d	10.4 d
A,ED0-2,T,Y15-74,PC,FRC1	17.1 	13.7 	14.9 	18.1 	16.3 	15.5 	15.2 	11.2 bd	13.3 d	13.3 d	10.8 d	13.9 d
A,ED0-2,T,Y15-74,PC,FRC2	12.5 	13.1 	15.4 	15.1 	10.4 u	11.2 u	12.0 u	17.1 bd	12.9 du	11.5 du	11.8 du	14.3 du
A,ED0-2,T,Y15-74,PC,FRD1	11.8 	10.4 	11.9 	10.8 	11.8 	12.2 	8.4 u	10.1 bdu	10.9 du	9.3 du	10.9 du	14.8 d
A,ED0-2,T,Y15-74,PC,FRD2	21.4 	17.2 	20.2 	20.0 	16.6 	16.9 	15.9 	13.2 bd	13.6 d	15.7 d	19.2 d	16.0 d
A,ED0-2,T,Y15-74,PC,FRE1	23.4 	21.2 	23.7 	23.9 	23.7 	24.7 	16.9 	17.1 bd	15.1 d	18.2 d	18.2 d	16.9 d
A,ED0-2,T,Y15-74,PC,FRE2	16.3 	15.9 	17.2 	15.7 	15.5 	15.2 	16.6 	18.4 bd	16.7 d	17.7 d	12.9 d	16.1 d
A,ED0-2,T,Y15-74,PC,FRF1	19.5 	18.9 	19.1 	18.1 	14.5 	15.8 	16.4 	12.6 bd	13.7 d	14.5 d	14.4 d	12.4 d
A,ED0-2,T,Y15-74,PC,FRF2	16.2 	19.0 	18.4 	15.9 	15.7 	18.3 	18.9 	14.6 bd	14.1 d	12.7 d	16.5 d	15.3 d
A,ED0-2,T,Y15-74,PC,FRF3	18.2 	22.5 	23.2 	20.5 	16.7 	15.0 	12.5 	15.0 bd	11.1 d	10.8 d	13.4 d	12.3 d
A,ED0-2,T,Y15-74,PC,FRG0	17.0 	17.1 	19.1 	13.3 	13.1 	13.8 	11.4 	9.7 bd	11.3 d	10.8 d	10.4 d	14.3 d
A,ED0-2,T,Y15-74,PC,FRH0	12.6 	11.8 	15.4 	14.0 	12.6 	11.7 	10.7 	11.7 bd	10.1 d	9.3 d	10.7 d	12.5 d
A,ED0-2,T,Y15-74,PC,FRI1	14.8 	16.6 	17.7 	16.2 	18.2 	17.5 	12.7 	14.8 bd	13.3 d	16.4 d	11.7 d	14.1 d
A,ED0-2,T,Y15-74,PC,FRI2	15.7 u	13.4 u	14.0 u	13.7 u	14.0 u	15.4 u	: u	: bu	17.0 du	: u	: u	: u
A,ED0-2,T,Y15-74,PC,FRI3	18.4 	18.1 	17.9 	16.7 	15.1 	15.2 	16.7 	13.7 bd	14.2 d	12.0 d	8.6 du	8.9 du
A,ED0-2,T,Y15-74,PC,FRJ1	18.8 	19.4 	16.9 	20.3 	19.0 	17.8 	17.6 	21.0 bd	15.6 d	18.7 d	16.2 d	18.3 d
A,ED0-2,T,Y15-74,PC,FRJ2	17.8 	16.0 	16.7 	11.9 	15.0 	12.3 	10.4 	12.0 bd	9.0 d	8.4 d	13.2 d	15.3 d
A,ED0-2,T,Y15-74,PC,FRK1	11.6 	15.9 	14.9 	15.0 	14.6 	10.8 u	9.5 u	11.8 bd	11.2 du	14.1 d	18.1 d	16.7 d
A,ED0-2,T,Y15-74,PC,FRK2	15.3 	17.5 	15.8 	13.3 	12.8 	12.3 	12.8 	13.0 bd	13.1 d	12.6 d	14.7 d	14.3 d
A,ED0-2,T,Y15-74,PC,FRL0	16.1 	18.1 	17.3 	17.7 	15.6 	15.0 	14.4 	13.5 bd	12.9 d	12.1 d	10.7 d	12.9 d
A,ED0-2,T,Y15-74,PC,FRM0	17.2 u	29.6 u	18.3 u	14.1 u	: u	: u	18.8 u	: bu	: u	15.4 du	: u	: u
A,ED0-2,T,Y15-74,PC,FRY1	33.3 	29.5 	32.0 	30.4 	30.5 	28.9 	24.7 	22.0 bd	26.9 d	28.1 d	27.9 d	27.4 d
A,ED0-2,T,Y15-74,PC,FRY2	24.4 	23.7 	27.0 	24.4 	21.8 	20.9 	13.8 u	17.5 bd	16.5 d	15.9 du	15.4 du	17.0 d
A,ED0-2,T,Y15-74,PC,FRY3	32.3 	34.6 	35.3 	36.9 	30.5 	32.2 	25.6 	24.2 bd	27.1 d	25.2 d	30.7 d	32.0 d
A,ED0-2,T,Y15-74,PC,FRY4	37.2 	33.8 	32.2 	30.9 	33.7 	31.0 	21.9 	26.7 bd	25.5 d	26.7 d	27.3 d	23.3 d
A,ED0-2,T,Y15-74,PC,FRY5	24.2 	31.4 	38.4 	38.9 	44.9 	40.9 	39.4 u	: 	: 	: 	: 	: 
A,ED0-2,T,Y15-74,PC,HR02	: 	: 	22.2 	25.7 	17.4 	15.3 u	15.9 u	13.5 bu	16.5 u	15.8 u	13.0 u	13.6 u
A,ED0-2,T,Y15-74,PC,HR03	26.9 b	22.8 u	17.2 u	15.5 u	10.3 u	5.4 u	7.2 u	10.7 bu	11.2 u	11.3 u	13.7 u	12.6 u
A,ED0-2,T,Y15-74,PC,HR04	25.6 b	21.2 	: 	: 	: 	: 	: 	: 	: 	: 	: 	: 
A,ED0-2,T,Y15-74,PC,HR05	: 	: 	13.1 u	18.5 u	: u	14.5 u	: u	13.1 bu	11.2 u	12.8 u	: u	: u
A,ED0-2,T,Y15-74,PC,HR06	: 	: 	13.3 u	15.8 u	5.7 u	3.6 u	7.3 u	8.1 bu	5.5 u	7.4 u	6.1 u	3.9 u
A,ED0-2,T,Y15-74,PC,HU11	22.4 b	18.8 	14.9 	9.0 	9.4 bu	7.7 u	8.5 u	9.7 bu	10.3 u	8.3 u	: u	10.6 u
A,ED0-2,T,Y15-74,PC,HU12	12.7 b	9.8 	7.4 u	7.2 u	5.4 bu	5.5 u	10.5 	7.2 bu	5.8 u	8.3 u	10.2 	10.3 
A,ED0-2,T,Y15-74,PC,HU21	13.6 b	11.0 	6.2 u	5.7 u	5.9 bu	3.8 u	5.1 u	: bu	: u	5.4 u	6.4 u	4.9 u
A,ED0-2,T,Y15-74,PC,HU22	10.8 b	12.9 	7.7 u	7.0 u	: bu	: u	: u	7.6 bu	7.5 u	9.9 u	12.6 	7.6 u
A,ED0-2,T,Y15-74,PC,HU23	19.4 b	19.6 	15.9 	14.9 	16.0 b	13.9 	13.5 	12.4 b	13.6 	15.9 	18.5 	16.6 
A,ED0-2,T,Y15-74,PC,HU31	22.3 b	19.2 	15.8 	13.5 	10.7 b	9.4 	10.0 	11.8 b	13.3 	14.6 	16.6 	16.2 
A,ED0-2,T,Y15-74,PC,HU32	24.5 b	21.8 	17.8 	16.9 	16.2 b	15.7 	16.0 	16.7 b	17.5 	17.4 	18.6 	17.0 
A,ED0-2,T,Y15-74,PC,HU33	16.6 b	19.7 	13.0 	8.7 	8.7 b	9.9 	11.4 	11.7 b	13.2 	15.9 	12.7 	12.9 
A,ED0-2,T,Y15-74,PC,IE04	15.8 b	13.6 	11.1 	8.2 b	8.6 	6.9 u	: u	: bu	: u	: u	: u	: u
A,ED0-2,T,Y15-74,PC,IE05	20.1 b	17.8 	14.1 	11.4 b	9.4 	10.1 	8.9 	9.9 b	8.0 u	9.0 	7.7 u	8.5 u
A,ED0-2,T,Y15-74,PC,IE06	21.5 b	18.4 	16.5 	13.4 b	11.0 	8.8 	8.7 	12.4 b	11.1 	10.0 	8.5 	12.2 
A,ED0-2,T,Y15-74,PC,IS00	7.0 b	6.1 	4.5 	4.7 	4.5 	5.7 	8.4 b	10.0 b	7.3 	6.8 	6.6 	: 
A,ED0-2,T,Y15-74,PC,ITC1	15.1 b	13.7 	12.4 	12.2 	11.3 b	10.9 	10.3 	10.5 b	9.6 	9.5 	7.8 	8.6 
A,ED0-2,T,Y15-74,PC,ITC2	11.9 b	12.0 	11.8 	11.5 u	10.3 bu	9.3 u	8.7 u	10.4 bu	: u	: u	: u	: u
A,ED0-2,T,Y15-74,PC,ITC3	16.0 b	13.6 	14.7 	15.3 	14.8 b	15.2 	13.7 	12.8 b	11.5 	10.1 	8.8 	7.6 
A,ED0-2,T,Y15-74,PC,ITC4	10.5 b	10.1 	9.8 	8.6 	8.0 b	8.0 	6.7 	7.8 b	6.4 	5.7 	4.8 	3.8 
A,ED0-2,T,Y15-74,PC,ITF1	12.2 b	12.1 	13.4 	12.4 	12.5 b	11.4 	11.3 	9.7 b	11.1 	11.2 	8.2 	7.7 
A,ED0-2,T,Y15-74,PC,ITF2	14.0 b	16.2 	14.3 	15.9 	14.4 b	13.3 	11.9 	14.7 b	15.1 	12.7 	11.8 	9.2 u
A,ED0-2,T,Y15-74,PC,ITF3	27.9 b	25.3 	25.7 	28.0 	27.0 b	27.2 	24.9 	27.0 b	25.3 	26.2 	24.3 	23.3 
A,ED0-2,T,Y15-74,PC,ITF4	25.6 b	22.9 	23.6 	22.9 	19.5 b	17.8 	18.2 	18.0 b	14.1 	13.5 	10.9 	12.1 
A,ED0-2,T,Y15-74,PC,ITF5	15.4 b	13.6 	13.6 	14.3 	12.7 b	11.0 	9.4 	9.7 b	6.6 	8.4 	7.8 	7.5 
A,ED0-2,T,Y15-74,PC,ITF6	27.3 b	26.5 	27.1 	26.7 	25.5 b	25.5 	25.3 	21.2 b	16.7 	19.1 	15.1 	10.1 
A,ED0-2,T,Y15-74,PC,ITG1	28.2 b	27.2 	28.9 	26.5 	27.2 b	26.3 	23.5 	25.1 b	22.9 	22.1 	19.2 	17.6 
A,ED0-2,T,Y15-74,PC,ITG2	22.7 b	21.2 	19.4 	21.2 	18.9 b	16.2 	17.0 	16.4 b	14.7 	13.2 	10.4 	13.1 
A,ED0-2,T,Y15-74,PC,ITH1	7.0 b	4.7 	4.9 	4.6 	3.7 b	4.3 	5.7 	5.5 b	3.2 u	2.4 u	2.3 u	2.5 u
A,ED0-2,T,Y15-74,PC,ITH2	9.6 b	9.9 	10.3 	8.1 	6.7 b	7.7 	7.4 	7.1 b	4.9 u	4.9 u	4.2 u	3.4 u
A,ED0-2,T,Y15-74,PC,ITH3	8.4 b	8.4 	8.4 	9.1 	8.5 b	8.2 	6.8 	7.5 b	6.4 	5.9 	4.2 	4.3 
A,ED0-2,T,Y15-74,PC,ITH4	9.6 b	10.5 	9.9 	7.7 	8.5 b	8.2 	7.9 	7.1 b	7.7 	6.3 	7.5 	7.7 
A,ED0-2,T,Y15-74,PC,ITH5	10.5 b	10.0 	9.6 	9.0 	8.9 b	7.8 	8.0 	7.6 b	7.0 	6.7 	6.5 	5.4 
A,ED0-2,T,Y15-74,PC,ITI1	12.8 b	11.0 	11.9 	11.5 	10.1 b	8.4 	8.6 	9.8 b	8.0 	6.0 	5.1 	5.3 
A,ED0-2,T,Y15-74,PC,ITI2	12.9 b	14.4 	13.3 	14.8 	12.6 b	13.2 	12.4 	7.0 b	10.2 	7.7 	6.8 	5.5 
A,ED0-2,T,Y15-74,PC,ITI3	11.9 b	12.7 	12.9 	13.0 	9.6 b	10.0 	8.4 	8.9 b	8.3 	6.9 	6.7 	5.9 
A,ED0-2,T,Y15-74,PC,ITI4	17.2 b	15.6 	15.0 	15.0 	14.3 b	12.2 	13.3 	14.5 b	11.0 	12.2 	8.9 	7.2 
A,ED0-2,T,Y15-74,PC,LT01	30.2 b	26.0 u	26.9 u	18.7 u	19.2 u	14.6 u	25.0 u	16.8 bu	14.9 u	: u	11.0 u	: u
A,ED0-2,T,Y15-74,PC,LT02	29.7 b	26.4 	24.7 	21.2 	17.6 	19.0 	22.3 	16.6 b	16.9 	19.5 	18.5 	21.4 
A,ED0-2,T,Y15-74,PC,LU00	10.2 b	10.6 b	9.9 	8.9 	8.4 	8.9 	11.4 	8.5 b	8.7 	8.8 	11.2 	10.9 u
A,ED0-2,T,Y15-74,PC,LV00	24.0 b	21.9 	20.6 	18.8 	16.5 	13.7 	18.4 	14.5 b	14.9 	13.3 	15.3 	16.1 
A,ED0-2,T,Y15-74,PC,ME00	32.2 b	28.3 	24.6 	22.2 	20.1 	26.0 	33.6 	: 	: 	: 	: 	: 
A,ED0-2,T,Y15-74,PC,MK00	32.2 b	29.9 	29.2 	26.5 	23.8 	23.4 	21.4 	23.1 b	21.1 	19.3 	18.9 	16.4 
A,ED0-2,T,Y15-74,PC,MT00	9.0 b	8.8 	7.4 	6.1 	5.6 	4.8 	6.5 	5.2 b	4.4 	5.1 	4.2 	4.1 
A,ED0-2,T,Y15-74,PC,NL11	15.4 b	14.3 	14.1 	12.9 	9.2 	8.7 b	9.1 	9.8 b	7.2 	6.5 	9.2 	7.0 
A,ED0-2,T,Y15-74,PC,NL12	12.9 b	13.2 	10.6 	8.9 	7.9 	7.5 b	6.4 	5.8 b	6.4 	6.8 	6.3 	6.2 
A,ED0-2,T,Y15-74,PC,NL13	12.6 b	12.4 	11.3 	8.7 	8.3 	5.3 b	7.6 	4.9 b	4.7 	5.8 	7.0 	5.8 
A,ED0-2,T,Y15-74,PC,NL21	13.1 b	11.0 	9.7 	8.1 	6.5 	4.9 b	6.1 	5.9 b	4.6 	5.0 	5.5 	5.6 
A,ED0-2,T,Y15-74,PC,NL22	10.8 b	9.8 	8.0 	7.3 	6.0 	5.5 b	5.9 	6.9 b	6.0 	4.9 	5.5 	5.0 
A,ED0-2,T,Y15-74,PC,NL23	18.2 b	12.9 	14.1 	10.3 	7.3 	6.9 b	8.2 	8.3 b	6.6 	8.5 	6.7 	6.3 
A,ED0-2,T,Y15-74,PC,NL31	10.1 b	10.8 	7.4 	7.9 	5.9 	: 	: 	: 	: 	: 	: 	: 
A,ED0-2,T,Y15-74,PC,NL32	12.0 b	10.2 	9.0 	7.8 	6.6 	5.3 b	7.2 	8.1 b	5.8 	6.0 	5.8 	5.9 
A,ED0-2,T,Y15-74,PC,NL33	13.7 b	13.0 	12.3 	9.8 	7.8 	: 	: 	: 	: 	: 	: 	: 
A,ED0-2,T,Y15-74,PC,NL34	8.8 b	6.8 	6.4 	3.7 u	4.6 u	3.5 bu	4.8 u	4.2 bu	3.3 u	3.1 u	3.2 u	3.8 u
A,ED0-2,T,Y15-74,PC,NL35	: 	: 	: 	: 	: 	4.6 b	6.2 	7.6 b	6.0 	5.8 	7.1 	7.5 
A,ED0-2,T,Y15-74,PC,NL36	: 	: 	: 	: 	: 	7.3 b	7.8 	7.7 b	6.4 	7.0 	6.7 	8.0 
A,ED0-2,T,Y15-74,PC,NL41	10.8 b	10.9 	8.8 	7.0 	5.5 	5.3 b	6.4 	6.3 b	4.6 	4.7 	5.4 	4.7 
A,ED0-2,T,Y15-74,PC,NL42	10.8 b	9.1 	8.9 	8.9 	5.3 	4.7 b	5.6 	6.3 b	6.3 	4.5 	4.3 	4.6 
A,ED0-2,T,Y15-74,PC,NO01	7.8 b	10.5 	: 	: 	: 	: 	: 	: 	: 	: 	: 	: 
A,ED0-2,T,Y15-74,PC,NO02	6.9 b	9.5 	9.7 	: u	: u	: u	: u	: bu	: u	: u	: u	: u
A,ED0-2,T,Y15-74,PC,NO03	8.1 b	11.0 	: 	: 	: 	: 	: 	: 	: 	: 	: 	: 
A,ED0-2,T,Y15-74,PC,NO04	6.8 b	8.3 	: 	: 	: 	: 	: 	: 	: 	: 	: 	: 
A,ED0-2,T,Y15-74,PC,NO05	5.8 b	8.7 	: 	: 	: 	: 	: 	: 	: 	: 	: 	: 
A,ED0-2,T,Y15-74,PC,NO06	10.8 b	6.6 	8.7 	: u	: u	: u	: u	: bu	: u	: u	: u	: u
A,ED0-2,T,Y15-74,PC,NO07	7.9 b	8.3 	8.1 	: u	: u	: u	: u	: bu	: u	: u	: u	: u
A,ED0-2,T,Y15-74,PC,NO08	: 	: 	10.2 	9.9 	9.6 	9.2 	11.4 	12.7 b	9.7 	10.3 	12.7 	12.8 
A,ED0-2,T,Y15-74,PC,NO09	: 	: 	10.9 	10.6 u	10.2 u	8.0 u	: u	8.9 bu	8.3 u	: u	9.7 u	10.0 u
A,ED0-2,T,Y15-74,PC,NO0A	: 	: 	10.2 	10.0 	7.8 u	7.4 u	10.0 	10.2 b	6.7 u	10.4 	8.8 	11.7 
A,ED0-2,T,Y15-74,PC,PL21	17.3 bu	10.1 u	7.0 bu	9.1 u	: u	: bu	: u	: bu	: u	: u	: u	: u
A,ED0-2,T,Y15-74,PC,PL22	25.3 b	24.2 	17.7 bu	14.5 u	13.5 u	8.3 bu	: u	: bu	: u	: u	: u	: u
A,ED0-2,T,Y15-74,PC,PL41	13.8 bu	14.9 u	12.8 bu	6.6 u	: u	: bu	: u	: bu	: u	: u	: u	: u
A,ED0-2,T,Y15-74,PC,PL42	18.5 bu	17.3 u	16.9 bu	10.0 u	11.9 u	9.2 bu	: u	: bu	: u	: u	: u	: u
A,ED0-2,T,Y15-74,PC,PL43	17.5 bu	16.6 u	: bu	: u	: u	: bu	: u	: bu	: u	: u	: u	: u
A,ED0-2,T,Y15-74,PC,PL51	27.2 b	24.0 	18.8 bu	12.0 u	8.9 u	12.4 bu	: u	17.8 bu	15.5 u	: u	: u	: u
A,ED0-2,T,Y15-74,PC,PL52	: bu	: u	: bu	: u	: u	: bu	: u	: bu	: u	: u	: u	: u
A,ED0-2,T,Y15-74,PC,PL61	20.3 bu	16.0 u	18.5 bu	15.2 u	13.8 u	9.7 bu	: u	: bu	: u	: u	: u	: u
A,ED0-2,T,Y15-74,PC,PL62	19.7 bu	18.1 u	19.4 bu	18.3 u	13.9 u	: bu	: u	: bu	: u	: u	: u	: u
A,ED0-2,T,Y15-74,PC,PL63	19.5 bu	17.5 u	10.0 bu	8.8 u	9.2 u	: bu	: u	: bu	: u	: u	: u	: u
A,ED0-2,T,Y15-74,PC,PL71	19.6 b	19.8 	13.6 bu	11.7 u	8.3 u	9.1 bu	: u	: bu	: u	: u	: u	: u
A,ED0-2,T,Y15-74,PC,PL72	17.5 bu	16.8 u	13.9 bu	: u	: u	: bu	: u	: bu	: u	: u	: u	: u
A,ED0-2,T,Y15-74,PC,PL81	15.6 bu	15.5 u	14.0 bu	15.8 u	15.9 u	11.3 bu	: u	: bu	: u	: u	: u	: u
A,ED0-2,T,Y15-74,PC,PL82	22.8 bu	17.8 u	20.0 bu	17.4 u	12.8 u	: bu	: u	: bu	: u	: u	: u	: u
A,ED0-2,T,Y15-74,PC,PL84	14.9 bu	11.7 u	: bu	: u	: u	: bu	: u	: bu	: u	: u	: u	: u
A,ED0-2,T,Y15-74,PC,PL91	17.7 bu	14.2 u	: bu	: u	: u	: bu	: u	: bu	: u	: u	: u	: u
A,ED0-2,T,Y15-74,PC,PL92	17.3 b	13.5 	13.1 bu	13.2 u	9.6 u	10.5 bu	: u	: bu	: u	: u	: u	: u
A,ED0-2,T,Y15-74,PC,PT11	15.4 b	13.9 	12.8 	10.2 	7.2 	6.8 	6.7 	6.4 b	6.1 	7.2 	7.0 	6.6 
A,ED0-2,T,Y15-74,PC,PT15	16.8 b	14.3 	9.8 	8.6 	7.6 	8.0 	9.0 	9.2 b	7.1 u	6.7 u	7.4 u	7.8 u
A,ED0-2,T,Y15-74,PC,PT16	10.2 b	8.7 	8.0 	6.6 	5.3 	: 	: 	: 	: 	: 	: 	: 
A,ED0-2,T,Y15-74,PC,PT17	20.1 b	17.8 	15.7 	12.9 	9.1 	: 	: 	: 	: 	: 	: 	: 
A,ED0-2,T,Y15-74,PC,PT18	16.1 b	13.9 	12.1 	9.3 	7.9 	: 	: 	: 	: 	: 	: 	: 
A,ED0-2,T,Y15-74,PC,PT19	: 	: 	: 	: 	: 	4.6 	4.1 	4.3 b	4.1 	5.1 	6.0 	4.7 
A,ED0-2,T,Y15-74,PC,PT1A	: 	: 	: 	: 	: 	8.3 	9.0 	8.1 b	9.6 	10.9 	9.5 	9.2 
A,ED0-2,T,Y15-74,PC,PT1B	: 	: 	: 	: 	: 	9.8 	10.6 	10.9 b	14.2 	9.8 	11.8 	9.5 
A,ED0-2,T,Y15-74,PC,PT1C	: 	: 	: 	: 	: 	8.1 	5.2 	6.7 bu	5.7 u	6.1 u	6.7 u	6.6 u
A,ED0-2,T,Y15-74,PC,PT1D	: 	: 	: 	: 	: 	4.0 	4.4 	5.6 b	5.8 	6.6 	6.2 	4.6 u
A,ED0-2,T,Y15-74,PC,PT20	18.2 b	15.0 	12.6 	10.5 	9.3 	9.7 	: u	7.9 bu	7.6 u	8.0 u	6.7 u	5.5 u
A,ED0-2,T,Y15-74,PC,PT30	16.5 b	15.5 	14.1 	10.7 	9.2 	6.7 	: u	7.4 bu	6.8 u	: u	: u	: u
A,ED0-2,T,Y15-74,PC,RO11	3.0 bu	6.8 	8.5 	7.0 	5.5 	5.4 u	6.8 	11.1 b	8.3 	10.2 	16.1 	21.6 
A,ED0-2,T,Y15-74,PC,RO12	12.9 b	16.3 	11.6 	10.9 	12.1 	18.3 	21.6 	17.7 b	22.4 	19.2 	19.2 	15.1 
A,ED0-2,T,Y15-74,PC,RO21	2.1 b	2.4 	2.5 	2.2 	1.8 u	1.4 u	2.0 u	12.7 b	11.3 	10.0 	7.8 	12.1 
A,ED0-2,T,Y15-74,PC,RO22	11.8 b	11.1 	9.4 	9.3 	7.6 	8.3 	11.2 	12.5 b	16.7 	21.6 	25.1 	28.8 
A,ED0-2,T,Y15-74,PC,RO31	9.0 b	12.2 	11.1 	10.0 	7.5 	7.4 	10.2 	14.5 b	16.7 	16.9 	15.3 	19.9 
A,ED0-2,T,Y15-74,PC,RO32	16.1 b	11.4 	11.8 	14.1 	12.2 	9.2 u	13.8 	9.5 bu	: u	: u	: u	: u
A,ED0-2,T,Y15-74,PC,RO41	3.4 bu	6.6 	7.1 	5.1 u	4.5 u	4.4 u	4.4 u	21.5 b	22.4 	21.9 	15.6 	11.3 u
A,ED0-2,T,Y15-74,PC,RO42	6.6 bu	9.2 u	11.2 u	8.1 u	9.0 u	10.3 u	11.3 u	: bu	: u	: u	14.3 u	13.3 u
A,ED0-2,T,Y15-74,PC,RS11	25.2 b	28.5 	26.2 	18.9 	16.8 	14.2 	12.7 	15.7 b	14.7 	13.6 	13.0 	15.3 
A,ED0-2,T,Y15-74,PC,RS12	25.5 b	20.7 	18.0 	14.4 	13.1 	14.2 	10.2 	15.5 b	13.3 	12.7 	12.7 	12.7 
A,ED0-2,T,Y15-74,PC,RS21	12.3 b	11.1 	8.3 	8.5 	10.2 	7.9 	5.9 	10.3 b	10.5 	9.4 	7.0 	9.8 
A,ED0-2,T,Y15-74,PC,RS22	17.5 b	13.0 	10.5 	10.9 	14.6 	12.4 	11.6 	18.0 b	14.4 	19.0 	20.1 	17.7 
A,ED0-2,T,Y15-74,PC,SE11	19.7 b	19.6 	18.4 	17.6 	17.1 b	19.4 	23.4 	29.6 b	23.8 	21.8 	24.4 	26.3 
A,ED0-2,T,Y15-74,PC,SE12	19.8 b	19.8 	21.4 	22.0 	21.5 b	22.7 	28.2 	31.6 b	31.5 	29.5 	28.8 	30.3 
A,ED0-2,T,Y15-74,PC,SE21	13.8 b	14.8 	16.3 	15.6 	16.5 b	18.2 	24.2 	23.0 b	21.8 	19.5 	22.6 	24.2 
A,ED0-2,T,Y15-74,PC,SE22	23.1 b	23.5 	20.3 	21.1 	23.7 b	22.7 	29.1 	31.4 b	28.1 	28.7 	32.5 	30.6 
A,ED0-2,T,Y15-74,PC,SE23	17.9 b	16.3 	17.3 	16.2 	15.3 b	18.9 	22.6 	27.0 b	21.0 	23.5 	24.5 	24.4 
A,ED0-2,T,Y15-74,PC,SE31	18.9 b	19.0 	20.2 	21.5 	21.3 b	21.0 	20.1 	25.8 b	25.1 	23.3 	27.0 	30.6 
A,ED0-2,T,Y15-74,PC,SE32	17.1 b	19.6 	19.7 	18.6 	17.2 b	28.8 	26.7 	21.4 bu	23.2 u	28.9 	22.0 u	20.2 u
A,ED0-2,T,Y15-74,PC,SE33	18.9 b	17.6 	16.1 	13.2 	16.6 b	17.3 u	17.1 u	21.7 bu	19.5 u	19.0 u	18.1 u	27.3 
A,ED0-2,T,Y15-74,PC,SI03	16.8 b	14.8 	16.5 	11.4 	10.1 	10.4 	10.9 	9.6 bu	10.5 u	8.9 bu	8.9 u	9.2 u
A,ED0-2,T,Y15-74,PC,SI04	13.3 b	12.6 	12.1 	10.6 	6.5 u	8.5 u	11.3 u	8.5 bu	7.7 u	8.3 bu	7.1 u	6.6 u
A,ED0-2,T,Y15-74,PC,SK01	: bu	: u	: u	: u	: u	: u	: u	: bu	: u	: u	: u	: u
A,ED0-2,T,Y15-74,PC,SK02	33.8 b	30.8 	21.8 	17.4 	15.4 	11.6 	9.8 u	: bu	16.6 u	: u	: u	16.1 u
A,ED0-2,T,Y15-74,PC,SK03	43.6 b	34.8 	30.4 	26.9 	31.2 	30.3 	29.0 	40.3 b	41.6 	44.5 	44.7 	32.3 
A,ED0-2,T,Y15-74,PC,SK04	50.4 b	48.6 	42.5 	44.1 	43.6 	47.1 	49.3 	65.9 b	63.2 	54.2 	55.4 	55.8 
A,ED0-2,T,Y15-74,PC,TR10	12.5 b	13.4 	13.1 	13.5 	12.4 	14.5 	14.5 	12.9 b	9.4 	8.5 	8.2 	8.8 
A,ED0-2,T,Y15-74,PC,TR21	6.2 b	6.3 	6.5 	7.3 	7.4 	10.5 	8.2 	8.1 b	7.2 	7.4 	6.7 	7.5 
A,ED0-2,T,Y15-74,PC,TR22	4.6 b	4.2 	4.9 	4.9 	4.0 	6.4 	6.2 	6.9 b	5.1 	4.0 	4.1 	4.0 
A,ED0-2,T,Y15-74,PC,TR31	13.3 b	15.8 	13.1 	13.2 	13.5 	15.8 	17.2 	15.0 b	13.0 	11.2 	10.6 	11.1 
A,ED0-2,T,Y15-74,PC,TR32	6.1 b	5.6 	5.5 	5.3 	4.8 	7.5 	8.8 	8.8 b	7.2 	6.3 	6.4 	5.1 
A,ED0-2,T,Y15-74,PC,TR33	2.8 b	3.0 	3.6 	4.4 	5.2 	8.6 	7.4 	4.8 b	4.8 	5.2 	5.3 	5.3 
A,ED0-2,T,Y15-74,PC,TR41	5.3 b	6.9 	8.4 	9.7 	8.8 	11.7 	9.4 	8.7 b	7.8 	6.8 	7.7 	7.2 
A,ED0-2,T,Y15-74,PC,TR42	9.2 b	9.8 	10.9 	10.5 	9.5 	13.8 	12.4 	8.9 b	9.3 	8.2 	7.5 	8.0 
A,ED0-2,T,Y15-74,PC,TR51	12.5 b	12.3 	11.7 	11.5 	9.6 	15.4 	16.2 	14.0 b	12.3 	10.3 	9.3 	8.3 
A,ED0-2,T,Y15-74,PC,TR52	4.7 b	5.2 	5.1 	4.7 	4.9 	6.9 	6.7 	5.9 b	5.5 	4.4 	6.4 	5.4 
A,ED0-2,T,Y15-74,PC,TR61	7.4 b	8.5 	10.3 	10.4 	10.1 	12.3 	11.8 	10.9 b	8.0 	6.4 	4.3 	4.4 
A,ED0-2,T,Y15-74,PC,TR62	8.6 b	8.0 	8.4 	8.7 	9.1 	10.1 	11.7 	11.8 b	11.2 	9.6 	7.8 	8.3 
A,ED0-2,T,Y15-74,PC,TR63	15.5 b	16.1 	13.9 	9.5 	12.9 	17.3 	14.9 	15.7 b	12.2 	13.0 	9.8 	8.9 
A,ED0-2,T,Y15-74,PC,TR71	7.0 b	9.0 	11.9 	9.3 	9.1 	11.1 	10.3 	10.9 b	7.3 	5.9 	5.7 	6.6 
A,ED0-2,T,Y15-74,PC,TR72	8.4 b	7.8 	6.8 	9.4 	11.6 	13.3 	12.4 	10.4 b	8.0 	7.2 	6.7 	5.8 
A,ED0-2,T,Y15-74,PC,TR81	4.0 b	5.4 	6.9 	4.9 	5.7 	6.2 	7.5 	7.9 b	9.8 	9.0 	7.3 	7.8 
A,ED0-2,T,Y15-74,PC,TR82	6.1 b	5.5 	4.5 	3.2 	3.7 	6.4 	5.4 	4.6 b	5.3 	3.6 	3.3 	4.0 
A,ED0-2,T,Y15-74,PC,TR83	4.9 b	5.2 	6.1 	4.9 	4.4 	6.6 	6.4 	5.5 b	5.4 	5.9 	4.3 	4.9 
A,ED0-2,T,Y15-74,PC,TR90	4.8 b	3.4 	3.2 	2.0 	4.7 	6.9 	6.8 	5.9 b	5.8 	5.6 	5.6 	4.3 
A,ED0-2,T,Y15-74,PC,TRA1	6.8 b	5.6 	4.5 	4.1 	5.3 	9.6 	8.3 	8.0 b	6.7 	3.9 	3.7 	4.9 
A,ED0-2,T,Y15-74,PC,TRA2	3.0 b	3.5 	4.3 	4.4 	4.0 	8.5 	10.1 	12.9 b	12.3 	10.8 	9.2 	6.6 
A,ED0-2,T,Y15-74,PC,TRB1	6.4 b	7.3 	6.8 	4.6 	5.5 	8.6 	9.3 	8.4 b	6.0 	5.5 	4.1 	6.5 
A,ED0-2,T,Y15-74,PC,TRB2	11.9 b	9.4 	8.5 	11.4 	20.4 	24.5 	22.6 	18.7 b	16.6 	15.3 	14.2 	10.1 
A,ED0-2,T,Y15-74,PC,TRC1	7.8 b	10.4 	13.4 	13.9 	11.0 	15.2 	12.3 	8.2 b	8.8 	8.8 	10.4 	8.6 
A,ED0-2,T,Y15-74,PC,TRC2	17.2 b	17.5 	16.9 	12.0 	16.6 	23.0 	20.5 	14.3 b	10.8 	9.8 	8.1 	7.4 
A,ED0-2,T,Y15-74,PC,TRC3	25.0 b	24.5 	28.4 	27.7 	25.7 	31.8 	34.2 	30.1 b	16.7 	9.1 	7.3 	8.6 
A,ED0-2,T,Y15-74,PC,UKC1	14.9 b	15.9 	13.0 	8.5 	6.7 u	12.1 	: 	: 	: 	: 	: 	: 
A,ED0-2,T,Y15-74,PC,UKC2	15.9 b	12.5 	11.9 	10.4 	7.0 u	10.2 	: 	: 	: 	: 	: 	: 
A,ED0-2,T,Y15-74,PC,UKD1	: bu	: u	: u	: u	: u	: u	: 	: 	: 	: 	: 	: 
A,ED0-2,T,Y15-74,PC,UKD3	15.1 b	12.4 	9.5 	6.3 	6.1 	8.8 	: 	: 	: 	: 	: 	: 
A,ED0-2,T,Y15-74,PC,UKD4	11.8 b	9.1 	7.9 u	7.7 	7.2 u	5.6 u	: 	: 	: 	: 	: 	: 
A,ED0-2,T,Y15-74,PC,UKD6	6.7 bu	: u	: u	7.1 u	7.9 u	7.1 u	: 	: 	: 	: 	: 	: 
A,ED0-2,T,Y15-74,PC,UKD7	12.1 b	9.5 	9.0 	7.1 u	6.0 u	5.7 u	: 	: 	: 	: 	: 	: 
A,ED0-2,T,Y15-74,PC,UKE1	12.1 b	11.4 u	9.9 u	8.9 u	10.9 	5.7 u	: 	: 	: 	: 	: 	: 
A,ED0-2,T,Y15-74,PC,UKE2	11.3 bu	7.8 u	: u	: u	: u	6.4 u	: 	: 	: 	: 	: 	: 
A,ED0-2,T,Y15-74,PC,UKE3	15.9 b	13.4 	11.7 	12.1 	9.6 	10.2 	: 	: 	: 	: 	: 	: 
A,ED0-2,T,Y15-74,PC,UKE4	12.5 b	14.4 	9.7 	9.7 	6.9 	8.4 	: 	: 	: 	: 	: 	: 
A,ED0-2,T,Y15-74,PC,UKF1	11.0 b	8.2 	7.9 	7.0 	7.6 	6.6 	: 	: 	: 	: 	: 	: 
A,ED0-2,T,Y15-74,PC,UKF2	9.7 b	7.7 	8.8 	7.0 	6.5 	6.7 	: 	: 	: 	: 	: 	: 
A,ED0-2,T,Y15-74,PC,UKF3	5.8 bu	5.6 u	7.0 u	5.9 u	: u	7.7 u	: 	: 	: 	: 	: 	: 
A,ED0-2,T,Y15-74,PC,UKG1	7.5 bu	5.5 u	5.2 u	5.6 u	: u	5.3 u	: 	: 	: 	: 	: 	: 
A,ED0-2,T,Y15-74,PC,UKG2	9.1 b	7.7 	7.0 	7.9 	5.3 u	6.0 u	: 	: 	: 	: 	: 	: 
A,ED0-2,T,Y15-74,PC,UKG3	19.0 b	15.3 	12.2 	11.2 	9.8 	9.5 	: 	: 	: 	: 	: 	: 
A,ED0-2,T,Y15-74,PC,UKH1	9.4 b	7.8 	6.7 	6.2 	6.1 	4.4 	: 	: 	: 	: 	: 	: 
A,ED0-2,T,Y15-74,PC,UKH2	7.1 b	8.6 	6.6 	5.3 u	3.8 u	5.0 u	: 	: 	: 	: 	: 	: 
A,ED0-2,T,Y15-74,PC,UKH3	9.5 b	7.0 	6.4 	6.1 	2.6 u	5.2 	: 	: 	: 	: 	: 	: 
A,ED0-2,T,Y15-74,PC,UKI3	15.6 bu	24.8 	17.2 u	15.8 u	14.5 u	10.4 u	: 	: 	: 	: 	: 	: 
A,ED0-2,T,Y15-74,PC,UKI4	15.6 b	15.0 	14.9 	9.2 	10.0 	8.5 	: 	: 	: 	: 	: 	: 
A,ED0-2,T,Y15-74,PC,UKI5	10.8 b	8.9 	7.4 	6.3 u	6.4 	7.1 	: 	: 	: 	: 	: 	: 
A,ED0-2,T,Y15-74,PC,UKI6	9.8 bu	5.3 u	: u	7.3 u	6.0 u	7.0 u	: 	: 	: 	: 	: 	: 
A,ED0-2,T,Y15-74,PC,UKI7	11.0 b	9.5 	5.1 u	7.2 u	8.1 u	8.4 u	: 	: 	: 	: 	: 	: 
A,ED0-2,T,Y15-74,PC,UKJ1	7.5 b	5.1 u	3.8 u	7.5 	6.4 	5.0 u	: 	: 	: 	: 	: 	: 
A,ED0-2,T,Y15-74,PC,UKJ2	8.5 b	5.6 	6.2 	4.8 u	4.4 u	5.8 	: 	: 	: 	: 	: 	: 
A,ED0-2,T,Y15-74,PC,UKJ3	8.3 b	6.1 	7.3 	5.2 u	4.6 u	5.2 u	: 	: 	: 	: 	: 	: 
A,ED0-2,T,Y15-74,PC,UKJ4	9.5 b	5.8 u	8.0 	7.2 	7.1 	5.5 u	: 	: 	: 	: 	: 	: 
A,ED0-2,T,Y15-74,PC,UKK1	9.6 b	8.1 	7.4 	7.3 	4.2 u	4.5 u	: 	: 	: 	: 	: 	: 
A,ED0-2,T,Y15-74,PC,UKK2	7.0 bu	4.7 u	5.5 u	3.6 u	5.4 u	4.0 u	: 	: 	: 	: 	: 	: 
A,ED0-2,T,Y15-74,PC,UKK3	: bu	: u	: u	: u	: u	: u	: 	: 	: 	: 	: 	: 
A,ED0-2,T,Y15-74,PC,UKK4	8.1 bu	8.7 u	5.7 u	4.8 u	5.9 u	5.6 u	: 	: 	: 	: 	: 	: 
A,ED0-2,T,Y15-74,PC,UKL1	13.9 b	10.6 	9.5 	7.4 	8.3 	6.9 	: 	: 	: 	: 	: 	: 
A,ED0-2,T,Y15-74,PC,UKL2	9.7 bu	10.6 u	7.1 u	7.4 u	: u	4.5 u	: 	: 	: 	: 	: 	: 
A,ED0-2,T,Y15-74,PC,UKM5	: bu	: u	14.5 u	: u	: u	: u	: 	: 	: 	: 	: 	: 
A,ED0-2,T,Y15-74,PC,UKM6	: bu	: u	: u	: u	: u	: u	: 	: 	: 	: 	: 	: 
A,ED0-2,T,Y15-74,PC,UKM7	13.8 b	13.9 	10.1 	4.6 u	5.2 u	5.2 u	: 	: 	: 	: 	: 	: 
A,ED0-2,T,Y15-74,PC,UKM8	14.7 b	11.6 	7.9 	6.6 u	7.0 	7.8 	: 	: 	: 	: 	: 	: 
A,ED0-2,T,Y15-74,PC,UKM9	11.2 bu	10.2 u	10.7 u	7.5 u	5.9 u	5.6 u	: 	: 	: 	: 	: 	: 
A,ED0-2,T,Y15-74,PC,UKN0	10.3 b	10.6 	8.1 	8.2 	6.1 u	5.0 u	: 	: 	: 	: 	: 	: 
A,ED3_4,F,Y15-74,PC,AT11	: bu	: u	: u	: u	: u	: u	: u	: bu	: u	: u	: u	: u
A,ED3_4,F,Y15-74,PC,AT12	4.2 b	4.5 	4.6 	3.7 	2.9 u	3.7 	3.5 	4.4 b	3.6 	3.5 	3.6 	4.1 
A,ED3_4,F,Y15-74,PC,AT13	8.8 b	8.7 	11.2 	9.8 	8.9 	8.0 	11.4 	14.8 b	8.3 	8.8 	8.2 	9.5 
A,ED3_4,F,Y15-74,PC,AT21	4.9 bu	5.8 u	6.0 u	4.7 u	: u	: u	: u	5.2 bu	: u	: u	: u	: u
A,ED3_4,F,Y15-74,PC,AT22	4.6 b	4.4 	4.6 	3.9 	4.5 	3.5 u	3.7 u	3.8 bu	3.0 u	3.3 u	3.3 u	3.9 
A,ED3_4,F,Y15-74,PC,AT31	3.7 b	4.5 	4.3 	2.7 u	3.2 	2.3 u	3.4 	2.8 bu	2.1 u	3.1 u	3.4 	3.5 
A,ED3_4,F,Y15-74,PC,AT32	: bu	: u	: u	: u	: u	: u	: u	4.7 bu	: u	: u	: u	: u
A,ED3_4,F,Y15-74,PC,AT33	: bu	: u	: u	3.1 u	: u	: u	: u	5.3 bu	: u	: u	: u	3.7 u
A,ED3_4,F,Y15-74,PC,AT34	: bu	: u	: u	: u	: u	: u	: u	: bu	: u	: u	: u	: u
A,ED3_4,F,Y15-74,PC,BE10	18.7 b	21.0 	20.0 	18.3 b	14.1 	12.1 	17.1 	16.8 b	18.2 	15.0 	18.6 	18.7 
A,ED3_4,F,Y15-74,PC,BE21	8.3 b	7.2 	5.7 	6.0 b	4.8 	3.6 	4.2 	6.5 b	5.4 	4.8 	6.4 	5.4 
A,ED3_4,F,Y15-74,PC,BE22	6.0 bu	5.9 u	5.4 u	6.1 bu	5.0 u	4.6 u	5.5 u	3.7 bu	4.2 u	4.9 u	5.6 u	5.2 u
A,ED3_4,F,Y15-74,PC,BE23	4.9 b	4.5 	4.3 	3.2 bu	2.5 u	2.4 u	3.7 u	3.8 bu	3.5 u	3.4 u	3.7 u	4.2 
A,ED3_4,F,Y15-74,PC,BE24	6.0 b	5.0 u	5.0 u	3.6 bu	3.6 u	4.0 u	4.1 u	4.2 bu	3.3 u	: u	4.3 u	4.2 u
A,ED3_4,F,Y15-74,PC,BE25	3.8 bu	3.7 u	4.3 u	3.8 bu	2.9 u	3.0 u	3.7 u	3.3 bu	3.2 u	2.8 u	2.4 u	1.9 u
A,ED3_4,F,Y15-74,PC,BE31	11.6 bu	11.5 u	8.6 u	: bu	: u	: u	: u	11.1 bu	10.5 u	: u	: u	11.6 u
A,ED3_4,F,Y15-74,PC,BE32	12.9 b	13.6 	13.5 	14.9 b	11.7 	9.2 	8.6 	12.2 b	11.8 	10.2 	11.1 	11.3 
A,ED3_4,F,Y15-74,PC,BE33	11.5 b	13.9 	12.3 	10.2 b	7.4 u	6.8 u	9.7 	12.2 b	10.4 	10.8 	9.2 	8.9 
A,ED3_4,F,Y15-74,PC,BE34	12.4 bu	12.7 u	: u	: bu	: u	: u	: u	: bu	: u	: u	: u	: u
A,ED3_4,F,Y15-74,PC,BE35	12.4 bu	13.8 	12.6 u	10.1 bu	10.6 u	7.3 u	7.1 u	6.7 bu	9.1 u	6.8 u	8.9 u	9.1 u
A,ED3_4,F,Y15-74,PC,BG31	11.2 b	10.8 	10.2 	9.8 	8.5 	7.2 bu	8.6 u	7.5 bu	5.8 u	6.5 u	8.4 bu	8.0 
A,ED3_4,F,Y15-74,PC,BG32	10.9 b	8.0 u	7.0 u	5.1 u	5.0 u	: bu	5.2 u	4.8 bu	5.0 u	5.4 u	5.0 bu	4.4 u
A,ED3_4,F,Y15-74,PC,BG33	11.2 b	9.0 	8.2 	8.0 	5.5 u	4.5 bu	4.3 u	5.0 bu	4.4 u	4.3 u	: bu	3.6 u
A,ED3_4,F,Y15-74,PC,BG34	10.9 b	9.3 	6.8 	5.5 	3.7 u	: bu	: u	4.6 bu	3.2 u	3.9 u	4.8 bu	5.9 
A,ED3_4,F,Y15-74,PC,BG41	9.5 b	6.4 	5.5 	3.6 	2.6 	1.6 bu	3.7 u	4.6 b	4.1 	3.3 	2.5 bu	1.8 u
A,ED3_4,F,Y15-74,PC,BG42	10.4 b	7.5 	4.9 	3.9 	3.4 u	2.4 bu	3.2 u	3.8 bu	3.0 u	2.6 u	2.7 bu	2.7 u
A,ED3_4,F,Y15-74,PC,CH01	7.1 b	6.3 	7.2 	7.7 	6.5 	7.3 	7.6 	7.6 b	6.3 	6.3 	6.9 	7.7 
A,ED3_4,F,Y15-74,PC,CH02	4.4 b	4.2 	4.3 	4.1 	4.4 	3.8 	4.0 	4.1 b	3.3 	3.3 	3.4 	4.3 
A,ED3_4,F,Y15-74,PC,CH03	4.0 b	4.5 	5.5 	3.9 	4.7 	4.2 	4.3 	5.7 b	4.1 	3.0 u	3.3 u	4.1 
A,ED3_4,F,Y15-74,PC,CH04	3.8 b	3.8 	4.3 	3.3 	5.5 	4.9 	4.3 	4.4 b	3.2 	2.8 u	3.0 u	4.1 
A,ED3_4,F,Y15-74,PC,CH05	4.0 b	4.4 	2.9 	3.4 	4.1 	3.0 	3.3 	4.4 b	3.7 	2.4 u	2.3 u	3.5 
A,ED3_4,F,Y15-74,PC,CH06	4.3 b	3.2 u	3.4 u	3.8 u	2.5 u	2.8 u	3.3 u	2.9 bu	1.9 u	2.3 u	2.4 u	2.8 u
A,ED3_4,F,Y15-74,PC,CH07	7.9 bu	6.7 u	6.0 u	6.1 u	6.7 u	7.1 u	7.8 u	8.9 bu	6.7 u	7.9 u	5.6 u	8.9 u
A,ED3_4,F,Y15-74,PC,CY00	17.8 b	16.5 	16.6 	12.0 	9.5 	9.6 	9.1 	8.7 b	7.9 	6.6 	6.3 	5.2 
A,ED3_4,F,Y15-74,PC,CZ01	3.5 b	4.0 	2.3 	2.4 	2.3 	1.4 u	3.2 	4.2 b	2.1 	2.6 	2.1 	2.6 u
A,ED3_4,F,Y15-74,PC,CZ02	6.3 b	4.4 	4.2 	2.8 	2.9 	1.5 	2.9 	3.4 b	1.7 	2.3 	1.4 	1.6 u
A,ED3_4,F,Y15-74,PC,CZ03	7.1 b	4.7 	3.5 	2.6 	1.8 	1.7 	2.2 	2.6 b	2.0 	2.4 	2.4 	2.5 
A,ED3_4,F,Y15-74,PC,CZ04	9.4 b	6.8 	3.6 	3.5 	3.1 	2.7 	4.1 	4.3 b	2.8 	2.9 	3.8 	4.4 
A,ED3_4,F,Y15-74,PC,CZ05	8.6 b	6.2 	4.1 	3.5 	2.3 	1.5 	2.4 	2.6 b	2.6 	3.2 	3.5 	3.5 
A,ED3_4,F,Y15-74,PC,CZ06	7.5 b	5.8 	4.5 	4.1 	3.2 	2.7 	3.4 	3.4 b	2.3 	2.9 	3.0 	3.1 
A,ED3_4,F,Y15-74,PC,CZ07	8.2 b	6.8 	3.8 	3.1 	2.5 	2.1 	2.8 	3.1 b	3.8 	2.5 	2.8 	2.1 u
A,ED3_4,F,Y15-74,PC,CZ08	10.1 b	8.7 	7.5 	5.1 	3.6 	3.3 	2.8 	4.9 b	4.3 	4.0 	4.7 	4.4 
A,ED3_4,F,Y15-74,PC,DE11	2.6 b	2.6 	2.8 	2.2 	1.8 	1.6 	: bu	: bu	: u	2.3 u	2.6 u	2.8 u
A,ED3_4,F,Y15-74,PC,DE12	2.8 b	2.8 	2.4 	2.5 	2.4 	2.6 	: bu	: bu	: u	: u	: u	: u
A,ED3_4,F,Y15-74,PC,DE13	2.6 b	1.9 	2.7 	2.3 	1.5 	1.6 	: bu	: bu	: u	: u	: u	: u
A,ED3_4,F,Y15-74,PC,DE14	2.0 b	1.9 	2.1 	2.0 	: u	: u	: bu	: bu	: u	: u	: u	: u
A,ED3_4,F,Y15-74,PC,DE21	2.4 b	2.4 	2.1 	1.7 	1.5 	1.5 	: bu	: bu	2.1 u	: u	2.2 u	: u
A,ED3_4,F,Y15-74,PC,DE22	2.7 b	: u	: u	: u	: u	: u	: bu	: bu	: u	: u	: u	: u
A,ED3_4,F,Y15-74,PC,DE23	: bu	: u	: u	: u	: u	: u	: bu	: bu	: u	: u	: u	: u
A,ED3_4,F,Y15-74,PC,DE24	3.2 b	3.1 	: u	: u	: u	: u	: bu	: bu	: u	: u	: u	: u
A,ED3_4,F,Y15-74,PC,DE25	2.9 b	2.6 	2.1 	2.0 	: u	: u	: bu	: bu	: u	: u	: u	: u
A,ED3_4,F,Y15-74,PC,DE26	3.2 b	2.5 	: u	: u	: u	: u	: bu	: bu	: u	: u	: u	: u
A,ED3_4,F,Y15-74,PC,DE27	2.8 b	2.8 	2.6 	2.8 	2.0 	2.1 	: bu	: bu	: u	: u	: u	: u
A,ED3_4,F,Y15-74,PC,DE30	7.7 b	7.2 	6.2 	5.4 	4.8 	5.1 	: bu	4.6 bu	3.7 u	3.7 u	4.2 u	4.8 u
A,ED3_4,F,Y15-74,PC,DE40	7.1 b	6.3 	3.9 	3.7 	3.0 	2.3 	: bu	: bu	: u	: u	: u	: u
A,ED3_4,F,Y15-74,PC,DE50	: bu	: u	: u	: u	: u	: u	: bu	: bu	: u	: u	: u	: u
A,ED3_4,F,Y15-74,PC,DE60	4.0 b	3.2 	3.0 	3.7 	3.0 	2.8 	: bu	: bu	: u	: u	: u	: u
A,ED3_4,F,Y15-74,PC,DE71	3.2 b	3.2 	3.2 	2.2 	2.1 	2.2 	: bu	3.0 bu	3.0 u	: u	2.7 u	2.8 u
A,ED3_4,F,Y15-74,PC,DE72	3.5 b	: u	3.5 	: u	: u	: u	: bu	: bu	: u	: u	: u	: u
A,ED3_4,F,Y15-74,PC,DE73	3.3 b	2.7 	3.4 	: u	: u	: u	: bu	: bu	: u	: u	: u	: u
A,ED3_4,F,Y15-74,PC,DE80	9.7 b	8.6 	6.7 	5.0 	3.9 	3.7 	: bu	: bu	: u	: u	: u	: u
A,ED3_4,F,Y15-74,PC,DE91	4.0 b	3.4 	3.0 	3.1 	2.8 	2.5 	: bu	: bu	: u	: u	: u	: u
A,ED3_4,F,Y15-74,PC,DE92	3.9 b	4.0 	2.5 	3.2 	2.8 	: u	: bu	: bu	: u	: u	: u	: u
A,ED3_4,F,Y15-74,PC,DE93	3.1 b	2.6 	2.5 	2.2 	: u	: u	: bu	: bu	: u	: u	: u	: u
A,ED3_4,F,Y15-74,PC,DE94	3.1 b	3.2 	2.7 	2.3 	2.1 	2.1 	: bu	: bu	: u	: u	: u	: u
A,ED3_4,F,Y15-74,PC,DEA1	4.6 b	4.2 	3.2 	3.0 	2.7 	2.6 	: bu	3.0 bu	2.7 u	2.6 u	2.9 u	3.4 u
A,ED3_4,F,Y15-74,PC,DEA2	4.2 b	3.5 	2.6 	2.6 	2.4 	1.9 	: bu	2.7 bu	: u	2.5 u	3.3 u	2.6 u
A,ED3_4,F,Y15-74,PC,DEA3	3.2 b	3.0 	2.7 	2.4 	1.9 	2.2 	: bu	: bu	: u	: u	: u	: u
A,ED3_4,F,Y15-74,PC,DEA4	4.4 b	3.3 	3.3 	2.9 	2.4 	2.1 	: bu	: bu	: u	: u	: u	: u
A,ED3_4,F,Y15-74,PC,DEA5	4.0 b	3.8 	3.5 	3.0 	2.6 	2.8 	: bu	3.2 bu	2.8 u	2.8 u	: u	3.2 u
A,ED3_4,F,Y15-74,PC,DEB1	3.5 b	3.0 	2.4 	: u	: u	: u	: bu	: bu	: u	: u	: u	: u
A,ED3_4,F,Y15-74,PC,DEB2	: bu	: u	: u	: u	: u	: u	: bu	: bu	: u	: u	: u	: u
A,ED3_4,F,Y15-74,PC,DEB3	3.2 b	2.6 	2.7 	2.8 	2.4 	2.4 	: bu	: bu	: u	: u	: u	: u
A,ED3_4,F,Y15-74,PC,DEC0	3.6 b	: u	: u	: u	: u	: u	: bu	: bu	: u	: u	: u	: u
A,ED3_4,F,Y15-74,PC,DED2	8.1 b	6.0 	4.4 	3.9 	4.0 	3.7 	: bu	: bu	: u	: u	: u	: u
A,ED3_4,F,Y15-74,PC,DED4	7.1 b	5.3 	4.9 	4.4 	3.1 	3.3 	: bu	: bu	: u	: u	: u	: u
A,ED3_4,F,Y15-74,PC,DED5	7.8 b	6.9 	5.8 	4.8 	4.6 	4.3 	: bu	: bu	: u	: u	: u	: u
A,ED3_4,F,Y15-74,PC,DEE0	9.4 b	8.0 	7.7 	6.6 	4.2 	4.3 	: bu	: bu	: u	: u	: u	: u
A,ED3_4,F,Y15-74,PC,DEF0	3.7 b	2.9 	3.0 	2.6 	1.8 	2.2 	: bu	: bu	: u	: u	: u	: u
A,ED3_4,F,Y15-74,PC,DEG0	6.8 b	6.4 	5.1 	4.6 	4.5 	3.2 	: bu	: bu	: u	: u	: u	: u
A,ED3_4,F,Y15-74,PC,DK01	7.6 b	5.9 	5.3 b	5.6 b	5.3 	4.6 	6.2 	5.7 b	4.6 	4.8 b	6.7 	6.7 
A,ED3_4,F,Y15-74,PC,DK02	5.6 b	5.7 	6.3 b	5.2 b	4.2 u	4.4 u	5.2 	5.3 b	3.9 u	5.1 b	6.4 	4.8 
A,ED3_4,F,Y15-74,PC,DK03	7.5 b	5.9 	6.7 b	4.7 b	4.1 	4.4 	4.8 	4.5 b	4.2 	4.6 b	6.3 	4.9 
A,ED3_4,F,Y15-74,PC,DK04	6.6 b	5.5 	5.2 b	5.2 b	3.9 	4.5 	5.2 	4.2 b	4.0 	4.8 b	5.8 	6.2 
A,ED3_4,F,Y15-74,PC,DK05	6.5 b	6.8 	6.1 bu	5.2 bu	4.2 u	5.7 u	6.1 u	6.4 bu	3.7 u	6.0 bu	5.4 u	5.4 u
A,ED3_4,F,Y15-74,PC,EE00	8.4 b	7.4 	7.5 	6.7 	6.0 	6.0 	8.0 	7.0 b	6.2 	8.7 	8.3 	7.1 
A,ED3_4,F,Y15-74,PC,EL30	36.6 b	32.6 	31.0 	28.1 	28.2 	23.9 	18.3 	18.6 b	16.1 	15.2 	14.0 	10.2 
A,ED3_4,F,Y15-74,PC,EL41	27.9 bu	26.5 u	27.7 	30.3 	28.4 	26.1 	26.6 	25.6 b	18.2 	14.2 u	12.7 u	10.6 u
A,ED3_4,F,Y15-74,PC,EL42	26.3 b	18.8 	22.4 	22.3 	23.1 	17.9 	18.1 	23.5 b	14.2 	8.1 u	12.9 	10.6 u
A,ED3_4,F,Y15-74,PC,EL43	31.5 b	33.0 	31.0 	25.2 	21.4 	17.9 	24.7 	26.6 b	16.7 	15.6 	10.5 	8.8 
A,ED3_4,F,Y15-74,PC,EL51	33.2 b	36.6 	38.6 	34.2 	25.5 	24.5 	21.3 	19.4 b	26.0 	20.9 	20.2 	15.2 
A,ED3_4,F,Y15-74,PC,EL52	38.4 b	33.6 	32.4 	34.5 	30.3 	27.6 	26.7 	27.1 b	26.6 	21.3 	20.3 	18.4 
A,ED3_4,F,Y15-74,PC,EL53	40.3 b	48.0 	49.1 	41.4 	36.1 	34.9 	31.6 	34.0 b	30.3 	23.3 	22.0 	26.6 
A,ED3_4,F,Y15-74,PC,EL54	41.1 b	39.8 	35.8 	36.4 	31.2 	24.4 	30.4 	22.8 b	23.2 	25.7 	18.2 	16.2 
A,ED3_4,F,Y15-74,PC,EL61	36.9 b	35.6 	33.6 	32.8 	30.9 	33.2 	27.8 	25.2 b	28.9 	24.7 	17.4 	11.4 
A,ED3_4,F,Y15-74,PC,EL62	32.6 b	32.7 	17.0 u	20.1 	20.8 	19.6 u	24.9 	17.7 bu	17.7 	23.3 	23.9 	13.3 u
A,ED3_4,F,Y15-74,PC,EL63	41.2 b	41.3 	46.4 	41.6 	35.6 	33.5 	32.3 	25.8 b	21.0 	18.6 	17.2 	13.1 
A,ED3_4,F,Y15-74,PC,EL64	36.8 b	37.3 	37.1 	27.3 	29.5 	29.7 	30.0 	28.7 b	25.3 	14.9 	13.4 	15.3 
A,ED3_4,F,Y15-74,PC,EL65	31.5 b	29.4 	27.8 	26.3 	25.5 	20.5 	20.6 	22.9 b	21.0 	15.7 	13.8 	13.3 
A,ED3_4,F,Y15-74,PC,ES11	23.1 b	20.7 	18.9 	17.1 	15.5 	15.0 	15.5 	15.2 bd	14.3 d	13.5 d	11.2 d	9.8 d
A,ED3_4,F,Y15-74,PC,ES12	20.3 b	17.4 	16.1 	13.8 	19.0 	18.4 	16.6 	17.3 bd	16.9 d	15.0 d	12.9 d	12.9 d
A,ED3_4,F,Y15-74,PC,ES13	18.8 b	19.3 	15.3 u	16.5 	15.1 	12.2 u	13.3 u	13.9 bdu	13.1 du	11.3 du	11.8 du	11.6 du
A,ED3_4,F,Y15-74,PC,ES21	18.9 b	18.1 	15.5 	15.6 	12.6 	12.0 	13.0 	12.9 bd	14.0 d	13.6 d	10.5 d	11.7 d
A,ED3_4,F,Y15-74,PC,ES22	18.3 b	18.6 	18.2 	15.2 	12.4 u	9.8 u	11.7 u	12.8 bdu	13.1 du	14.9 d	10.6 du	10.1 du
A,ED3_4,F,Y15-74,PC,ES23	24.7 bu	18.5 u	13.7 u	13.9 u	10.7 u	13.2 u	15.4 u	17.1 bdu	13.6 du	11.2 du	8.7 du	12.4 du
A,ED3_4,F,Y15-74,PC,ES24	23.3 b	23.0 	21.7 	16.2 	13.4 	13.1 	14.2 	15.5 bd	12.8 d	11.7 d	11.2 d	10.6 d
A,ED3_4,F,Y15-74,PC,ES30	23.4 b	18.8 	18.8 	16.7 	16.3 	14.5 	17.3 	16.0 bd	17.4 d	14.5 d	10.3 d	9.5 d
A,ED3_4,F,Y15-74,PC,ES41	22.2 b	22.0 	18.0 	17.5 	14.1 	12.4 	14.3 	16.8 bd	13.7 d	10.8 d	12.0 d	9.8 d
A,ED3_4,F,Y15-74,PC,ES42	31.2 b	30.0 	26.1 	24.9 	22.9 	21.6 	23.9 	24.1 bd	19.7 d	17.7 d	19.4 d	17.7 d
A,ED3_4,F,Y15-74,PC,ES43	31.1 b	31.3 	30.5 	31.7 	26.5 	27.8 	27.5 	20.3 bd	21.9 d	24.5 d	17.3 d	17.3 d
A,ED3_4,F,Y15-74,PC,ES51	23.1 b	22.4 	19.1 	15.6 	14.1 	13.2 	15.5 	15.4 bd	12.3 d	11.3 d	10.6 d	10.9 d
A,ED3_4,F,Y15-74,PC,ES52	29.6 b	24.4 	25.2 	21.5 	17.4 	17.7 	19.6 	21.0 bd	17.6 d	18.0 d	16.9 d	15.3 d
A,ED3_4,F,Y15-74,PC,ES53	16.6 b	16.9 	14.9 	13.8 	12.9 	16.9 	22.3 	17.0 bd	11.9 d	10.0 d	12.2 d	10.1 d
A,ED3_4,F,Y15-74,PC,ES61	35.6 b	32.8 	30.3 	27.3 	26.3 	24.8 	27.0 	26.0 bd	23.0 d	21.0 d	20.5 d	19.2 d
A,ED3_4,F,Y15-74,PC,ES62	29.1 b	31.4 	25.3 	23.5 	23.3 	19.9 	21.2 	16.9 bd	16.7 d	16.1 d	13.7 d	14.2 d
A,ED3_4,F,Y15-74,PC,ES63	: bu	38.0 u	: u	: u	35.3 u	: u	: u	38.0 bdu	25.3 du	23.2 du	40.1 du	38.7 du
A,ED3_4,F,Y15-74,PC,ES64	35.1 bu	46.2 u	34.0 u	35.8 u	: u	34.4 u	26.6 u	: bu	40.0 du	: u	: u	: u
A,ED3_4,F,Y15-74,PC,ES70	34.9 b	29.8 	29.3 	25.1 	19.4 	20.8 	22.5 	27.0 bd	23.4 d	19.1 d	15.9 d	17.1 d
A,ED3_4,F,Y15-74,PC,FI19	9.4 b	10.0 	9.1 	10.1 	9.4 	6.3 	8.7 	7.2 b	6.7 	7.0 	8.4 	8.9 
A,ED3_4,F,Y15-74,PC,FI1B	7.3 b	8.1 	7.7 	8.0 	7.6 	7.3 	9.3 	8.4 b	6.9 	8.0 	8.9 	12.3 
A,ED3_4,F,Y15-74,PC,FI1C	10.0 b	10.0 	9.5 	9.3 	9.4 	6.7 	8.4 	6.4 b	7.7 	7.1 	8.1 	9.7 
A,ED3_4,F,Y15-74,PC,FI1D	9.6 b	11.8 	10.9 	10.0 	9.7 	7.7 	9.8 	7.8 b	6.8 	6.3 	7.3 	9.1 
A,ED3_4,F,Y15-74,PC,FI20	: bu	: u	: u	: u	: u	: u	: u	: bu	: u	: u	: u	: u
A,ED3_4,F,Y15-74,PC,FR10	10.4 	10.1 	10.6 	11.3 	10.0 	9.9 	9.8 	9.6 bd	10.0 d	10.0 d	10.5 d	11.4 d
A,ED3_4,F,Y15-74,PC,FRB0	11.1 	13.2 	13.3 	9.3 	9.6 	10.2 	9.3 	8.4 bd	8.3 d	6.7 d	6.2 d	5.8 d
A,ED3_4,F,Y15-74,PC,FRC1	11.3 	10.0 	8.8 	11.9 	8.3 	7.2 	10.9 	8.7 bd	8.0 d	7.9 d	7.8 d	8.2 d
A,ED3_4,F,Y15-74,PC,FRC2	10.1 	9.7 	8.2 u	7.4 u	8.2 u	11.0 	6.0 u	8.2 bdu	7.4 du	7.2 du	6.0 du	12.5 d
A,ED3_4,F,Y15-74,PC,FRD1	9.5 	9.9 	9.2 	9.0 	10.6 	9.3 	8.8 	6.5 bdu	5.8 du	9.3 d	9.9 d	7.4 du
A,ED3_4,F,Y15-74,PC,FRD2	12.7 	11.0 	12.1 	10.1 	7.8 	16.1 	10.2 	7.1 bd	10.6 d	7.6 d	7.2 d	10.2 d
A,ED3_4,F,Y15-74,PC,FRE1	15.9 	15.2 	13.8 	15.2 	14.7 	13.6 	11.3 	11.4 bd	10.6 d	10.7 d	11.6 d	11.3 d
A,ED3_4,F,Y15-74,PC,FRE2	11.2 	12.9 	12.8 	10.3 	10.4 	10.5 	9.3 	12.8 bd	9.9 d	8.7 d	8.3 d	7.1 d
A,ED3_4,F,Y15-74,PC,FRF1	11.3 	10.6 	9.9 	9.0 	9.4 	7.2 	5.6 u	8.2 bd	6.7 d	5.4 du	6.7 d	5.0 du
A,ED3_4,F,Y15-74,PC,FRF2	10.9 	12.3 	10.5 	11.0 	9.8 	9.6 	13.0 	9.8 bd	7.9 d	6.2 du	6.6 du	6.9 du
A,ED3_4,F,Y15-74,PC,FRF3	14.4 	11.1 	10.1 	10.2 	11.3 	9.7 	11.7 	9.0 bd	6.3 d	8.7 d	8.8 d	7.7 d
A,ED3_4,F,Y15-74,PC,FRG0	8.4 	8.9 	9.1 	7.6 	10.1 	8.7 	8.2 	6.2 bd	6.3 d	6.8 d	7.5 d	5.9 d
A,ED3_4,F,Y15-74,PC,FRH0	7.3 	7.7 	10.2 	7.9 	8.2 	7.7 	7.1 	7.8 bd	7.5 d	4.9 d	5.3 d	6.3 d
A,ED3_4,F,Y15-74,PC,FRI1	9.2 	10.2 	10.3 	10.7 	9.5 	9.7 	7.8 	7.1 bd	7.7 d	8.2 d	7.8 d	9.8 d
A,ED3_4,F,Y15-74,PC,FRI2	9.7 u	8.6 u	7.2 u	4.6 u	: u	8.4 u	: u	: bu	: u	10.0 du	: u	: u
A,ED3_4,F,Y15-74,PC,FRI3	12.3 	9.1 	9.2 	12.4 	10.3 	11.4 	12.1 	11.4 bd	7.9 d	10.7 d	8.6 d	8.3 d
A,ED3_4,F,Y15-74,PC,FRJ1	16.1 	14.5 	14.4 	14.4 	14.0 	11.9 	9.8 	11.6 bd	10.0 d	11.3 d	9.0 d	8.2 d
A,ED3_4,F,Y15-74,PC,FRJ2	9.9 	9.6 	9.1 	8.2 	9.2 	8.0 	7.1 	7.3 bd	6.8 d	8.0 d	7.3 d	9.0 d
A,ED3_4,F,Y15-74,PC,FRK1	7.0 u	8.4 	6.6 u	8.1 	8.6 	5.4 u	4.8 u	8.4 bd	9.4 d	6.5 du	7.6 d	7.8 du
A,ED3_4,F,Y15-74,PC,FRK2	9.2 	10.1 	9.3 	8.9 	8.7 	7.4 	8.0 	7.9 bd	7.7 d	6.9 d	8.0 d	7.2 d
A,ED3_4,F,Y15-74,PC,FRL0	10.1 	11.9 	12.7 	11.7 	11.2 	8.8 	10.0 	8.9 bd	8.1 d	9.2 d	7.7 d	7.5 d
A,ED3_4,F,Y15-74,PC,FRM0	13.2 u	9.9 u	9.4 u	21.1 u	: u	: u	: u	: bu	: u	: u	: u	15.5 du
A,ED3_4,F,Y15-74,PC,FRY1	28.1 	30.2 	28.7 	23.9 	26.8 	26.1 	18.8 	22.3 bd	24.5 d	22.1 d	18.6 d	17.5 d
A,ED3_4,F,Y15-74,PC,FRY2	21.9 	18.6 	21.8 	22.8 	19.8 	13.0 u	17.1 	17.6 bdu	17.3 du	13.7 du	13.5 du	14.1 du
A,ED3_4,F,Y15-74,PC,FRY3	23.3 u	25.2 u	20.3 u	: u	18.7 u	: u	20.9 u	: bu	: u	: u	: u	16.5 du
A,ED3_4,F,Y15-74,PC,FRY4	25.8 	26.4 	24.6 	26.6 	29.5 	25.1 	21.8 	19.7 bd	20.4 d	21.4 d	18.4 d	21.6 d
A,ED3_4,F,Y15-74,PC,FRY5	: u	: u	: u	: u	37.0 u	: u	28.9 u	: 	: 	: 	: 	: 
A,ED3_4,F,Y15-74,PC,HR02	: 	: 	21.1 	20.2 	16.2 	12.8 	15.1 	13.2 b	15.1 	13.5 	8.4 u	8.0 u
A,ED3_4,F,Y15-74,PC,HR03	18.2 b	19.3 	15.1 	13.8 	10.1 	7.4 	7.6 	10.5 b	7.0 	7.1 	7.6 	6.2 u
A,ED3_4,F,Y15-74,PC,HR04	21.5 b	20.6 	: 	: 	: 	: 	: 	: 	: 	: 	: 	: 
A,ED3_4,F,Y15-74,PC,HR05	: 	: 	11.0 u	7.9 u	8.5 u	5.4 u	4.8 u	4.8 bu	6.4 u	3.1 u	2.7 u	2.9 u
A,ED3_4,F,Y15-74,PC,HR06	: 	: 	14.8 	8.6 u	6.8 u	4.4 u	4.4 u	6.2 bu	5.8 u	5.3 u	3.5 u	2.9 u
A,ED3_4,F,Y15-74,PC,HU11	7.2 b	6.1 	4.5 	3.5 	4.2 b	3.1 	4.5 	4.1 b	3.5 	3.1 	3.2 	6.0 
A,ED3_4,F,Y15-74,PC,HU12	6.5 b	6.8 	4.3 	3.3 	2.2 bu	2.6 u	4.3 	3.7 b	1.7 u	3.6 	3.4 	3.4 
A,ED3_4,F,Y15-74,PC,HU21	5.4 b	4.3 	3.1 u	2.6 u	2.2 bu	: u	3.1 u	2.1 bu	: u	1.8 u	2.7 u	3.8 
A,ED3_4,F,Y15-74,PC,HU22	4.5 b	3.5 u	2.8 u	2.9 u	3.0 bu	: u	3.0 u	2.6 bu	2.1 u	: u	3.2 u	3.5 
A,ED3_4,F,Y15-74,PC,HU23	6.5 b	7.5 	5.8 	6.0 	4.4 bu	3.6 u	5.0 u	4.2 bu	4.1 u	5.1 	7.2 	6.2 
A,ED3_4,F,Y15-74,PC,HU31	9.0 b	7.7 	5.3 	6.0 	4.2 b	3.9 	4.4 	6.7 b	6.2 	6.8 	6.9 	8.0 
A,ED3_4,F,Y15-74,PC,HU32	12.2 b	10.7 	8.9 	7.0 	6.1 b	5.6 	6.2 	6.8 b	4.8 	6.2 	6.7 	5.7 
A,ED3_4,F,Y15-74,PC,HU33	10.0 b	7.9 	5.6 	4.4 	3.4 b	3.1 u	5.7 	4.9 b	3.5 	4.4 	4.5 	4.2 
A,ED3_4,F,Y15-74,PC,IE04	12.4 b	9.9 	8.3 	7.0 b	6.1 	5.7 u	: u	: bu	: u	: u	: u	: u
A,ED3_4,F,Y15-74,PC,IE05	14.1 b	12.1 	9.7 	8.0 b	7.5 	6.7 	7.3 	8.2 b	5.0 u	4.3 u	4.7 u	5.3 u
A,ED3_4,F,Y15-74,PC,IE06	14.9 b	12.2 	10.8 	9.2 b	7.4 	5.6 	7.8 	8.8 b	6.2 	5.6 	5.5 	5.5 
A,ED3_4,F,Y15-74,PC,IS00	4.6 b	3.2 	3.2 	3.0 	2.5 	3.6 	6.5 b	7.8 b	3.1 	4.2 	3.1 	: 
A,ED3_4,F,Y15-74,PC,ITC1	11.1 b	10.1 	10.6 	10.5 	9.4 b	8.6 	8.6 	8.7 b	6.6 	7.0 	6.4 	7.4 
A,ED3_4,F,Y15-74,PC,ITC2	: bu	: u	: u	: u	: bu	: u	: u	: bu	: u	: u	: u	: u
A,ED3_4,F,Y15-74,PC,ITC3	10.4 b	7.9 	9.3 	9.7 	12.8 b	12.0 	9.9 	10.8 b	9.2 	7.3 	5.2 	4.6 
A,ED3_4,F,Y15-74,PC,ITC4	9.0 b	8.9 	9.2 	8.3 	7.2 b	6.8 	6.1 	6.9 b	6.4 	4.9 	4.4 	3.9 
A,ED3_4,F,Y15-74,PC,ITF1	15.3 b	16.2 	15.0 	16.2 	15.5 b	14.3 	12.0 	13.6 b	15.4 	10.9 	10.4 	9.0 
A,ED3_4,F,Y15-74,PC,ITF2	17.8 b	16.7 	17.5 	16.9 	17.1 b	16.8 	10.2 u	16.2 bu	10.6 u	10.8 u	11.6 u	: u
A,ED3_4,F,Y15-74,PC,ITF3	24.5 b	22.7 	23.5 	22.8 	22.7 b	21.4 	19.1 	23.2 b	20.1 	21.0 	18.9 	14.8 
A,ED3_4,F,Y15-74,PC,ITF4	24.8 b	22.6 	22.9 	22.4 	20.3 b	19.0 	16.8 	19.2 b	18.1 	19.0 	12.4 	12.1 
A,ED3_4,F,Y15-74,PC,ITF5	16.3 b	16.6 	15.9 	15.0 	15.2 b	12.5 	10.3 	9.6 b	10.9 	12.0 	10.2 	6.6 u
A,ED3_4,F,Y15-74,PC,ITF6	25.4 b	24.1 	24.8 	24.0 	23.6 b	24.6 	24.0 	23.7 b	18.6 	21.4 	17.6 	12.6 
A,ED3_4,F,Y15-74,PC,ITG1	22.3 b	22.2 	23.1 	23.4 	21.8 b	21.2 	20.7 	21.5 b	18.7 	18.6 	15.8 	13.0 
A,ED3_4,F,Y15-74,PC,ITG2	19.5 b	18.7 	19.9 	18.1 	13.8 b	16.8 	12.9 	15.4 b	14.1 	12.5 	9.9 	9.8 
A,ED3_4,F,Y15-74,PC,ITH1	3.7 bu	4.1 u	3.5 u	3.3 u	2.6 bu	2.7 u	4.1 	4.5 bu	3.2 u	2.8 u	: u	: u
A,ED3_4,F,Y15-74,PC,ITH2	7.8 b	6.5 	6.3 	5.4 	5.5 b	6.8 	6.2 	5.8 b	5.6 	4.6 u	3.0 u	3.2 u
A,ED3_4,F,Y15-74,PC,ITH3	9.9 b	8.5 	7.8 	7.7 	7.8 b	7.3 	8.3 	6.4 b	5.6 	5.0 	4.2 	5.5 
A,ED3_4,F,Y15-74,PC,ITH4	8.5 b	9.9 	10.4 	8.6 	8.1 b	7.9 	7.0 	8.1 b	7.6 	6.7 	5.3 	4.7 
A,ED3_4,F,Y15-74,PC,ITH5	9.6 b	9.2 	7.7 	7.6 	7.1 b	6.7 	7.1 	7.0 b	6.0 	6.2 	4.2 	5.1 
A,ED3_4,F,Y15-74,PC,ITI1	11.4 b	10.1 	11.7 	9.0 	8.1 b	8.2 	8.0 	9.6 b	7.4 	7.5 	5.2 	5.9 
A,ED3_4,F,Y15-74,PC,ITI2	13.4 b	13.1 	11.0 	11.7 	12.4 b	9.8 	9.1 	7.6 b	7.7 	8.0 	6.2 	6.4 
A,ED3_4,F,Y15-74,PC,ITI3	12.6 b	10.5 	12.1 	13.6 	10.0 b	11.6 	9.1 	9.2 b	8.1 	7.3 	7.2 	5.8 
A,ED3_4,F,Y15-74,PC,ITI4	14.3 b	13.4 	13.1 	12.8 	14.1 b	12.0 	11.5 	12.3 b	11.0 	9.6 	9.8 	7.1 
A,ED3_4,F,Y15-74,PC,LT01	10.1 b	10.4 	7.8 	5.5 	6.7 	6.2 	9.7 	7.5 b	6.9 	6.7 	11.3 	6.0 
A,ED3_4,F,Y15-74,PC,LT02	12.8 b	11.5 	10.7 	9.3 	8.4 	8.8 	12.1 	10.4 b	8.0 	10.5 	9.5 	9.5 
A,ED3_4,F,Y15-74,PC,LU00	6.1 b	7.1 b	7.9 	4.9 	5.8 	6.0 	5.9 	5.8 b	4.1 	6.3 u	7.3 u	: u
A,ED3_4,F,Y15-74,PC,LV00	11.1 b	9.6 	11.1 	9.5 	8.1 	6.6 	8.6 	7.9 b	6.4 	6.6 	7.0 	8.5 
A,ED3_4,F,Y15-74,PC,ME00	21.1 b	19.0 	19.7 	19.1 	16.8 	16.8 	18.4 	: 	: 	: 	: 	: 
A,ED3_4,F,Y15-74,PC,MK00	29.8 b	25.9 	22.7 	22.3 	20.1 	17.0 	16.2 	15.6 b	13.8 	12.5 	10.9 	11.5 
A,ED3_4,F,Y15-74,PC,MT00	3.3 b	3.4 	3.8 	3.4 	3.5 	4.8 	4.6 	3.9 b	3.3 	3.3 u	3.8 	3.6 
A,ED3_4,F,Y15-74,PC,NL11	7.9 b	9.8 	8.2 	8.2 	6.0 	4.6 b	4.7 	5.1 b	5.3 	2.9 u	4.5 	4.9 
A,ED3_4,F,Y15-74,PC,NL12	6.1 b	6.8 	5.4 	6.1 	4.5 	2.6 bu	5.3 	4.3 b	4.2 	2.9 u	3.7 	3.3 u
A,ED3_4,F,Y15-74,PC,NL13	7.6 b	8.3 	7.1 	4.8 	4.1 u	: bu	3.4 u	3.4 bu	3.0 u	2.9 u	: u	3.4 u
A,ED3_4,F,Y15-74,PC,NL21	7.1 b	7.1 	7.6 	5.2 	3.4 	2.7 b	3.5 	4.3 b	3.2 	2.8 	2.8 	3.4 
A,ED3_4,F,Y15-74,PC,NL22	7.9 b	7.1 	6.4 	5.1 	2.9 	2.6 b	2.9 	4.1 b	2.7 	2.6 	2.5 	3.7 
A,ED3_4,F,Y15-74,PC,NL23	12.1 b	10.2 	8.3 	6.7 	5.3 	3.5 bu	: u	5.2 bu	: u	3.1 u	4.0 u	4.0 u
A,ED3_4,F,Y15-74,PC,NL31	7.1 b	7.2 	5.8 	4.8 	3.4 	: 	: 	: 	: 	: 	: 	: 
A,ED3_4,F,Y15-74,PC,NL32	8.5 b	7.6 	6.2 	5.3 	3.4 	2.7 b	3.7 	5.4 b	4.0 	3.7 	3.4 	3.5 
A,ED3_4,F,Y15-74,PC,NL33	9.1 b	9.4 	8.3 	6.5 	4.2 	: 	: 	: 	: 	: 	: 	: 
A,ED3_4,F,Y15-74,PC,NL34	: bu	5.5 u	: u	3.9 u	: u	: bu	: u	: bu	3.5 u	: u	: u	: u
A,ED3_4,F,Y15-74,PC,NL35	: 	: 	: 	: 	: 	3.6 b	4.3 	6.6 b	3.0 	3.7 	4.5 	4.0 
A,ED3_4,F,Y15-74,PC,NL36	: 	: 	: 	: 	: 	4.2 b	5.1 	4.7 b	4.1 	3.7 	4.8 	4.9 
A,ED3_4,F,Y15-74,PC,NL41	7.9 b	6.3 	6.1 	4.5 	3.4 	2.9 b	3.1 	2.8 b	2.9 	3.0 	2.9 	3.6 
A,ED3_4,F,Y15-74,PC,NL42	7.5 b	5.7 	5.9 	4.4 	3.6 	2.7 b	2.9 	3.5 b	3.1 	3.8 	3.6 	2.7 
A,ED3_4,F,Y15-74,PC,NO01	4.1 b	5.5 	: 	: 	: 	: 	: 	: 	: 	: 	: 	: 
A,ED3_4,F,Y15-74,PC,NO02	1.6 bu	3.6 u	3.0 u	: u	: u	: u	: u	: bu	: u	: u	: u	: u
A,ED3_4,F,Y15-74,PC,NO03	2.3 b	4.1 	: 	: 	: 	: 	: 	: 	: 	: 	: 	: 
A,ED3_4,F,Y15-74,PC,NO04	2.4 b	4.7 	: 	: 	: 	: 	: 	: 	: 	: 	: 	: 
A,ED3_4,F,Y15-74,PC,NO05	3.3 b	2.8 	: 	: 	: 	: 	: 	: 	: 	: 	: 	: 
A,ED3_4,F,Y15-74,PC,NO06	2.0 bu	2.8 u	2.9 u	: u	: u	: u	: u	: bu	: u	: u	: u	: u
A,ED3_4,F,Y15-74,PC,NO07	3.3 bu	1.8 u	1.8 u	: u	: u	: u	: u	: bu	: u	: u	: u	: u
A,ED3_4,F,Y15-74,PC,NO08	: 	: 	4.2 	3.8 u	4.1 u	4.3 u	5.4 u	4.2 bu	4.1 u	4.2 u	4.0 u	4.1 u
A,ED3_4,F,Y15-74,PC,NO09	: 	: 	3.1 	: u	: u	: u	: u	: bu	: u	: u	: u	: u
A,ED3_4,F,Y15-74,PC,NO0A	: 	: 	3.6 	: u	: u	: u	4.4 u	: bu	: u	: u	: u	: u
A,ED3_4,F,Y15-74,PC,PL21	11.7 b	9.8 	7.6 b	4.6 	3.8 u	3.5 bu	3.1 u	4.7 bu	3.8 u	3.3 u	4.2 u	4.3 u
A,ED3_4,F,Y15-74,PC,PL22	10.5 b	9.2 	6.6 b	5.0 	4.2 	3.0 bu	4.1 u	3.8 bu	3.1 u	3.9 u	4.5 u	4.3 u
A,ED3_4,F,Y15-74,PC,PL41	11.6 b	7.4 	6.5 b	4.1 	3.0 u	4.5 b	: u	2.6 bu	: u	3.7 u	3.5 u	5.1 
A,ED3_4,F,Y15-74,PC,PL42	9.2 bu	8.6 u	9.3 b	5.8 u	5.2 u	4.2 bu	: u	: bu	: u	: u	: u	: u
A,ED3_4,F,Y15-74,PC,PL43	10.8 bu	8.5 u	5.7 bu	4.4 u	: u	: bu	: u	: bu	: u	: u	: u	: u
A,ED3_4,F,Y15-74,PC,PL51	11.8 b	8.9 	7.1 b	6.7 	4.9 u	4.6 bu	: u	4.4 bu	6.0 u	4.4 u	6.5 u	4.4 u
A,ED3_4,F,Y15-74,PC,PL52	10.7 bu	8.5 u	6.2 bu	5.3 u	: u	4.9 bu	: u	: bu	: u	: u	: u	: u
A,ED3_4,F,Y15-74,PC,PL61	14.8 b	10.3 	9.0 b	6.1 u	5.8 u	6.4 bu	5.0 u	7.5 bu	5.7 u	5.8 u	7.6 u	6.1 u
A,ED3_4,F,Y15-74,PC,PL62	11.9 b	12.4 	10.9 b	10.4 	7.2 u	5.6 bu	: u	: bu	: u	: u	: u	: u
A,ED3_4,F,Y15-74,PC,PL63	10.4 b	7.6 	7.6 b	5.4 u	3.7 u	3.9 bu	5.4 u	4.3 bu	: u	: u	: u	: u
A,ED3_4,F,Y15-74,PC,PL71	10.6 b	8.7 	6.5 b	5.5 	5.6 	3.6 bu	: u	5.3 bu	4.6 u	7.2 u	4.7 u	6.1 u
A,ED3_4,F,Y15-74,PC,PL72	12.5 b	11.5 	10.5 bu	8.5 u	6.9 u	: bu	: u	: bu	: u	: u	: u	: u
A,ED3_4,F,Y15-74,PC,PL81	13.2 b	10.5 	8.5 b	7.5 	8.3 	6.5 bu	6.8 u	7.4 bu	6.6 u	5.7 u	: u	8.5 u
A,ED3_4,F,Y15-74,PC,PL82	18.0 b	15.6 	11.4 b	12.0 	8.6 	8.0 b	5.1 u	6.4 bu	6.8 u	7.3 u	6.0 u	5.1 u
A,ED3_4,F,Y15-74,PC,PL84	11.6 bu	7.8 u	8.7 bu	6.3 u	: u	: bu	: u	: bu	: u	: u	: u	: u
A,ED3_4,F,Y15-74,PC,PL91	9.6 b	6.8 	5.2 bu	5.4 u	3.2 u	2.1 bu	: u	: bu	: u	: u	: u	: u
A,ED3_4,F,Y15-74,PC,PL92	11.3 b	8.9 	7.5 b	7.6 	6.4 	5.7 bu	5.8 u	4.3 bu	4.4 u	: u	5.6 u	6.3 u
A,ED3_4,F,Y15-74,PC,PT11	18.3 b	16.5 	13.9 	11.3 	8.7 	8.0 	9.4 	10.7 b	7.4 	8.9 	8.3 	8.8 
A,ED3_4,F,Y15-74,PC,PT15	15.8 b	: u	: u	: u	: u	: u	: u	9.1 bu	: u	: u	: u	: u
A,ED3_4,F,Y15-74,PC,PT16	14.0 b	13.5 	13.1 	9.9 	7.1 	: 	: 	: 	: 	: 	: 	: 
A,ED3_4,F,Y15-74,PC,PT17	17.4 b	15.8 	12.5 	11.1 	9.3 	: 	: 	: 	: 	: 	: 	: 
A,ED3_4,F,Y15-74,PC,PT18	14.2 b	16.5 	15.4 	: u	: u	: 	: 	: 	: 	: 	: 	: 
A,ED3_4,F,Y15-74,PC,PT19	: 	: 	: 	: 	: 	6.4 	9.3 	7.1 bu	7.0 u	6.7 u	7.1 	6.1 
A,ED3_4,F,Y15-74,PC,PT1A	: 	: 	: 	: 	: 	9.1 	10.7 	8.7 b	8.6 	8.0 	7.9 	7.2 
A,ED3_4,F,Y15-74,PC,PT1B	: 	: 	: 	: 	: 	11.0 	8.5 	11.1 bu	11.4 u	10.3 u	10.7 u	10.1 u
A,ED3_4,F,Y15-74,PC,PT1C	: 	: 	: 	: 	: 	: u	: u	: bu	: u	: u	: u	: u
A,ED3_4,F,Y15-74,PC,PT1D	: 	: 	: 	: 	: 	8.9 	: u	: bu	: u	6.1 u	8.9 u	5.7 u
A,ED3_4,F,Y15-74,PC,PT20	: bu	: u	: u	: u	: u	: u	: u	: bu	: u	: u	: u	: u
A,ED3_4,F,Y15-74,PC,PT30	: bu	: u	: u	: u	: u	: u	: u	: bu	: u	: u	: u	: u
A,ED3_4,F,Y15-74,PC,RO11	4.0 b	4.3 	2.5 u	3.1 u	2.8 u	2.6 u	4.3 	2.3 bu	2.8 u	: u	2.7 u	3.3 u
A,ED3_4,F,Y15-74,PC,RO12	10.0 b	5.5 	3.7 u	3.1 u	3.3 u	3.0 u	5.5 	3.8 bu	2.7 u	: u	2.6 u	3.5 u
A,ED3_4,F,Y15-74,PC,RO21	4.8 b	4.5 	3.6 	3.0 u	2.9 u	2.7 u	4.5 	7.1 b	7.7 	7.4 	6.2 	7.0 
A,ED3_4,F,Y15-74,PC,RO22	10.9 b	8.9 	7.5 	5.3 	6.2 	7.4 	7.2 	4.8 bu	5.3 	6.5 	6.3 	8.9 
A,ED3_4,F,Y15-74,PC,RO31	9.2 b	10.0 	10.1 	7.0 	5.8 	5.1 	5.7 	9.0 b	9.0 	9.5 	8.4 	9.5 
A,ED3_4,F,Y15-74,PC,RO32	6.7 b	4.8 	4.0 u	4.2 u	3.6 u	: u	4.2 u	2.8 bu	2.8 u	3.1 u	: u	: u
A,ED3_4,F,Y15-74,PC,RO41	7.1 b	8.9 	8.7 	9.1 	6.1 	5.2 u	4.9 u	7.4 b	6.6 	6.9 	7.3 	7.3 
A,ED3_4,F,Y15-74,PC,RO42	4.8 bu	4.8 u	: u	: u	: u	: u	4.0 u	: bu	4.9 u	: u	: u	4.8 u
A,ED3_4,F,Y15-74,PC,RS11	19.9 b	21.1 	17.2 	14.2 	12.6 	11.3 	9.2 	11.2 b	9.4 	9.0 	7.5 	8.3 
A,ED3_4,F,Y15-74,PC,RS12	20.1 b	17.3 	17.3 	13.5 	10.8 	8.6 	7.5 	9.4 b	7.5 	8.3 	8.6 	8.3 
A,ED3_4,F,Y15-74,PC,RS21	25.1 b	24.0 	19.9 	18.5 	18.3 	15.2 	12.3 	16.5 b	14.7 	12.2 	9.7 	9.0 
A,ED3_4,F,Y15-74,PC,RS22	27.6 b	24.6 	20.5 	18.4 	19.5 	16.5 	13.5 	15.3 b	14.7 	14.9 	12.9 	14.9 
A,ED3_4,F,Y15-74,PC,SE11	5.8 b	6.0 	5.8 	5.2 	4.2 b	5.1 	7.0 	7.6 b	6.8 	7.0 	8.0 	7.7 
A,ED3_4,F,Y15-74,PC,SE12	7.6 b	6.7 	6.6 	5.6 	5.9 b	5.2 	6.5 	7.5 b	8.2 	6.7 	7.6 	7.7 
A,ED3_4,F,Y15-74,PC,SE21	5.9 b	4.3 	5.1 	3.4 	3.3 b	3.6 u	5.0 u	6.2 bu	: u	8.2 u	5.2 u	6.1 u
A,ED3_4,F,Y15-74,PC,SE22	8.3 b	7.7 	6.1 	7.1 	8.4 b	8.7 	10.7 	9.1 b	8.8 	7.8 	8.1 	8.7 
A,ED3_4,F,Y15-74,PC,SE23	7.0 b	5.8 	4.6 	4.0 	4.1 b	3.5 	5.8 	6.6 b	6.4 	5.6 	5.8 	7.1 
A,ED3_4,F,Y15-74,PC,SE31	7.7 b	6.6 	5.8 	5.2 	4.8 b	6.3 u	6.8 u	7.7 bu	4.8 u	: u	4.9 u	7.2 u
A,ED3_4,F,Y15-74,PC,SE32	7.8 b	6.6 	6.3 	5.4 	4.3 bu	: u	: u	: bu	: u	: u	: u	: u
A,ED3_4,F,Y15-74,PC,SE33	6.2 b	6.1 	4.6 	4.5 	4.1 bu	6.9 u	: u	: bu	: u	: u	: u	: u
A,ED3_4,F,Y15-74,PC,SI03	13.6 b	13.2 	10.2 	9.1 	6.1 	6.6 	8.6 	7.6 b	5.9 	4.6 b	4.5 	5.5 
A,ED3_4,F,Y15-74,PC,SI04	9.8 b	10.8 	8.1 	7.6 	6.6 	4.7 	6.1 	6.0 b	5.4 u	4.1 bu	4.6 u	4.9 u
A,ED3_4,F,Y15-74,PC,SK01	7.4 b	6.4 	6.5 	3.3 u	: u	: u	5.4 	: bu	: u	: u	: u	: u
A,ED3_4,F,Y15-74,PC,SK02	11.7 b	11.6 	8.6 	5.9 	4.7 	4.7 	5.2 	5.6 b	4.6 	4.1 	3.8 	3.8 
A,ED3_4,F,Y15-74,PC,SK03	15.8 b	13.9 	10.6 	9.7 	7.3 	5.4 	6.3 	6.4 b	5.9 	6.0 	5.5 	6.6 
A,ED3_4,F,Y15-74,PC,SK04	15.9 b	16.5 	15.0 	10.9 	10.3 	7.8 	10.8 	10.3 b	9.1 	9.1 	8.2 	8.2 
A,ED3_4,F,Y15-74,PC,TR10	18.4 b	20.1 	22.1 	20.6 	19.8 	25.3 	23.0 	17.7 b	16.8 	15.3 	15.9 	16.3 
A,ED3_4,F,Y15-74,PC,TR21	19.2 b	15.3 	18.8 	19.0 	17.2 	21.6 	16.9 	19.6 b	12.8 	10.7 	10.4 	12.8 
A,ED3_4,F,Y15-74,PC,TR22	10.6 b	9.8 	19.3 	17.0 	19.0 	20.1 	14.0 	15.3 b	13.4 	14.1 	14.4 	11.2 
A,ED3_4,F,Y15-74,PC,TR31	26.6 b	26.2 	23.3 	25.6 	21.6 	27.6 	29.0 	25.8 b	24.0 	18.5 	19.8 	20.0 
A,ED3_4,F,Y15-74,PC,TR32	15.1 b	14.8 	12.1 	15.7 	15.9 	17.7 	16.2 	15.4 b	16.9 	19.2 	17.5 	16.2 
A,ED3_4,F,Y15-74,PC,TR33	14.5 b	7.8 	16.4 	20.9 	12.2 	20.6 	14.5 	17.1 b	15.5 	15.6 	11.9 	12.3 
A,ED3_4,F,Y15-74,PC,TR41	10.8 b	13.9 	15.4 	15.7 	15.3 	16.0 	16.7 	15.8 b	16.7 	16.0 	14.4 	15.0 
A,ED3_4,F,Y15-74,PC,TR42	20.1 b	15.5 	16.0 	14.3 	17.2 	19.8 	17.9 	16.5 b	19.3 	18.4 	15.0 	14.6 
A,ED3_4,F,Y15-74,PC,TR51	19.6 b	20.4 	21.3 	21.0 	19.3 	24.0 	25.4 	26.1 b	20.5 	23.2 	17.6 	16.4 
A,ED3_4,F,Y15-74,PC,TR52	15.6 b	21.9 	17.9 	13.0 	11.1 	19.5 	14.1 	18.2 b	16.1 	14.8 	17.8 	16.0 
A,ED3_4,F,Y15-74,PC,TR61	19.8 b	22.0 	21.7 	26.4 	20.6 	23.9 	19.9 	19.8 b	16.9 	12.5 	11.1 	11.0 
A,ED3_4,F,Y15-74,PC,TR62	23.9 b	23.1 	18.7 	19.1 	22.1 	21.7 	24.6 	23.4 b	23.6 	18.0 	17.3 	18.2 
A,ED3_4,F,Y15-74,PC,TR63	23.4 b	31.8 	28.1 	30.6 	31.1 	33.9 	23.7 	32.1 b	33.1 	33.2 	31.0 	22.9 
A,ED3_4,F,Y15-74,PC,TR71	13.3 bu	31.1 	33.7 	30.0 	25.7 	27.7 	22.0 	24.6 b	20.1 	22.0 	21.0 	19.7 
A,ED3_4,F,Y15-74,PC,TR72	24.9 b	31.6 	31.4 	29.4 	28.4 	36.4 	22.9 	25.0 b	17.3 	22.3 	22.4 	14.7 
A,ED3_4,F,Y15-74,PC,TR81	18.3 b	19.1 	22.7 	16.4 	26.2 	27.7 	25.9 	27.0 b	24.2 	22.5 	21.2 	23.1 
A,ED3_4,F,Y15-74,PC,TR82	15.1 bu	21.3 	19.8 	17.5 u	17.8 u	21.8 	10.1 u	14.5 bu	17.7 	14.5 	12.7 u	11.5 u
A,ED3_4,F,Y15-74,PC,TR83	21.5 b	14.2 	19.4 	20.8 	19.6 	22.7 	17.8 	14.5 b	14.5 	19.7 	17.1 	14.0 
A,ED3_4,F,Y15-74,PC,TR90	11.9 b	10.6 	10.6 	8.6 	11.4 	20.5 	16.9 	20.2 b	19.0 	21.2 	18.8 	13.9 
A,ED3_4,F,Y15-74,PC,TRA1	18.0 bu	12.8 u	7.5 u	15.3 u	11.0 u	18.0 u	18.8 u	20.8 b	15.7 	14.4 	15.9 u	20.0 u
A,ED3_4,F,Y15-74,PC,TRA2	7.3 bu	11.1 u	10.9 u	13.2 u	10.8 u	21.6 u	21.4 u	27.4 bu	21.0 u	25.9 	25.5 u	17.2 u
A,ED3_4,F,Y15-74,PC,TRB1	18.4 b	15.2 	19.7 	19.1 	15.9 	17.8 	19.5 	25.3 b	18.0 	14.9 	13.2 	21.9 
A,ED3_4,F,Y15-74,PC,TRB2	36.8 b	16.1 u	20.2 u	24.8 	48.1 	54.3 	43.8 	43.0 b	44.8 	43.5 	41.6 	27.0 
A,ED3_4,F,Y15-74,PC,TRC1	15.8 b	14.0 	25.7 	25.9 	20.3 	19.4 	21.5 	17.9 b	22.0 	19.4 	16.4 	26.1 
A,ED3_4,F,Y15-74,PC,TRC2	30.7 b	30.0 	33.2 	33.1 	46.9 	42.5 	31.2 	23.4 b	17.4 	28.2 	16.9 	15.0 
A,ED3_4,F,Y15-74,PC,TRC3	42.7 b	27.4 	46.8 	44.4 	45.5 	52.0 	43.4 	37.9 b	28.9 	24.7 	23.0 	18.7 
A,ED3_4,F,Y15-74,PC,UKC1	12.0 b	9.9 	5.9 u	4.7 u	6.4 u	5.2 u	: 	: 	: 	: 	: 	: 
A,ED3_4,F,Y15-74,PC,UKC2	8.4 b	8.3 	7.3 	6.6 u	7.0 	5.6 u	: 	: 	: 	: 	: 	: 
A,ED3_4,F,Y15-74,PC,UKD1	: bu	: u	: u	: u	: u	: u	: 	: 	: 	: 	: 	: 
A,ED3_4,F,Y15-74,PC,UKD3	8.9 b	8.1 	5.7 	2.7 u	4.8 	6.5 	: 	: 	: 	: 	: 	: 
A,ED3_4,F,Y15-74,PC,UKD4	5.7 bu	6.6 	3.9 u	4.5 u	6.2 u	3.3 u	: 	: 	: 	: 	: 	: 
A,ED3_4,F,Y15-74,PC,UKD6	: bu	6.3 u	: u	: u	: u	: u	: 	: 	: 	: 	: 	: 
A,ED3_4,F,Y15-74,PC,UKD7	9.0 b	6.2 u	5.0 u	4.9 u	4.2 u	4.9 u	: 	: 	: 	: 	: 	: 
A,ED3_4,F,Y15-74,PC,UKE1	12.2 b	9.0 u	7.0 u	: u	7.1 u	: u	: 	: 	: 	: 	: 	: 
A,ED3_4,F,Y15-74,PC,UKE2	: bu	: u	: u	: u	: u	: u	: 	: 	: 	: 	: 	: 
A,ED3_4,F,Y15-74,PC,UKE3	10.6 b	6.7 u	6.7 u	4.3 u	5.2 u	5.9 u	: 	: 	: 	: 	: 	: 
A,ED3_4,F,Y15-74,PC,UKE4	6.8 b	6.8 	6.9 	4.3 u	6.3 	4.4 u	: 	: 	: 	: 	: 	: 
A,ED3_4,F,Y15-74,PC,UKF1	6.0 b	5.0 	3.6 u	4.0 u	4.7 	3.5 u	: 	: 	: 	: 	: 	: 
A,ED3_4,F,Y15-74,PC,UKF2	5.5 bu	4.1 u	5.4 	4.2 u	4.9 u	4.0 u	: 	: 	: 	: 	: 	: 
A,ED3_4,F,Y15-74,PC,UKF3	: bu	: u	5.7 u	: u	6.4 u	: u	: 	: 	: 	: 	: 	: 
A,ED3_4,F,Y15-74,PC,UKG1	4.7 bu	3.6 u	4.0 u	: u	: u	: u	: 	: 	: 	: 	: 	: 
A,ED3_4,F,Y15-74,PC,UKG2	5.9 bu	5.9 	4.2 u	6.8 	5.7 u	3.5 u	: 	: 	: 	: 	: 	: 
A,ED3_4,F,Y15-74,PC,UKG3	7.4 b	7.3 	9.7 	8.9 	8.5 	6.0 	: 	: 	: 	: 	: 	: 
A,ED3_4,F,Y15-74,PC,UKH1	4.3 b	5.0 	4.3 	4.0 u	4.1 	2.7 u	: 	: 	: 	: 	: 	: 
A,ED3_4,F,Y15-74,PC,UKH2	4.3 bu	3.0 u	4.3 u	3.5 u	4.4 u	3.5 u	: 	: 	: 	: 	: 	: 
A,ED3_4,F,Y15-74,PC,UKH3	6.0 b	4.0 u	5.2 	3.8 u	3.7 u	2.8 u	: 	: 	: 	: 	: 	: 
A,ED3_4,F,Y15-74,PC,UKI3	: bu	7.8 u	: u	9.3 u	: u	8.1 u	: 	: 	: 	: 	: 	: 
A,ED3_4,F,Y15-74,PC,UKI4	12.3 b	12.1 	13.5 	7.5 	7.9 	7.4 	: 	: 	: 	: 	: 	: 
A,ED3_4,F,Y15-74,PC,UKI5	10.1 b	10.6 	6.5 	9.7 	6.8 	4.3 u	: 	: 	: 	: 	: 	: 
A,ED3_4,F,Y15-74,PC,UKI6	9.5 b	6.9 u	6.7 u	4.2 u	8.2 u	4.5 u	: 	: 	: 	: 	: 	: 
A,ED3_4,F,Y15-74,PC,UKI7	8.5 b	9.4 	8.5 	6.6 	6.2 u	4.5 u	: 	: 	: 	: 	: 	: 
A,ED3_4,F,Y15-74,PC,UKJ1	6.1 b	4.0 u	2.9 u	2.2 u	4.1 u	3.2 u	: 	: 	: 	: 	: 	: 
A,ED3_4,F,Y15-74,PC,UKJ2	5.7 b	4.4 	3.4 u	3.3 u	3.4 u	2.3 u	: 	: 	: 	: 	: 	: 
A,ED3_4,F,Y15-74,PC,UKJ3	5.0 b	4.0 u	4.6 u	3.7 u	2.8 u	3.3 u	: 	: 	: 	: 	: 	: 
A,ED3_4,F,Y15-74,PC,UKJ4	6.3 b	7.0 	5.0 u	4.9 u	5.7 	3.8 u	: 	: 	: 	: 	: 	: 
A,ED3_4,F,Y15-74,PC,UKK1	5.1 b	3.5 u	3.3 u	5.0 	3.8 u	3.4 u	: 	: 	: 	: 	: 	: 
A,ED3_4,F,Y15-74,PC,UKK2	3.1 bu	4.0 u	5.0 u	3.2 u	3.4 u	: u	: 	: 	: 	: 	: 	: 
A,ED3_4,F,Y15-74,PC,UKK3	: bu	: u	: u	: u	: u	: u	: 	: 	: 	: 	: 	: 
A,ED3_4,F,Y15-74,PC,UKK4	7.4 bu	5.8 u	4.3 u	5.2 u	: u	: u	: 	: 	: 	: 	: 	: 
A,ED3_4,F,Y15-74,PC,UKL1	5.2 bu	7.3 	4.7 u	5.2 u	4.9 u	3.7 u	: 	: 	: 	: 	: 	: 
A,ED3_4,F,Y15-74,PC,UKL2	7.1 bu	: u	: u	3.5 u	: u	4.3 u	: 	: 	: 	: 	: 	: 
A,ED3_4,F,Y15-74,PC,UKM5	: bu	: u	: u	: u	: u	: u	: 	: 	: 	: 	: 	: 
A,ED3_4,F,Y15-74,PC,UKM6	: bu	: u	: u	: u	: u	: u	: 	: 	: 	: 	: 	: 
A,ED3_4,F,Y15-74,PC,UKM7	6.5 b	6.4 u	3.7 u	3.6 u	2.9 u	3.0 u	: 	: 	: 	: 	: 	: 
A,ED3_4,F,Y15-74,PC,UKM8	10.5 b	8.3 u	6.9 u	5.1 u	5.1 u	4.0 u	: 	: 	: 	: 	: 	: 
A,ED3_4,F,Y15-74,PC,UKM9	4.9 bu	5.3 u	: u	: u	: u	: u	: 	: 	: 	: 	: 	: 
A,ED3_4,F,Y15-74,PC,UKN0	6.9 b	6.2 u	5.8 u	3.2 u	2.8 u	3.8 u	: 	: 	: 	: 	: 	: 
A,ED3_4,M,Y15-74,PC,AT11	: bu	: u	: u	: u	: u	: u	: u	: bu	: u	: u	: u	: u
A,ED3_4,M,Y15-74,PC,AT12	4.9 b	5.4 	6.0 	4.7 	4.1 	3.9 	4.0 	4.4 b	3.0 	3.5 	3.8 	4.3 
A,ED3_4,M,Y15-74,PC,AT13	11.6 b	13.2 	14.2 	13.0 	10.5 	10.0 	12.7 	13.5 b	10.8 	12.5 	11.0 	10.7 
A,ED3_4,M,Y15-74,PC,AT21	6.6 bu	6.6 u	4.8 u	4.3 u	: u	: u	4.3 u	6.3 bu	4.4 u	4.0 u	4.9 u	6.1 u
A,ED3_4,M,Y15-74,PC,AT22	4.5 b	4.7 	4.6 	4.5 	3.1 	2.2 u	3.9 	3.1 bu	3.2 u	4.7 	4.5 	4.3 
A,ED3_4,M,Y15-74,PC,AT31	2.8 b	3.7 	3.9 	3.8 	2.6 	2.6 u	3.2 	3.3 b	2.9 	3.2 	3.5 	4.9 
A,ED3_4,M,Y15-74,PC,AT32	: bu	: u	: u	: u	: u	: u	: u	4.6 bu	: u	: u	: u	: u
A,ED3_4,M,Y15-74,PC,AT33	3.4 bu	: u	: u	: u	: u	: u	: u	3.9 bu	3.1 u	2.9 u	3.1 u	3.2 u
A,ED3_4,M,Y15-74,PC,AT34	: bu	: u	: u	: u	: u	: u	: u	: bu	: u	: u	: u	: u
A,ED3_4,M,Y15-74,PC,BE10	24.4 b	21.8 	20.1 	17.8 b	18.4 	14.5 	12.0 	14.8 b	14.1 	12.3 	13.9 	17.5 
A,ED3_4,M,Y15-74,PC,BE21	5.9 b	5.9 	6.1 	4.8 b	4.2 	3.9 	3.6 	6.3 b	4.3 	4.6 	4.9 	5.4 
A,ED3_4,M,Y15-74,PC,BE22	6.5 b	6.8 	4.9 	3.1 bu	3.4 u	3.6 u	3.4 u	3.9 bu	2.8 u	2.5 u	3.7 u	3.8 u
A,ED3_4,M,Y15-74,PC,BE23	4.5 b	3.7 	4.8 	3.4 b	2.0 u	3.3 	1.8 u	2.8 bu	2.3 u	3.1 	4.4 	4.4 
A,ED3_4,M,Y15-74,PC,BE24	4.9 b	5.7 	5.4 	3.7 bu	3.7 u	3.4 u	4.7 	5.6 bu	4.9 u	6.3 u	5.5 u	5.6 
A,ED3_4,M,Y15-74,PC,BE25	3.6 bu	4.0 	3.4 u	2.5 bu	1.6 u	2.3 u	3.3 u	3.6 bu	2.4 u	3.1 u	2.9 u	3.7 
A,ED3_4,M,Y15-74,PC,BE31	9.2 bu	8.6 u	7.9 u	8.1 bu	6.8 u	: u	7.2 u	7.9 bu	6.6 u	7.7 u	8.5 u	7.0 u
A,ED3_4,M,Y15-74,PC,BE32	15.3 b	13.8 	11.2 	11.6 b	9.7 	9.5 	10.1 	10.7 b	11.4 	9.7 	9.4 	8.5 
A,ED3_4,M,Y15-74,PC,BE33	12.7 b	13.4 	11.2 	10.3 b	8.7 	6.4 	7.7 	10.6 b	10.6 	12.5 	8.6 	7.0 
A,ED3_4,M,Y15-74,PC,BE34	9.7 bu	7.8 u	7.1 u	7.6 bu	6.9 u	: u	: u	: bu	: u	: u	: u	: u
A,ED3_4,M,Y15-74,PC,BE35	10.1 bu	11.4 	11.8 	9.6 bu	9.1 u	7.0 u	7.2 u	10.3 b	6.9 u	7.4 u	7.6 u	8.8 u
A,ED3_4,M,Y15-74,PC,BG31	14.7 b	12.1 	9.4 	10.6 	10.5 	7.9 b	10.5 	9.7 b	5.7 u	7.6 	10.8 b	8.0 
A,ED3_4,M,Y15-74,PC,BG32	11.7 b	9.1 	8.0 	6.0 	6.0 	4.2 bu	4.8 u	6.1 bu	6.0 	6.0 u	5.7 bu	3.9 u
A,ED3_4,M,Y15-74,PC,BG33	11.0 b	7.4 	6.3 	5.9 	5.2 	3.2 bu	4.2 u	5.1 bu	4.6 u	3.2 u	3.9 bu	3.1 u
A,ED3_4,M,Y15-74,PC,BG34	10.1 b	8.0 	5.8 	5.1 	4.7 	3.4 bu	4.6 u	3.7 bu	2.8 u	3.2 u	3.6 bu	3.2 u
A,ED3_4,M,Y15-74,PC,BG41	10.3 b	8.4 	6.9 	3.4 	2.6 	2.4 b	4.3 	4.4 b	3.5 	4.4 	3.2 b	2.0 
A,ED3_4,M,Y15-74,PC,BG42	9.5 b	7.7 	6.0 	4.5 	4.0 	3.1 bu	3.3 u	3.0 bu	2.5 u	2.9 u	2.7 bu	3.8 
A,ED3_4,M,Y15-74,PC,CH01	7.3 b	6.6 	7.1 	8.2 	7.4 	7.4 	8.2 	8.3 b	5.4 	7.0 	6.4 	8.1 
A,ED3_4,M,Y15-74,PC,CH02	3.9 b	3.9 	4.7 	3.5 	4.6 	4.2 	5.1 	5.0 b	3.2 	2.7 	3.3 	4.6 
A,ED3_4,M,Y15-74,PC,CH03	3.8 b	3.8 	4.6 	3.8 	4.4 	3.8 	5.2 	5.3 b	4.6 	3.3 u	4.1 	4.6 
A,ED3_4,M,Y15-74,PC,CH04	5.4 b	4.8 	4.5 	5.8 	4.1 	3.2 	6.0 	6.1 b	4.9 	4.4 	4.4 	5.3 
A,ED3_4,M,Y15-74,PC,CH05	3.4 b	3.6 	4.2 	4.4 	3.6 	3.0 	4.3 	2.8 bu	2.4 u	2.7 u	2.5 u	3.0 
A,ED3_4,M,Y15-74,PC,CH06	3.1 bu	2.8 u	4.2 u	2.6 u	2.6 u	2.6 u	3.0 u	2.9 bu	1.8 u	1.7 u	1.8 u	2.9 u
A,ED3_4,M,Y15-74,PC,CH07	7.0 bu	8.7 u	7.5 u	6.1 u	6.1 u	6.9 u	6.0 u	8.0 bu	4.8 u	6.2 u	8.2 u	6.0 u
A,ED3_4,M,Y15-74,PC,CY00	18.6 b	16.6 	12.7 	11.0 	8.4 	7.6 	8.4 	8.1 b	6.4 	6.2 	5.5 	4.7 
A,ED3_4,M,Y15-74,PC,CZ01	2.3 b	2.4 	2.3 	1.0 u	0.7 u	1.3 u	2.5 	2.2 b	2.1 	2.2 	2.1 	2.6 u
A,ED3_4,M,Y15-74,PC,CZ02	4.3 b	2.9 	2.3 	1.6 	1.2 	1.1 	1.5 	1.7 b	0.9 u	1.0 u	0.6 u	1.1 u
A,ED3_4,M,Y15-74,PC,CZ03	3.4 b	2.7 	2.0 	1.5 	1.1 u	0.8 u	1.2 	1.7 b	1.1 u	1.2 	1.7 	1.5 u
A,ED3_4,M,Y15-74,PC,CZ04	6.1 b	4.7 	3.4 	1.6 	1.9 	1.9 	2.9 	2.8 b	2.0 	2.6 	2.1 	2.5 
A,ED3_4,M,Y15-74,PC,CZ05	4.5 b	3.6 	3.0 	1.9 	1.3 	1.2 	1.6 	1.6 b	1.6 	2.2 	2.0 	2.5 
A,ED3_4,M,Y15-74,PC,CZ06	5.0 b	4.1 	2.9 	2.4 	1.4 	1.0 	1.6 	1.8 b	1.1 	1.5 	2.2 	2.1 
A,ED3_4,M,Y15-74,PC,CZ07	5.8 b	3.8 	3.8 	3.2 	2.0 	1.9 	1.8 	1.4 b	1.6 	2.0 	2.2 	2.6 
A,ED3_4,M,Y15-74,PC,CZ08	6.8 b	6.1 	4.1 	3.7 	3.0 	3.1 	3.3 	4.1 b	2.5 	2.9 	3.4 	3.6 
A,ED3_4,M,Y15-74,PC,DE11	3.3 b	3.6 	3.1 	2.9 	2.2 	2.6 	: bu	3.1 bu	3.3 u	2.6 u	2.9 u	3.7 u
A,ED3_4,M,Y15-74,PC,DE12	3.8 b	3.5 	2.6 	3.0 	2.5 	2.9 	: bu	4.0 bu	4.0 u	: u	: u	: u
A,ED3_4,M,Y15-74,PC,DE13	2.6 b	2.1 	2.5 	2.3 	2.3 	1.8 	: bu	: bu	: u	: u	: u	: u
A,ED3_4,M,Y15-74,PC,DE14	2.7 b	3.1 	2.4 	1.9 	2.1 	1.9 	: bu	: bu	: u	: u	: u	: u
A,ED3_4,M,Y15-74,PC,DE21	2.5 b	3.0 	2.4 	2.2 	2.1 	1.9 	: bu	: bu	: u	: u	2.2 u	2.5 u
A,ED3_4,M,Y15-74,PC,DE22	2.3 b	2.3 	: u	2.2 	: u	: u	: bu	: bu	: u	: u	: u	: u
A,ED3_4,M,Y15-74,PC,DE23	3.1 b	2.8 	: u	: u	: u	: u	: bu	: bu	: u	: u	: u	: u
A,ED3_4,M,Y15-74,PC,DE24	4.0 b	4.2 	3.4 	: u	: u	: u	: bu	: bu	: u	: u	: u	: u
A,ED3_4,M,Y15-74,PC,DE25	2.8 b	3.0 	2.4 	: u	: u	: u	: bu	: bu	: u	: u	: u	: u
A,ED3_4,M,Y15-74,PC,DE26	2.4 b	2.7 	2.6 	: u	: u	: u	: bu	: bu	: u	: u	: u	: u
A,ED3_4,M,Y15-74,PC,DE27	2.6 b	2.9 	2.2 	1.7 	2.1 	1.9 	: bu	: bu	: u	: u	: u	: u
A,ED3_4,M,Y15-74,PC,DE30	10.4 b	9.8 	7.8 	7.1 	6.4 	5.1 	: bu	6.1 bu	4.5 u	5.6 u	5.2 u	6.0 u
A,ED3_4,M,Y15-74,PC,DE40	7.7 b	6.4 	5.3 	5.1 	4.8 	4.1 	: bu	: bu	3.4 u	: u	3.2 u	3.3 u
A,ED3_4,M,Y15-74,PC,DE50	6.1 b	: u	5.3 	5.9 	: u	: u	: bu	: bu	: u	: u	: u	: u
A,ED3_4,M,Y15-74,PC,DE60	4.5 b	4.9 	4.1 	3.2 	3.6 	3.0 	: bu	: bu	: u	: u	: u	: u
A,ED3_4,M,Y15-74,PC,DE71	4.8 b	3.9 	3.8 	3.6 	2.9 	2.9 	: bu	4.7 bu	3.8 u	3.1 u	3.3 u	3.1 u
A,ED3_4,M,Y15-74,PC,DE72	3.8 b	3.6 	3.3 	4.3 	3.2 	: u	: bu	: bu	: u	: u	: u	: u
A,ED3_4,M,Y15-74,PC,DE73	3.4 b	3.9 	2.9 	: u	3.2 	2.6 	: bu	: bu	: u	: u	: u	: u
A,ED3_4,M,Y15-74,PC,DE80	11.0 b	8.7 	6.7 	5.3 	5.4 	4.4 	: bu	: bu	: u	: u	: u	: u
A,ED3_4,M,Y15-74,PC,DE91	5.4 b	5.1 	3.7 	3.8 	3.3 	3.2 	: bu	: bu	: u	: u	: u	: u
A,ED3_4,M,Y15-74,PC,DE92	5.4 b	4.9 	5.0 	4.3 	3.8 	3.4 	: bu	: bu	: u	: u	: u	: u
A,ED3_4,M,Y15-74,PC,DE93	3.8 b	3.5 	2.6 	3.1 	1.8 	2.5 	: bu	: bu	: u	: u	: u	: u
A,ED3_4,M,Y15-74,PC,DE94	3.5 b	3.3 	3.9 	2.8 	2.8 	2.7 	: bu	: bu	: u	: u	: u	: u
A,ED3_4,M,Y15-74,PC,DEA1	6.1 b	5.7 	5.3 	4.2 	4.1 	3.7 	4.3 bu	5.1 b	3.9 	3.9 	4.1 	4.4 
A,ED3_4,M,Y15-74,PC,DEA2	4.5 b	4.3 	4.3 	3.9 	3.8 	3.4 	: bu	3.9 bu	3.1 u	3.2 u	3.1 u	4.3 u
A,ED3_4,M,Y15-74,PC,DEA3	4.7 b	3.7 	3.8 	3.9 	3.1 	3.3 	: bu	: bu	3.6 u	: u	: u	: u
A,ED3_4,M,Y15-74,PC,DEA4	4.6 b	3.7 	3.3 	3.5 	2.7 	2.7 	: bu	: bu	: u	: u	: u	: u
A,ED3_4,M,Y15-74,PC,DEA5	5.5 b	5.8 	4.9 	4.0 	3.8 	3.3 	: bu	4.2 bu	3.4 u	2.8 u	2.8 u	4.1 u
A,ED3_4,M,Y15-74,PC,DEB1	3.7 b	2.7 	3.2 	3.3 	2.4 	: u	: bu	: bu	: u	: u	: u	: u
A,ED3_4,M,Y15-74,PC,DEB2	: bu	: u	: u	: u	: u	: u	: bu	: bu	: u	: u	: u	: u
A,ED3_4,M,Y15-74,PC,DEB3	3.7 b	3.9 	3.7 	3.8 	3.1 	3.2 	: bu	4.4 bu	: u	: u	: u	: u
A,ED3_4,M,Y15-74,PC,DEC0	4.2 b	5.7 	5.2 	4.0 	: u	: u	: bu	: bu	: u	: u	: u	: u
A,ED3_4,M,Y15-74,PC,DED2	8.5 b	7.3 	5.7 	4.6 	4.3 	3.5 	: bu	: bu	: u	: u	: u	: u
A,ED3_4,M,Y15-74,PC,DED4	6.7 b	6.2 	4.2 	3.8 	3.7 	3.9 	: bu	: bu	: u	: u	: u	: u
A,ED3_4,M,Y15-74,PC,DED5	9.5 b	9.3 	6.7 	6.7 	4.7 	4.6 	: bu	: bu	: u	: u	: u	: u
A,ED3_4,M,Y15-74,PC,DEE0	9.3 b	8.4 	7.3 	6.9 	5.5 	4.5 	: bu	3.6 bu	3.7 u	4.1 u	3.4 u	4.7 u
A,ED3_4,M,Y15-74,PC,DEF0	4.2 b	3.8 	3.6 	3.4 	2.9 	2.7 	: bu	: bu	: u	: u	3.7 u	3.1 u
A,ED3_4,M,Y15-74,PC,DEG0	6.1 b	6.2 	4.8 	4.4 	4.2 	4.0 	: bu	3.7 bu	: u	: u	3.6 u	: u
A,ED3_4,M,Y15-74,PC,DK01	5.9 b	5.6 	5.6 b	5.9 b	3.8 	4.5 	5.5 	5.9 b	3.8 	4.9 b	5.8 	6.1 
A,ED3_4,M,Y15-74,PC,DK02	5.8 b	5.0 	5.0 b	3.7 bu	3.6 u	3.2 u	4.3 	3.2 bu	2.6 u	3.3 bu	5.1 	3.9 
A,ED3_4,M,Y15-74,PC,DK03	5.5 b	4.7 	4.2 b	3.7 b	3.4 	3.6 	4.1 	3.1 b	3.3 	4.3 b	4.6 	5.0 
A,ED3_4,M,Y15-74,PC,DK04	4.4 b	4.2 	3.8 b	3.4 b	3.9 	3.2 	3.3 	3.4 b	3.4 	4.5 b	4.6 	5.1 
A,ED3_4,M,Y15-74,PC,DK05	6.4 b	5.8 	4.0 bu	3.7 bu	4.5 u	4.2 u	3.4 u	3.8 bu	4.0 u	3.9 bu	4.3 u	5.2 
A,ED3_4,M,Y15-74,PC,EE00	7.9 b	6.6 	8.0 	6.5 	5.4 	3.9 	7.0 	6.8 b	5.8 	6.6 	8.4 	7.6 
A,ED3_4,M,Y15-74,PC,EL30	27.7 b	24.5 	23.0 	21.4 	18.5 	16.7 	14.8 	10.2 b	9.0 	9.0 	10.2 	8.0 
A,ED3_4,M,Y15-74,PC,EL41	20.0 b	11.3 u	10.7 u	15.1 u	16.8 	15.0 	11.9 u	9.8 bu	10.4 u	9.3 u	8.1 u	: u
A,ED3_4,M,Y15-74,PC,EL42	21.4 b	18.4 	16.4 	15.1 	14.1 	10.9 	12.8 	22.1 b	6.7 u	6.2 u	8.8 	5.2 u
A,ED3_4,M,Y15-74,PC,EL43	21.0 b	19.1 	18.4 	16.0 	11.5 	11.2 	17.1 	14.0 b	7.8 	8.7 	6.7 	3.9 u
A,ED3_4,M,Y15-74,PC,EL51	23.4 b	21.1 	17.8 	14.3 	13.8 	11.4 	15.5 	16.2 b	11.6 	8.1 	9.5 	8.5 
A,ED3_4,M,Y15-74,PC,EL52	26.1 b	24.4 	22.4 	18.8 	18.1 	17.6 	17.9 	14.9 b	10.3 	11.0 	10.6 	9.2 
A,ED3_4,M,Y15-74,PC,EL53	23.6 b	27.2 	24.9 	24.1 	25.0 	22.6 	17.7 	19.4 b	11.9 	12.3 	7.3 u	10.6 
A,ED3_4,M,Y15-74,PC,EL54	29.1 b	23.3 	20.2 	21.1 	17.7 	16.5 	19.4 	16.2 b	14.7 	10.0 	10.3 	9.3 
A,ED3_4,M,Y15-74,PC,EL61	24.0 b	22.6 	21.0 	16.1 	14.9 	14.8 	11.8 	11.8 b	12.9 	12.3 	8.0 	4.8 
A,ED3_4,M,Y15-74,PC,EL62	17.4 b	15.1 u	17.4 	19.3 	14.2 	10.7 u	15.0 	12.3 bu	9.9 u	13.6 	15.3 	7.7 u
A,ED3_4,M,Y15-74,PC,EL63	27.6 b	25.5 	25.4 	22.5 	20.4 	22.5 	19.0 	16.3 b	14.3 	8.7 	8.0 	8.7 
A,ED3_4,M,Y15-74,PC,EL64	25.3 b	19.6 	19.1 	17.3 	13.4 	12.9 	14.0 	10.5 b	8.8 	7.3 	4.4 u	3.6 u
A,ED3_4,M,Y15-74,PC,EL65	19.3 b	18.8 	16.6 	13.5 	11.7 	9.7 	8.4 	9.7 b	8.4 	8.7 	4.6 u	5.6 
A,ED3_4,M,Y15-74,PC,ES11	20.0 b	17.4 	14.9 	12.8 	11.8 	11.2 	10.9 	10.9 bd	11.4 d	9.5 d	9.5 d	8.9 d
A,ED3_4,M,Y15-74,PC,ES12	18.1 b	16.3 	16.8 	12.9 	13.8 	15.3 	17.3 	12.4 bd	11.1 d	14.5 d	10.2 d	7.8 d
A,ED3_4,M,Y15-74,PC,ES13	20.4 b	14.1 	15.3 	13.2 u	9.2 u	8.8 u	11.0 u	7.3 bdu	7.8 du	9.1 du	7.6 du	7.9 du
A,ED3_4,M,Y15-74,PC,ES21	19.0 b	15.5 	12.9 	11.4 	11.3 	9.9 	8.5 	11.3 bd	10.9 d	8.8 d	12.5 d	9.0 d
A,ED3_4,M,Y15-74,PC,ES22	18.7 b	16.4 	14.0 	8.2 u	8.7 u	7.9 u	8.4 u	10.5 bdu	10.0 du	10.1 du	7.4 du	8.0 du
A,ED3_4,M,Y15-74,PC,ES23	13.9 bu	14.9 u	10.5 u	10.5 u	10.6 u	8.3 u	8.0 u	9.3 bdu	9.5 du	7.4 du	6.3 du	5.6 du
A,ED3_4,M,Y15-74,PC,ES24	21.7 b	14.5 	11.3 	9.0 	9.5 	8.0 	9.5 	8.9 bd	7.2 d	6.4 d	8.0 d	7.3 d
A,ED3_4,M,Y15-74,PC,ES30	22.2 b	17.9 	15.7 	13.6 	13.4 	11.4 	13.3 	12.4 bd	11.0 d	10.8 d	10.3 d	10.0 d
A,ED3_4,M,Y15-74,PC,ES41	17.7 b	14.2 	12.0 	10.3 	8.4 	9.5 	10.1 	8.6 bd	8.3 d	8.3 d	7.2 d	8.0 d
A,ED3_4,M,Y15-74,PC,ES42	22.5 b	18.3 	16.0 	14.7 	13.4 	12.0 	12.8 	11.6 bd	8.3 d	10.3 d	12.1 d	9.7 d
A,ED3_4,M,Y15-74,PC,ES43	18.5 b	22.6 	19.5 	15.0 	15.8 	14.9 	18.2 	14.0 bd	12.2 d	12.6 d	12.3 d	10.3 d
A,ED3_4,M,Y15-74,PC,ES51	18.5 b	16.8 	14.3 	12.7 	12.4 	10.8 	13.2 	12.1 bd	10.4 d	10.2 d	9.0 d	8.3 d
A,ED3_4,M,Y15-74,PC,ES52	23.4 b	21.2 	17.5 	15.3 	11.2 	10.1 	15.2 	15.6 bd	11.1 d	11.1 d	12.2 d	11.6 d
A,ED3_4,M,Y15-74,PC,ES53	20.9 b	17.1 	9.9 	11.4 	15.2 	11.2 	16.5 	13.6 bd	9.7 d	10.2 d	9.4 d	9.3 d
A,ED3_4,M,Y15-74,PC,ES61	26.6 b	25.3 	22.5 	20.0 	17.8 	16.4 	17.6 	18.4 bd	16.0 d	15.5 d	13.9 d	12.1 d
A,ED3_4,M,Y15-74,PC,ES62	25.3 b	19.9 	13.7 	15.9 	14.8 	9.8 	16.1 	13.4 bd	12.2 d	11.6 d	10.6 d	9.6 d
A,ED3_4,M,Y15-74,PC,ES63	: bu	: u	: u	: u	: u	: u	: u	20.4 bdu	24.3 du	: u	: u	: u
A,ED3_4,M,Y15-74,PC,ES64	: bu	26.0 u	18.4 u	18.1 u	: u	: u	18.1 u	22.8 bdu	22.5 du	24.4 du	30.2 du	16.9 du
A,ED3_4,M,Y15-74,PC,ES70	27.8 b	24.4 	22.6 	19.5 	15.8 	17.1 	19.8 	21.4 bd	17.0 d	13.8 d	12.4 d	13.6 d
A,ED3_4,M,Y15-74,PC,FI19	9.9 b	10.3 	9.8 	10.0 	7.3 	7.5 	9.3 	9.2 b	6.7 	7.2 	8.0 	10.4 
A,ED3_4,M,Y15-74,PC,FI1B	8.6 b	9.4 	8.2 	8.5 	8.0 	6.4 	7.7 	7.8 b	6.9 	8.1 	10.1 	12.3 
A,ED3_4,M,Y15-74,PC,FI1C	8.9 b	10.7 	9.6 	9.1 	7.4 	6.0 	8.4 	8.2 b	8.2 	8.8 	10.1 	10.4 
A,ED3_4,M,Y15-74,PC,FI1D	11.8 b	11.9 	11.7 	10.7 	8.5 	9.6 	10.1 	8.4 b	7.7 	8.5 	8.7 	8.6 
A,ED3_4,M,Y15-74,PC,FI20	: bu	: u	: u	: u	: u	: u	: u	: bu	: u	: u	: u	: u
A,ED3_4,M,Y15-74,PC,FR10	10.6 	10.4 	11.3 	10.6 	10.1 	9.5 	9.9 	9.3 bd	9.7 d	10.1 d	10.0 d	11.2 d
A,ED3_4,M,Y15-74,PC,FRB0	9.6 	10.7 	10.1 	9.0 	9.0 	8.1 	10.4 	6.0 bd	5.9 d	5.8 d	5.2 d	6.2 d
A,ED3_4,M,Y15-74,PC,FRC1	11.7 	8.0 	10.5 	10.8 	8.8 	6.7 	7.5 	7.3 bd	6.8 d	7.0 d	5.7 du	7.8 d
A,ED3_4,M,Y15-74,PC,FRC2	9.4 	10.8 	8.3 	6.3 u	6.7 u	7.1 	4.2 u	4.1 bdu	5.8 du	5.0 du	4.4 du	8.7 d
A,ED3_4,M,Y15-74,PC,FRD1	6.8 	8.0 	8.7 	7.2 	6.0 	6.5 	5.5 u	6.2 bd	7.4 d	5.7 du	7.1 d	4.9 du
A,ED3_4,M,Y15-74,PC,FRD2	10.6 	11.2 	12.5 	13.5 	9.5 	7.9 	7.7 	8.5 bd	8.1 d	6.1 d	7.5 d	8.2 d
A,ED3_4,M,Y15-74,PC,FRE1	15.5 	15.2 	14.2 	14.2 	12.0 	11.8 	10.7 	9.7 bd	8.8 d	10.3 d	10.3 d	9.4 d
A,ED3_4,M,Y15-74,PC,FRE2	12.0 	9.7 	10.7 	9.1 	10.1 	8.8 	8.4 	6.4 bd	6.4 d	8.6 d	9.6 d	8.7 d
A,ED3_4,M,Y15-74,PC,FRF1	8.8 	8.4 	12.5 	9.0 	7.7 	6.4 	6.4 	7.2 bd	7.6 d	5.4 d	5.8 d	4.9 d
A,ED3_4,M,Y15-74,PC,FRF2	11.8 	14.7 	10.1 	7.6 	8.4 	7.6 	11.7 	9.7 bd	7.5 d	7.0 d	6.6 du	6.7 d
A,ED3_4,M,Y15-74,PC,FRF3	10.9 	12.8 	13.4 	11.9 	9.4 	7.9 	8.3 	10.2 bd	7.7 d	6.8 d	9.9 d	9.8 d
A,ED3_4,M,Y15-74,PC,FRG0	7.3 	9.1 	7.9 	6.7 	5.9 	6.7 	7.1 	6.1 bd	7.5 d	6.6 d	7.4 d	6.7 d
A,ED3_4,M,Y15-74,PC,FRH0	7.3 	8.6 	8.3 	6.1 	6.7 	7.2 	7.3 	5.1 bd	5.7 d	6.2 d	4.6 d	6.1 d
A,ED3_4,M,Y15-74,PC,FRI1	10.0 	9.2 	9.5 	10.5 	8.7 	8.0 	6.7 	6.8 bd	6.7 d	7.6 d	8.2 d	6.4 d
A,ED3_4,M,Y15-74,PC,FRI2	8.0 u	9.0 u	6.3 u	6.6 u	6.8 u	5.9 u	10.4 u	7.0 bdu	7.6 du	6.7 du	: u	7.1 du
A,ED3_4,M,Y15-74,PC,FRI3	10.0 	10.3 	8.1 	6.7 	7.9 	7.9 	8.0 	8.9 bd	6.8 d	6.9 d	5.5 d	8.4 d
A,ED3_4,M,Y15-74,PC,FRJ1	12.5 	14.7 	12.7 	12.7 	12.3 	11.2 	9.7 	12.2 bd	9.6 d	9.1 d	10.2 d	10.7 d
A,ED3_4,M,Y15-74,PC,FRJ2	8.3 	8.9 	9.0 	7.5 	6.4 	7.3 	6.4 	6.3 bd	7.3 d	5.3 d	6.6 d	6.0 d
A,ED3_4,M,Y15-74,PC,FRK1	7.2 	7.6 	7.1 	7.6 	7.7 	5.7 	5.7 u	6.2 bd	8.4 d	9.3 d	8.9 d	5.9 du
A,ED3_4,M,Y15-74,PC,FRK2	9.2 	8.8 	7.6 	7.1 	8.4 	8.2 	8.8 	8.0 bd	6.9 d	6.8 d	6.9 d	8.0 d
A,ED3_4,M,Y15-74,PC,FRL0	10.4 	10.9 	11.2 	11.1 	9.5 	9.6 	7.8 	8.4 bd	7.1 d	7.2 d	8.0 d	8.0 d
A,ED3_4,M,Y15-74,PC,FRM0	5.1 u	: u	7.3 u	5.7 u	: u	: u	: u	: bu	: u	: u	: u	: u
A,ED3_4,M,Y15-74,PC,FRY1	21.1 	21.9 	23.1 	20.9 	20.2 	21.2 	15.4 u	15.5 bdu	19.2 d	17.8 d	16.8 d	14.3 du
A,ED3_4,M,Y15-74,PC,FRY2	19.3 	21.7 	16.9 	14.5 u	20.7 	17.6 	14.7 u	12.2 bdu	11.8 du	9.6 du	14.6 du	16.2 du
A,ED3_4,M,Y15-74,PC,FRY3	15.9 u	: u	17.5 u	19.6 u	: u	18.2 u	: u	: bu	: u	: u	: u	: u
A,ED3_4,M,Y15-74,PC,FRY4	26.7 	24.1 	21.4 	22.8 	25.0 	20.8 	19.6 	19.2 bd	23.3 d	22.3 d	17.9 d	19.0 d
A,ED3_4,M,Y15-74,PC,FRY5	: u	: u	: u	: u	: u	: u	: u	: 	: 	: 	: 	: 
A,ED3_4,M,Y15-74,PC,HR02	: 	: 	15.2 	12.0 	9.2 	6.5 	10.8 	7.6 b	7.2 	7.7 	6.4 	7.5 
A,ED3_4,M,Y15-74,PC,HR03	17.0 b	18.0 	15.3 	10.4 	9.1 	5.6 	8.1 	10.2 b	6.7 	6.4 	6.3 	6.4 
A,ED3_4,M,Y15-74,PC,HR04	17.5 b	15.9 	: 	: 	: 	: 	: 	: 	: 	: 	: 	: 
A,ED3_4,M,Y15-74,PC,HR05	: 	: 	15.1 	10.9 	5.7 u	7.3 u	6.9 u	8.6 bu	6.6 u	6.9 u	2.9 u	5.0 u
A,ED3_4,M,Y15-74,PC,HR06	: 	: 	8.0 	7.4 	5.6 u	5.9 u	5.3 u	3.4 bu	3.1 u	3.8 u	2.8 u	3.6 u
A,ED3_4,M,Y15-74,PC,HU11	5.6 b	5.0 	5.2 	2.7 	3.9 b	2.5 	4.2 	4.0 b	2.8 	2.8 	4.3 	3.0 
A,ED3_4,M,Y15-74,PC,HU12	7.5 b	6.7 	2.7 	2.3 	1.8 bu	2.1 	2.4 	2.0 bu	2.3 	3.2 	2.9 	2.5 
A,ED3_4,M,Y15-74,PC,HU21	4.5 b	3.6 	2.7 	1.7 u	1.8 bu	1.8 u	2.5 	2.1 bu	1.8 u	2.2 u	2.6 	2.9 
A,ED3_4,M,Y15-74,PC,HU22	3.6 b	2.9 	1.9 u	1.4 u	: bu	1.3 u	1.9 u	1.5 bu	1.9 u	2.2 u	2.6 	2.8 
A,ED3_4,M,Y15-74,PC,HU23	7.3 b	6.4 	4.7 	5.3 	3.7 b	3.6 	4.2 	4.4 b	3.2 u	5.3 	6.2 	5.5 
A,ED3_4,M,Y15-74,PC,HU31	9.5 b	7.8 	4.7 	4.2 	3.8 b	3.6 	5.0 	5.0 b	5.3 	5.0 	4.9 	5.5 
A,ED3_4,M,Y15-74,PC,HU32	9.6 b	9.0 	8.0 	5.1 	5.0 b	5.1 	6.7 	5.4 b	5.1 	5.3 	5.2 	4.5 
A,ED3_4,M,Y15-74,PC,HU33	8.2 b	6.3 	5.0 	3.4 	2.5 b	2.7 	3.3 	3.7 b	3.4 	3.3 	4.6 	4.7 
A,ED3_4,M,Y15-74,PC,IE04	14.0 b	12.1 	10.4 	8.4 b	7.1 	5.4 u	5.4 u	: bu	: u	: u	: u	5.3 u
A,ED3_4,M,Y15-74,PC,IE05	15.0 b	12.9 	9.0 	8.4 b	6.8 	5.9 	7.1 	7.9 b	4.8 	4.8 	4.4 	4.7 
A,ED3_4,M,Y15-74,PC,IE06	15.8 b	13.2 	11.1 	8.5 b	6.6 	6.2 	6.7 	8.1 b	5.2 	5.5 	5.3 	6.4 
A,ED3_4,M,Y15-74,PC,IS00	4.0 b	3.5 	3.0 	2.1 	2.2 	3.1 	4.9 b	4.7 b	3.2 	2.4 	2.5 	: 
A,ED3_4,M,Y15-74,PC,ITC1	10.2 b	9.2 	7.6 	7.4 	6.7 b	5.4 	6.0 	5.7 b	5.3 	4.8 	4.6 	4.7 
A,ED3_4,M,Y15-74,PC,ITC2	: bu	: u	: u	: u	: bu	: u	: u	: bu	: u	: u	: u	: u
A,ED3_4,M,Y15-74,PC,ITC3	9.2 b	8.9 	7.1 	5.5 	6.5 b	6.0 	5.5 	5.6 b	4.2 	4.3 	4.5 	4.5 
A,ED3_4,M,Y15-74,PC,ITC4	7.1 b	7.2 	5.9 	4.9 	5.1 b	4.2 	4.1 	5.1 b	3.7 	3.3 	3.1 	2.3 
A,ED3_4,M,Y15-74,PC,ITF1	11.7 b	11.5 	9.1 	9.2 	7.6 b	10.4 	6.9 	7.5 b	7.0 	6.6 	7.8 	7.0 
A,ED3_4,M,Y15-74,PC,ITF2	15.4 b	12.8 	10.1 	16.1 	11.4 b	11.9 	8.6 	7.9 bu	8.2 u	8.2 u	5.9 u	6.0 u
A,ED3_4,M,Y15-74,PC,ITF3	17.7 b	16.8 	18.3 	16.9 	16.8 b	15.8 	14.8 	15.1 b	12.6 	13.2 	12.0 	10.7 
A,ED3_4,M,Y15-74,PC,ITF4	17.9 b	16.8 	15.5 	15.7 	12.8 b	12.9 	11.1 	11.5 b	9.6 	9.6 	8.9 	10.4 
A,ED3_4,M,Y15-74,PC,ITF5	13.1 b	13.2 	13.0 	11.4 	11.7 b	9.5 	7.6 	7.3 b	6.3 	6.0 	5.1 u	4.1 u
A,ED3_4,M,Y15-74,PC,ITF6	21.2 b	22.8 	21.6 	18.9 	17.9 b	18.7 	16.2 	15.5 b	13.7 	14.0 	12.3 	10.7 
A,ED3_4,M,Y15-74,PC,ITG1	19.4 b	18.2 	17.9 	18.8 	18.5 b	16.6 	15.3 	15.4 b	13.7 	13.1 	10.0 	9.6 
A,ED3_4,M,Y15-74,PC,ITG2	15.1 b	14.3 	17.3 	13.8 	14.4 b	14.8 	13.3 	13.4 b	9.0 	8.4 	8.4 	8.1 
A,ED3_4,M,Y15-74,PC,ITH1	3.4 b	3.3 	2.8 u	: u	2.6 bu	2.1 u	2.7 u	2.6 bu	: u	: u	: u	: u
A,ED3_4,M,Y15-74,PC,ITH2	5.3 b	5.8 	5.6 	5.8 	4.5 b	3.4 u	4.6 	4.2 bu	2.1 u	2.9 u	2.2 u	: u
A,ED3_4,M,Y15-74,PC,ITH3	5.4 b	5.5 	4.9 	3.9 	5.0 b	3.1 	4.0 	4.0 b	2.5 	3.2 	1.8 	2.3 
A,ED3_4,M,Y15-74,PC,ITH4	6.6 b	5.9 	5.0 	5.1 	5.8 b	4.2 	4.2 	4.1 b	3.7 	3.4 	2.8 	3.1 
A,ED3_4,M,Y15-74,PC,ITH5	6.7 b	6.0 	5.2 	4.7 	3.8 b	3.8 	4.8 	4.1 b	4.1 	3.4 	3.2 	3.4 
A,ED3_4,M,Y15-74,PC,ITI1	8.3 b	9.0 	7.4 	7.5 	5.9 b	6.4 	5.7 	5.5 b	4.7 	4.5 	2.9 	3.5 
A,ED3_4,M,Y15-74,PC,ITI2	10.5 b	8.1 	8.0 	8.9 	6.6 b	5.4 	6.0 	6.3 b	5.4 	3.6 	4.5 	3.5 
A,ED3_4,M,Y15-74,PC,ITI3	8.0 b	8.0 	9.5 	8.7 	6.7 b	6.5 	6.0 	6.4 b	5.3 	3.7 	4.4 	4.6 
A,ED3_4,M,Y15-74,PC,ITI4	11.7 b	11.8 	11.0 	10.0 	11.6 b	10.3 	8.2 	10.0 b	6.8 	5.9 	5.4 	5.9 
A,ED3_4,M,Y15-74,PC,LT01	14.9 b	13.1 	8.6 	8.9 	7.0 	7.3 	12.4 	7.4 b	6.5 	7.3 	8.7 	10.2 
A,ED3_4,M,Y15-74,PC,LT02	14.5 b	11.8 	11.5 	10.6 	8.5 	8.9 	11.0 	9.6 b	7.9 	8.9 	9.0 	9.7 
A,ED3_4,M,Y15-74,PC,LU00	6.5 b	5.6 b	5.8 	5.7 	5.4 	6.4 	7.7 	5.2 b	4.0 	4.8 u	7.4 u	: u
A,ED3_4,M,Y15-74,PC,LV00	12.1 b	11.8 	11.5 	10.7 	8.8 	7.4 	8.9 	9.6 b	8.8 	8.9 	8.8 	7.7 
A,ED3_4,M,Y15-74,PC,ME00	18.8 b	19.4 	19.5 	16.5 	16.6 	14.4 	17.8 	: 	: 	: 	: 	: 
A,ED3_4,M,Y15-74,PC,MK00	27.4 b	27.0 	24.2 	22.7 	21.5 	16.3 	16.1 	15.9 b	15.7 	14.3 	14.0 	12.3 
A,ED3_4,M,Y15-74,PC,MT00	4.4 b	4.2 	3.9 	3.6 	3.9 	4.0 	4.8 	4.8 b	3.4 	3.2 u	3.4 	2.6 
A,ED3_4,M,Y15-74,PC,NL11	8.2 b	10.0 	9.3 	6.4 	6.0 	6.1 b	5.5 	3.7 b	3.2 u	4.6 	3.8 	4.2 
A,ED3_4,M,Y15-74,PC,NL12	7.5 b	7.4 	7.2 	4.7 	4.0 	2.2 bu	2.5 u	3.9 b	3.7 	3.2 	3.3 	4.0 
A,ED3_4,M,Y15-74,PC,NL13	5.6 b	6.1 	3.4 u	3.8 u	2.4 u	: bu	3.5 u	4.6 b	: u	3.1 u	2.7 u	: u
A,ED3_4,M,Y15-74,PC,NL21	6.8 b	6.4 	5.2 	4.8 	3.2 	2.5 b	3.4 	3.1 b	3.7 	2.7 	2.8 	3.8 
A,ED3_4,M,Y15-74,PC,NL22	6.6 b	5.6 	5.1 	4.4 	2.7 	2.6 b	3.4 	3.5 b	3.4 	3.5 	3.2 	2.9 
A,ED3_4,M,Y15-74,PC,NL23	9.0 b	6.0 	6.3 	3.7 u	3.8 u	2.6 bu	3.6 u	3.4 bu	: u	3.7 u	2.8 u	3.2 u
A,ED3_4,M,Y15-74,PC,NL31	7.5 b	6.3 	5.6 	3.9 	3.5 	: 	: 	: 	: 	: 	: 	: 
A,ED3_4,M,Y15-74,PC,NL32	6.9 b	6.5 	5.3 	4.5 	4.1 	3.6 b	4.5 	3.6 b	3.1 	3.2 	3.7 	3.5 
A,ED3_4,M,Y15-74,PC,NL33	7.8 b	7.0 	6.0 	4.4 	4.3 	: 	: 	: 	: 	: 	: 	: 
A,ED3_4,M,Y15-74,PC,NL34	6.1 b	5.0 u	: u	: u	: u	: bu	: u	: bu	: u	: u	: u	: u
A,ED3_4,M,Y15-74,PC,NL35	: 	: 	: 	: 	: 	3.9 b	3.6 	3.2 b	2.8 	3.1 	3.3 	3.0 
A,ED3_4,M,Y15-74,PC,NL36	: 	: 	: 	: 	: 	3.7 b	3.9 	5.2 b	3.4 	3.5 	3.6 	4.4 
A,ED3_4,M,Y15-74,PC,NL41	6.2 b	5.9 	4.7 	3.5 	3.2 	2.9 b	2.9 	3.0 b	3.0 	2.5 	2.4 	3.4 
A,ED3_4,M,Y15-74,PC,NL42	7.0 b	6.3 	5.1 	3.2 	2.6 	3.2 b	3.2 	3.4 b	3.2 	3.5 	3.3 	2.3 
A,ED3_4,M,Y15-74,PC,NO01	5.1 b	5.0 	: 	: 	: 	: 	: 	: 	: 	: 	: 	: 
A,ED3_4,M,Y15-74,PC,NO02	2.0 bu	3.8 	4.3 	: u	: u	: u	: u	: bu	: u	: u	: u	: u
A,ED3_4,M,Y15-74,PC,NO03	4.3 b	3.6 	: 	: 	: 	: 	: 	: 	: 	: 	: 	: 
A,ED3_4,M,Y15-74,PC,NO04	2.5 b	4.1 	: 	: 	: 	: 	: 	: 	: 	: 	: 	: 
A,ED3_4,M,Y15-74,PC,NO05	2.3 b	3.4 	: 	: 	: 	: 	: 	: 	: 	: 	: 	: 
A,ED3_4,M,Y15-74,PC,NO06	3.0 b	4.3 	3.1 	: u	: u	: u	: u	: bu	: u	: u	: u	: u
A,ED3_4,M,Y15-74,PC,NO07	1.8 bu	2.8 	2.6 	: u	: u	: u	: u	: bu	: u	: u	: u	: u
A,ED3_4,M,Y15-74,PC,NO08	: 	: 	5.3 	5.1 	3.9 u	3.6 u	5.2 	5.2 b	3.4 u	3.2 u	3.7 u	4.9 
A,ED3_4,M,Y15-74,PC,NO09	: 	: 	5.2 	: u	: u	: u	: u	: bu	: u	: u	: u	: u
A,ED3_4,M,Y15-74,PC,NO0A	: 	: 	4.8 	4.4 u	4.0 u	3.8 u	3.5 u	3.4 bu	: u	: u	2.8 u	3.3 u
A,ED3_4,M,Y15-74,PC,PL21	9.3 b	8.0 	5.4 b	5.6 	3.3 	2.5 bu	2.1 u	3.8 b	3.1 u	2.9 u	3.0 u	2.9 u
A,ED3_4,M,Y15-74,PC,PL22	8.8 b	7.3 	5.6 b	3.9 	3.3 	2.1 b	2.5 u	3.9 b	2.1 u	2.9 	2.4 u	3.1 
A,ED3_4,M,Y15-74,PC,PL41	6.4 b	4.8 	4.4 b	3.3 	1.9 u	2.3 b	1.9 u	2.4 bu	2.6 u	3.4 	2.0 u	2.3 u
A,ED3_4,M,Y15-74,PC,PL42	9.0 b	7.0 	6.6 b	5.0 u	3.7 u	2.8 bu	: u	4.1 bu	: u	: u	: u	: u
A,ED3_4,M,Y15-74,PC,PL43	7.6 bu	5.6 u	3.9 bu	3.7 u	3.1 u	: bu	: u	: bu	: u	: u	: u	: u
A,ED3_4,M,Y15-74,PC,PL51	9.9 b	6.6 	5.1 b	4.4 	3.3 	3.7 b	3.7 u	5.2 b	2.6 u	3.8 u	3.7 u	4.2 u
A,ED3_4,M,Y15-74,PC,PL52	6.9 bu	5.9 u	4.3 bu	3.5 u	: u	3.3 bu	: u	: bu	: u	: u	: u	: u
A,ED3_4,M,Y15-74,PC,PL61	9.7 b	7.7 	7.0 b	5.6 	3.6 u	2.6 bu	: u	4.1 bu	4.2 u	3.6 u	3.0 u	3.9 u
A,ED3_4,M,Y15-74,PC,PL62	9.2 b	8.7 	8.5 b	6.1 u	5.8 u	2.4 bu	: u	: bu	: u	: u	: u	: u
A,ED3_4,M,Y15-74,PC,PL63	9.4 b	7.0 	6.3 b	4.7 	2.6 u	1.7 bu	2.9 u	: bu	: u	: u	3.1 u	3.5 u
A,ED3_4,M,Y15-74,PC,PL71	8.8 b	7.9 	6.1 b	5.0 	4.6 	3.5 bu	3.2 u	3.1 bu	3.3 u	3.3 u	3.6 u	3.0 u
A,ED3_4,M,Y15-74,PC,PL72	11.7 b	10.3 	10.0 b	7.3 	6.6 u	4.3 bu	: u	4.7 bu	4.9 u	: u	: u	: u
A,ED3_4,M,Y15-74,PC,PL81	9.4 b	9.7 	8.6 b	7.7 	6.1 	6.0 b	5.9 u	5.1 bu	4.9 u	4.1 u	3.9 u	5.9 u
A,ED3_4,M,Y15-74,PC,PL82	14.4 b	12.1 	10.2 b	8.5 	6.8 	4.4 b	3.6 u	4.5 bu	4.6 u	5.3 u	4.6 u	4.3 u
A,ED3_4,M,Y15-74,PC,PL84	8.8 b	7.7 u	6.7 bu	4.0 u	3.1 u	3.1 bu	: u	: bu	: u	: u	: u	: u
A,ED3_4,M,Y15-74,PC,PL91	7.3 b	6.3 	4.4 bu	5.4 	3.7 u	3.1 bu	3.7 u	3.6 bu	2.8 u	2.8 u	3.5 u	: u
A,ED3_4,M,Y15-74,PC,PL92	7.5 b	8.8 	8.8 b	6.3 	5.9 	4.2 b	4.4 u	4.1 bu	3.8 u	3.7 u	3.7 u	4.1 u
A,ED3_4,M,Y15-74,PC,PT11	16.0 b	14.8 	12.2 	10.0 	8.8 	6.9 	6.7 	6.3 b	7.1 	7.9 	7.2 	6.3 
A,ED3_4,M,Y15-74,PC,PT15	: bu	: u	: u	: u	: u	: u	: u	9.5 bu	: u	: u	: u	: u
A,ED3_4,M,Y15-74,PC,PT16	12.3 b	9.7 	9.4 	9.2 	6.4 	: 	: 	: 	: 	: 	: 	: 
A,ED3_4,M,Y15-74,PC,PT17	12.4 b	12.0 	11.1 	9.0 	7.8 	: 	: 	: 	: 	: 	: 	: 
A,ED3_4,M,Y15-74,PC,PT18	11.4 b	9.9 	10.5 	: u	: u	: 	: 	: 	: 	: 	: 	: 
A,ED3_4,M,Y15-74,PC,PT19	: 	: 	: 	: 	: 	4.7 	6.8 	6.5 bu	4.9 u	6.3 u	6.3 	4.5 u
A,ED3_4,M,Y15-74,PC,PT1A	: 	: 	: 	: 	: 	7.0 	9.9 	7.4 b	7.1 	7.2 	7.4 	6.8 
A,ED3_4,M,Y15-74,PC,PT1B	: 	: 	: 	: 	: 	6.2 	: u	11.0 bu	8.2 u	8.6 u	6.6 u	10.1 
A,ED3_4,M,Y15-74,PC,PT1C	: 	: 	: 	: 	: 	: u	: u	: bu	: u	: u	: u	: u
A,ED3_4,M,Y15-74,PC,PT1D	: 	: 	: 	: 	: 	: u	9.3 	7.4 bu	5.9 u	5.5 u	7.2 u	5.4 u
A,ED3_4,M,Y15-74,PC,PT20	: bu	: u	: u	: u	: u	: u	: u	: bu	: u	: u	: u	: u
A,ED3_4,M,Y15-74,PC,PT30	: bu	: u	: u	: u	: u	: u	: u	: bu	: u	: u	: u	: u
A,ED3_4,M,Y15-74,PC,RO11	2.9 b	4.4 	4.2 	3.0 	2.2 u	3.0 	3.3 	2.1 bu	2.2 u	1.9 u	2.6 u	3.1 
A,ED3_4,M,Y15-74,PC,RO12	9.2 b	7.1 	5.2 	3.9 	3.6 	4.5 	5.2 	3.9 b	4.3 	3.4 	2.8 u	3.2 u
A,ED3_4,M,Y15-74,PC,RO21	5.4 b	4.8 	3.6 	4.0 	2.7 	2.2 	3.0 	4.9 b	5.6 	4.6 	3.5 	3.5 
A,ED3_4,M,Y15-74,PC,RO22	10.1 b	9.1 	8.2 	6.5 	6.1 	5.9 	7.0 	5.3 b	6.4 	7.2 	7.1 	7.7 
A,ED3_4,M,Y15-74,PC,RO31	9.4 b	10.6 	8.8 	6.7 	5.2 	4.3 	5.3 	6.5 b	6.4 	5.4 	5.2 	5.8 
A,ED3_4,M,Y15-74,PC,RO32	7.3 b	7.0 	6.3 	5.7 	4.3 	3.3 u	7.7 	5.5 b	3.3 u	3.3 u	: u	: u
A,ED3_4,M,Y15-74,PC,RO41	9.1 b	14.7 	13.8 	9.6 	8.7 	7.1 	6.7 	9.7 b	10.0 	9.2 	7.4 	7.1 
A,ED3_4,M,Y15-74,PC,RO42	4.5 b	5.2 	5.0 	5.2 	4.4 	3.5 u	4.6 	3.5 bu	3.0 u	3.2 u	3.1 u	5.9 
A,ED3_4,M,Y15-74,PC,RS11	19.8 b	20.1 	16.3 	14.0 	11.0 	8.0 	7.6 	8.5 b	8.8 	8.0 	6.7 	7.1 
A,ED3_4,M,Y15-74,PC,RS12	20.7 b	16.7 	14.7 	11.8 	9.6 	8.5 	8.2 	8.9 b	8.0 	9.0 	8.1 	8.2 
A,ED3_4,M,Y15-74,PC,RS21	18.3 b	17.3 	15.4 	14.5 	14.3 	12.0 	9.4 	12.8 b	11.1 	9.6 	8.7 	8.9 
A,ED3_4,M,Y15-74,PC,RS22	21.8 b	18.3 	15.8 	16.1 	16.8 	12.5 	11.2 	12.7 b	11.4 	11.2 	10.8 	11.0 
A,ED3_4,M,Y15-74,PC,SE11	6.6 b	6.3 	5.4 	5.2 	5.1 b	5.2 	6.2 	8.1 b	6.3 	5.2 	7.0 	7.7 
A,ED3_4,M,Y15-74,PC,SE12	7.1 b	6.5 	5.7 	5.1 	4.1 b	4.6 	6.9 	7.3 b	6.3 	6.2 	8.0 	7.4 
A,ED3_4,M,Y15-74,PC,SE21	6.0 b	4.3 	4.7 	3.1 	2.7 b	3.3 u	5.1 	3.7 bu	2.8 u	3.7 u	4.9 u	3.9 u
A,ED3_4,M,Y15-74,PC,SE22	9.4 b	8.2 	8.1 	7.5 	5.6 b	7.6 	6.2 	7.3 b	6.5 	8.1 	7.0 	7.1 
A,ED3_4,M,Y15-74,PC,SE23	6.4 b	5.3 	5.1 	4.7 	4.0 b	4.0 	5.4 	5.9 b	4.1 	5.7 	5.7 	6.4 
A,ED3_4,M,Y15-74,PC,SE31	7.2 b	6.5 	5.4 	4.2 	3.8 b	4.4 u	6.0 	7.1 b	5.0 	5.6 	5.1 	5.1 
A,ED3_4,M,Y15-74,PC,SE32	6.4 b	5.5 	5.6 	5.2 	4.4 bu	: u	: u	: bu	: u	: u	6.4 u	5.6 u
A,ED3_4,M,Y15-74,PC,SE33	6.7 b	6.3 	5.0 	6.0 	4.6 b	4.5 u	5.7 u	4.0 bu	: u	5.2 u	: u	4.8 u
A,ED3_4,M,Y15-74,PC,SI03	10.1 b	9.6 	7.0 	5.2 	5.2 	4.1 	4.2 	4.3 b	3.5 	3.5 b	4.1 	3.6 
A,ED3_4,M,Y15-74,PC,SI04	8.6 b	7.0 	7.7 	6.1 	4.6 	3.7 	4.5 	4.8 b	4.0 	3.5 b	3.5 	3.6 
A,ED3_4,M,Y15-74,PC,SK01	6.5 b	6.0 	3.7 	6.5 	5.1 	: u	3.0 u	: bu	: u	: u	: u	: u
A,ED3_4,M,Y15-74,PC,SK02	9.5 b	7.3 	6.9 	4.8 	3.4 	3.8 	4.5 	3.9 b	3.5 	3.9 	3.3 	3.0 
A,ED3_4,M,Y15-74,PC,SK03	14.6 b	11.9 	9.7 	8.4 	6.2 	4.6 	6.2 	6.9 b	6.4 	5.2 	3.5 u	4.2 
A,ED3_4,M,Y15-74,PC,SK04	14.7 b	11.0 	9.9 	9.4 	6.4 	5.4 	8.2 	9.1 b	7.6 	7.7 	5.1 	5.8 
A,ED3_4,M,Y15-74,PC,TR10	9.5 b	10.2 	11.1 	11.7 	9.5 	13.5 	15.4 	11.2 b	8.6 	8.4 	7.9 	7.2 
A,ED3_4,M,Y15-74,PC,TR21	5.3 b	5.2 	5.1 	6.5 	4.4 	9.0 	7.4 	7.3 b	5.3 	6.2 	4.8 	6.0 
A,ED3_4,M,Y15-74,PC,TR22	6.5 b	4.3 	5.2 	4.1 	4.9 	6.9 	7.5 	7.3 b	6.7 	5.7 	6.9 	4.5 
A,ED3_4,M,Y15-74,PC,TR31	10.3 b	11.4 	12.1 	13.1 	11.7 	13.7 	14.4 	11.2 b	10.9 	9.5 	9.4 	8.0 
A,ED3_4,M,Y15-74,PC,TR32	7.0 b	6.7 	7.8 	5.9 	7.0 	7.8 	9.1 	9.3 b	7.0 	6.8 	8.2 	7.4 
A,ED3_4,M,Y15-74,PC,TR33	3.9 b	5.2 	4.0 	5.3 	6.1 	8.4 	7.6 	6.9 b	8.9 	7.9 	6.6 	6.8 
A,ED3_4,M,Y15-74,PC,TR41	4.6 b	6.8 	8.6 	6.9 	6.5 	9.7 	9.3 	8.0 b	7.0 	6.7 	7.2 	7.6 
A,ED3_4,M,Y15-74,PC,TR42	8.0 b	7.3 	6.7 	8.8 	8.0 	11.7 	9.4 	7.9 b	7.6 	7.2 	7.8 	6.8 
A,ED3_4,M,Y15-74,PC,TR51	9.7 b	7.7 	8.8 	8.9 	7.4 	12.2 	12.5 	10.7 b	10.3 	8.8 	7.4 	7.7 
A,ED3_4,M,Y15-74,PC,TR52	5.0 b	6.6 	5.3 	6.4 	6.6 	8.1 	6.5 	7.9 b	6.7 	6.4 	6.7 	6.4 
A,ED3_4,M,Y15-74,PC,TR61	7.4 b	8.4 	10.3 	10.9 	10.1 	12.6 	12.4 	12.1 b	9.3 	5.6 	5.7 	6.8 
A,ED3_4,M,Y15-74,PC,TR62	10.4 b	9.2 	10.8 	9.4 	11.5 	11.9 	13.7 	11.4 b	10.4 	10.0 	7.3 	10.2 
A,ED3_4,M,Y15-74,PC,TR63	12.0 b	11.5 	12.9 	10.3 	10.3 	15.1 	14.7 	14.9 b	13.0 	14.1 	9.6 	7.7 
A,ED3_4,M,Y15-74,PC,TR71	7.3 b	7.7 	12.8 	9.0 	9.2 	13.9 	13.6 	13.4 b	8.2 	7.9 	7.4 	6.8 
A,ED3_4,M,Y15-74,PC,TR72	8.5 b	8.8 	8.3 	11.3 	10.4 	11.8 	11.7 	8.8 b	9.1 	7.5 	7.4 	5.3 
A,ED3_4,M,Y15-74,PC,TR81	8.9 b	5.8 	6.5 	8.5 	6.6 	10.3 	9.1 	9.5 b	9.1 	10.0 	8.0 	9.7 
A,ED3_4,M,Y15-74,PC,TR82	4.8 bu	6.8 	6.7 	4.3 u	5.1 u	6.5 	6.7 	6.3 b	4.9 	3.6 u	3.9 u	4.8 u
A,ED3_4,M,Y15-74,PC,TR83	6.9 b	6.0 	6.7 	6.5 	8.6 	9.4 	9.4 	8.3 b	8.2 	8.9 	6.5 	5.9 
A,ED3_4,M,Y15-74,PC,TR90	7.0 b	4.7 	5.4 	3.5 	5.7 	10.0 	9.2 	12.0 b	11.0 	8.4 	6.7 	6.3 
A,ED3_4,M,Y15-74,PC,TRA1	7.9 b	6.2 	5.0 	5.9 	8.7 	14.1 	11.9 	11.6 b	9.9 	9.2 	7.7 	8.0 
A,ED3_4,M,Y15-74,PC,TRA2	5.2 bu	4.3 u	4.1 u	6.2 	6.0 u	8.0 	12.5 	16.0 b	13.8 	12.3 	11.2 	9.3 
A,ED3_4,M,Y15-74,PC,TRB1	7.6 b	7.4 	8.9 	5.3 	8.7 	8.1 	11.5 	10.7 b	7.3 	6.1 	5.6 	7.5 
A,ED3_4,M,Y15-74,PC,TRB2	17.5 b	12.0 	11.8 	15.1 	19.8 	25.0 	26.0 	21.8 b	21.3 	18.0 	13.0 	10.9 
A,ED3_4,M,Y15-74,PC,TRC1	8.7 b	8.1 	11.7 	11.6 	9.8 	13.1 	12.1 	10.0 b	10.6 	8.8 	10.6 	7.7 
A,ED3_4,M,Y15-74,PC,TRC2	15.8 b	16.6 	17.4 	16.5 	18.4 	22.3 	21.0 	17.8 b	13.5 	10.7 	10.8 	10.6 
A,ED3_4,M,Y15-74,PC,TRC3	17.7 b	21.2 	26.9 	22.8 	21.7 	24.9 	32.8 	29.7 b	20.7 	12.0 	12.0 	9.7 
A,ED3_4,M,Y15-74,PC,UKC1	9.2 b	9.4 	6.3 u	4.9 u	3.9 u	5.2 u	: 	: 	: 	: 	: 	: 
A,ED3_4,M,Y15-74,PC,UKC2	8.7 b	8.9 	8.1 	5.4 u	6.7 	6.0 	: 	: 	: 	: 	: 	: 
A,ED3_4,M,Y15-74,PC,UKD1	7.4 bu	: u	: u	5.9 u	: u	: u	: 	: 	: 	: 	: 	: 
A,ED3_4,M,Y15-74,PC,UKD3	7.7 b	6.3 	7.3 	4.4 	5.0 	5.5 	: 	: 	: 	: 	: 	: 
A,ED3_4,M,Y15-74,PC,UKD4	7.7 b	3.9 u	6.1 	4.4 u	5.7 	3.2 u	: 	: 	: 	: 	: 	: 
A,ED3_4,M,Y15-74,PC,UKD6	4.2 bu	: u	: u	: u	: u	: u	: 	: 	: 	: 	: 	: 
A,ED3_4,M,Y15-74,PC,UKD7	8.0 b	7.3 	5.0 u	7.2 	3.5 u	4.6 u	: 	: 	: 	: 	: 	: 
A,ED3_4,M,Y15-74,PC,UKE1	7.8 bu	6.2 u	3.6 u	6.1 u	3.7 u	6.7 u	: 	: 	: 	: 	: 	: 
A,ED3_4,M,Y15-74,PC,UKE2	4.4 bu	: u	: u	6.0 u	: u	: u	: 	: 	: 	: 	: 	: 
A,ED3_4,M,Y15-74,PC,UKE3	7.5 b	8.6 	10.0 	5.4 u	5.9 u	5.0 u	: 	: 	: 	: 	: 	: 
A,ED3_4,M,Y15-74,PC,UKE4	6.8 b	6.3 	5.9 	5.1 	4.7 	3.8 	: 	: 	: 	: 	: 	: 
A,ED3_4,M,Y15-74,PC,UKF1	7.9 b	5.2 	6.0 	3.8 	5.2 	4.5 	: 	: 	: 	: 	: 	: 
A,ED3_4,M,Y15-74,PC,UKF2	4.1 bu	5.2 	3.6 u	4.2 u	3.8 u	5.3 	: 	: 	: 	: 	: 	: 
A,ED3_4,M,Y15-74,PC,UKF3	5.5 bu	: u	: u	4.9 u	: u	: u	: 	: 	: 	: 	: 	: 
A,ED3_4,M,Y15-74,PC,UKG1	3.7 bu	: u	4.6 u	3.1 u	3.4 u	: u	: 	: 	: 	: 	: 	: 
A,ED3_4,M,Y15-74,PC,UKG2	5.8 b	5.0 u	4.8 	5.1 	3.4 u	2.8 u	: 	: 	: 	: 	: 	: 
A,ED3_4,M,Y15-74,PC,UKG3	10.1 b	7.5 	6.7 	6.9 	6.3 	5.7 	: 	: 	: 	: 	: 	: 
A,ED3_4,M,Y15-74,PC,UKH1	4.8 b	4.3 	3.4 	4.4 	3.3 u	3.5 	: 	: 	: 	: 	: 	: 
A,ED3_4,M,Y15-74,PC,UKH2	5.2 b	4.7 	4.2 u	3.6 u	2.8 u	2.6 u	: 	: 	: 	: 	: 	: 
A,ED3_4,M,Y15-74,PC,UKH3	5.6 b	3.9 u	3.1 u	3.7 u	3.6 u	2.2 u	: 	: 	: 	: 	: 	: 
A,ED3_4,M,Y15-74,PC,UKI3	8.4 bu	7.3 u	9.2 u	10.5 u	8.6 u	6.3 u	: 	: 	: 	: 	: 	: 
A,ED3_4,M,Y15-74,PC,UKI4	14.8 b	11.9 	10.2 	8.3 	6.1 	8.1 	: 	: 	: 	: 	: 	: 
A,ED3_4,M,Y15-74,PC,UKI5	7.1 b	6.4 	7.3 	7.5 	4.3 u	4.0 u	: 	: 	: 	: 	: 	: 
A,ED3_4,M,Y15-74,PC,UKI6	7.2 b	6.1 u	6.2 u	7.5 	7.4 u	6.7 u	: 	: 	: 	: 	: 	: 
A,ED3_4,M,Y15-74,PC,UKI7	7.9 b	7.8 	5.4 	5.0 	8.1 	7.3 	: 	: 	: 	: 	: 	: 
A,ED3_4,M,Y15-74,PC,UKJ1	4.9 b	3.9 u	2.8 u	3.0 u	2.7 u	3.0 u	: 	: 	: 	: 	: 	: 
A,ED3_4,M,Y15-74,PC,UKJ2	6.1 b	5.3 	3.6 	4.6 	4.7 	3.7 	: 	: 	: 	: 	: 	: 
A,ED3_4,M,Y15-74,PC,UKJ3	5.1 b	4.9 	3.1 u	3.3 u	3.0 u	3.0 u	: 	: 	: 	: 	: 	: 
A,ED3_4,M,Y15-74,PC,UKJ4	5.7 b	5.6 	4.7 u	2.8 u	4.2 u	4.4 u	: 	: 	: 	: 	: 	: 
A,ED3_4,M,Y15-74,PC,UKK1	6.5 b	4.7 	4.4 	4.6 	3.2 u	2.1 u	: 	: 	: 	: 	: 	: 
A,ED3_4,M,Y15-74,PC,UKK2	7.3 b	4.2 u	5.8 u	3.3 u	: u	: u	: 	: 	: 	: 	: 	: 
A,ED3_4,M,Y15-74,PC,UKK3	: bu	5.2 u	: u	: u	: u	: u	: 	: 	: 	: 	: 	: 
A,ED3_4,M,Y15-74,PC,UKK4	5.7 bu	: u	3.5 u	4.3 u	3.5 u	4.2 u	: 	: 	: 	: 	: 	: 
A,ED3_4,M,Y15-74,PC,UKL1	6.2 b	7.2 	5.0 	5.2 	5.5 	4.3 	: 	: 	: 	: 	: 	: 
A,ED3_4,M,Y15-74,PC,UKL2	7.2 bu	7.9 	5.4 u	5.7 u	3.9 u	4.9 u	: 	: 	: 	: 	: 	: 
A,ED3_4,M,Y15-74,PC,UKM5	: bu	: u	: u	: u	: u	: u	: 	: 	: 	: 	: 	: 
A,ED3_4,M,Y15-74,PC,UKM6	9.0 bu	: u	: u	: u	: u	: u	: 	: 	: 	: 	: 	: 
A,ED3_4,M,Y15-74,PC,UKM7	6.0 b	7.1 	5.8 	5.5 	4.5 u	2.6 u	: 	: 	: 	: 	: 	: 
A,ED3_4,M,Y15-74,PC,UKM8	12.4 b	8.7 	7.1 	5.0 u	5.4 u	4.4 u	: 	: 	: 	: 	: 	: 
A,ED3_4,M,Y15-74,PC,UKM9	4.9 bu	8.7 u	7.4 u	5.0 u	4.8 u	: u	: 	: 	: 	: 	: 	: 
A,ED3_4,M,Y15-74,PC,UKN0	9.0 b	7.3 	8.0 	6.6 	5.1 u	3.2 u	: 	: 	: 	: 	: 	: 
A,ED3_4,T,Y15-74,PC,AT11	4.9 bu	5.0 u	5.3 u	5.0 u	: u	: u	4.5 u	5.1 bu	3.9 u	4.9 u	5.0 u	5.3 u
A,ED3_4,T,Y15-74,PC,AT12	4.6 b	5.0 	5.4 	4.3 	3.5 	3.8 	3.8 	4.4 b	3.3 	3.5 	3.7 	4.2 
A,ED3_4,T,Y15-74,PC,AT13	10.3 b	11.1 	12.9 	11.6 	9.8 	9.1 	12.1 	14.1 b	9.7 	10.8 	9.8 	10.2 
A,ED3_4,T,Y15-74,PC,AT21	5.8 b	6.2 	5.4 	4.5 	3.8 u	3.6 u	4.4 	5.8 b	3.9 u	3.8 u	4.5 	5.3 
A,ED3_4,T,Y15-74,PC,AT22	4.5 b	4.6 	4.6 	4.2 	3.7 	2.8 	3.8 	3.4 b	3.1 	4.1 	3.9 	4.1 
A,ED3_4,T,Y15-74,PC,AT31	3.2 b	4.1 	4.1 	3.3 	2.9 	2.4 	3.3 	3.1 b	2.5 	3.1 	3.5 	4.3 
A,ED3_4,T,Y15-74,PC,AT32	3.2 bu	3.2 u	2.9 u	2.7 u	2.4 u	2.2 u	2.9 u	4.6 b	2.8 u	2.8 u	3.1 u	2.8 u
A,ED3_4,T,Y15-74,PC,AT33	2.9 b	2.5 u	2.5 u	2.6 u	1.9 u	1.9 u	2.8 u	4.5 b	2.8 	2.9 	3.0 	3.4 
A,ED3_4,T,Y15-74,PC,AT34	2.8 bu	3.2 u	2.9 u	3.2 u	: u	: u	3.3 u	4.0 bu	3.0 u	3.4 u	3.7 u	4.0 u
A,ED3_4,T,Y15-74,PC,BE10	22.0 b	21.5 	20.0 	18.0 b	16.5 	13.5 	14.2 	15.6 b	15.8 	13.3 	15.9 	18.0 
A,ED3_4,T,Y15-74,PC,BE21	6.9 b	6.5 	5.9 	5.3 b	4.5 	3.8 	3.8 	6.4 b	4.7 	4.7 	5.5 	5.4 
A,ED3_4,T,Y15-74,PC,BE22	6.3 b	6.4 	5.1 	4.4 b	4.1 	4.0 	4.2 	3.8 b	3.4 	3.5 	4.5 	4.4 
A,ED3_4,T,Y15-74,PC,BE23	4.7 b	4.1 	4.6 	3.3 b	2.2 	2.9 	2.6 	3.2 b	2.8 	3.2 	4.1 	4.3 
A,ED3_4,T,Y15-74,PC,BE24	5.4 b	5.4 	5.2 	3.6 b	3.7 	3.6 	4.4 	5.0 bu	4.2 u	4.7 u	5.0 u	5.0 
A,ED3_4,T,Y15-74,PC,BE25	3.7 b	3.9 	3.8 	3.0 b	2.1 	2.6 	3.5 	3.5 b	2.7 	3.0 	2.7 	2.9 
A,ED3_4,T,Y15-74,PC,BE31	10.2 b	9.8 	8.2 u	7.9 bu	6.9 u	5.5 u	6.8 u	9.1 b	8.2 u	7.5 u	8.2 u	9.1 u
A,ED3_4,T,Y15-74,PC,BE32	14.2 b	13.7 	12.2 	13.0 b	10.5 	9.4 	9.5 	11.3 b	11.6 	9.9 	10.1 	9.6 
A,ED3_4,T,Y15-74,PC,BE33	12.2 b	13.6 	11.6 	10.2 b	8.2 	6.6 	8.5 	11.2 b	10.5 	11.9 	8.8 	7.8 
A,ED3_4,T,Y15-74,PC,BE34	10.8 b	9.8 u	7.8 u	7.9 bu	6.6 u	6.1 u	5.2 u	4.9 bu	4.7 u	5.8 u	5.3 u	6.5 u
A,ED3_4,T,Y15-74,PC,BE35	11.2 b	12.4 	12.1 	9.8 b	9.7 	7.2 	7.1 	8.8 b	7.9 	7.1 	8.2 	8.9 
A,ED3_4,T,Y15-74,PC,BG31	13.2 b	11.6 	9.7 	10.3 	9.7 	7.6 b	9.8 	8.8 b	5.8 	7.1 	9.8 b	8.0 
A,ED3_4,T,Y15-74,PC,BG32	11.4 b	8.6 	7.6 	5.6 	5.6 	3.8 b	4.9 	5.5 b	5.6 	5.7 	5.4 b	4.1 
A,ED3_4,T,Y15-74,PC,BG33	11.1 b	8.0 	7.0 	6.7 	5.3 	3.7 b	4.2 	5.1 b	4.5 	3.6 	3.7 b	3.3 
A,ED3_4,T,Y15-74,PC,BG34	10.5 b	8.6 	6.2 	5.3 	4.3 	2.9 b	4.1 	4.1 b	3.0 	3.5 	4.1 b	4.3 
A,ED3_4,T,Y15-74,PC,BG41	9.9 b	7.6 	6.3 	3.5 	2.6 	2.1 b	4.1 	4.5 b	3.7 	4.0 	2.9 b	1.9 
A,ED3_4,T,Y15-74,PC,BG42	9.9 b	7.6 	5.5 	4.3 	3.8 	2.8 b	3.2 	3.3 b	2.7 	2.8 	2.7 b	3.4 
A,ED3_4,T,Y15-74,PC,CH01	7.2 b	6.4 	7.1 	8.0 	7.0 	7.4 	7.9 	8.0 b	5.8 	6.7 	6.6 	7.9 
A,ED3_4,T,Y15-74,PC,CH02	4.2 b	4.1 	4.5 	3.8 	4.5 	4.0 	4.6 	4.5 b	3.2 	3.0 	3.4 	4.4 
A,ED3_4,T,Y15-74,PC,CH03	3.9 b	4.1 	5.0 	3.9 	4.5 	4.0 	4.8 	5.5 b	4.3 	3.2 	3.7 	4.4 
A,ED3_4,T,Y15-74,PC,CH04	4.5 b	4.3 	4.4 	4.5 	4.8 	4.1 	5.1 	5.2 b	4.0 	3.6 	3.7 	4.7 
A,ED3_4,T,Y15-74,PC,CH05	3.7 b	4.0 	3.6 	3.9 	3.9 	3.0 	3.8 	3.6 b	3.0 	2.5 	2.4 	3.3 
A,ED3_4,T,Y15-74,PC,CH06	3.7 b	3.0 	3.8 	3.2 	2.6 	2.7 	3.2 	2.9 b	1.8 u	2.0 u	2.1 u	2.9 
A,ED3_4,T,Y15-74,PC,CH07	7.4 b	7.8 	6.8 	6.1 	6.4 	7.0 	6.8 	8.4 b	5.6 u	6.9 	7.0 	7.3 
A,ED3_4,T,Y15-74,PC,CY00	18.2 b	16.6 	14.3 	11.4 	8.8 	8.4 	8.7 	8.3 b	7.0 	6.4 	5.8 	4.9 
A,ED3_4,T,Y15-74,PC,CZ01	2.8 b	3.1 	2.3 	1.7 	1.4 	1.4 	2.8 	3.1 b	2.1 	2.4 	2.1 	2.6 
A,ED3_4,T,Y15-74,PC,CZ02	5.2 b	3.6 	3.1 	2.1 	1.9 	1.2 	2.1 	2.5 b	1.3 	1.6 	0.9 	1.3 
A,ED3_4,T,Y15-74,PC,CZ03	4.9 b	3.5 	2.6 	2.0 	1.4 	1.2 	1.6 	2.0 b	1.5 	1.7 	2.0 	2.0 
A,ED3_4,T,Y15-74,PC,CZ04	7.5 b	5.6 	3.5 	2.4 	2.4 	2.3 	3.4 	3.4 b	2.3 	2.7 	2.8 	3.3 
A,ED3_4,T,Y15-74,PC,CZ05	6.3 b	4.7 	3.5 	2.6 	1.7 	1.4 	2.0 	2.0 b	2.1 	2.6 	2.6 	2.9 
A,ED3_4,T,Y15-74,PC,CZ06	6.1 b	4.8 	3.6 	3.2 	2.1 	1.7 	2.3 	2.4 b	1.6 	2.1 	2.5 	2.6 
A,ED3_4,T,Y15-74,PC,CZ07	6.8 b	5.1 	3.8 	3.2 	2.2 	2.0 	2.2 	2.1 b	2.5 	2.2 	2.4 	2.4 
A,ED3_4,T,Y15-74,PC,CZ08	8.2 b	7.2 	5.5 	4.3 	3.3 	3.2 	3.1 	4.4 b	3.3 	3.4 	4.0 	3.9 
A,ED3_4,T,Y15-74,PC,DE11	2.9 b	3.1 	2.9 	2.5 	2.0 	2.1 	3.1 bu	2.6 b	2.7 	2.5 	2.7 	3.3 
A,ED3_4,T,Y15-74,PC,DE12	3.3 b	3.1 	2.5 	2.8 	2.5 	2.8 	: bu	3.2 bu	3.1 u	2.6 u	2.7 u	2.6 u
A,ED3_4,T,Y15-74,PC,DE13	2.6 b	2.0 	2.6 	2.3 	1.9 	1.7 	: bu	2.9 bu	: u	: u	2.0 u	2.6 u
A,ED3_4,T,Y15-74,PC,DE14	2.4 b	2.5 	2.3 	1.9 	1.7 	1.7 	: bu	2.5 bu	: u	2.3 u	2.7 u	2.8 u
A,ED3_4,T,Y15-74,PC,DE21	2.5 b	2.7 	2.3 	2.0 	1.8 	1.7 	2.1 bu	2.1 bu	2.0 u	1.8 u	2.2 	2.2 
A,ED3_4,T,Y15-74,PC,DE22	2.5 b	2.2 	1.5 	1.9 	1.7 	1.7 	: bu	: bu	: u	: u	: u	: u
A,ED3_4,T,Y15-74,PC,DE23	2.5 b	2.4 	2.4 	1.9 	1.7 	2.2 	: bu	: bu	: u	: u	: u	: u
A,ED3_4,T,Y15-74,PC,DE24	3.6 b	3.7 	2.8 	2.2 	2.5 	2.1 	: bu	: bu	: u	: u	: u	: u
A,ED3_4,T,Y15-74,PC,DE25	2.8 b	2.8 	2.3 	1.9 	1.6 	1.7 	: bu	3.4 bu	2.7 u	: u	: u	2.9 u
A,ED3_4,T,Y15-74,PC,DE26	2.8 b	2.6 	2.2 	1.8 	1.6 	1.9 	: bu	: bu	: u	: u	: u	: u
A,ED3_4,T,Y15-74,PC,DE27	2.7 b	2.8 	2.4 	2.3 	2.1 	2.0 	: bu	2.4 bu	2.2 u	: u	: u	2.4 u
A,ED3_4,T,Y15-74,PC,DE30	9.1 b	8.6 	7.1 	6.3 	5.6 	5.1 	5.4 b	5.4 b	4.1 	4.7 	4.8 	5.5 
A,ED3_4,T,Y15-74,PC,DE40	7.4 b	6.3 	4.7 	4.4 	3.9 	3.2 	4.2 bu	2.7 bu	2.9 u	2.8 u	3.0 u	3.0 u
A,ED3_4,T,Y15-74,PC,DE50	5.5 b	4.2 	5.1 	4.4 	3.6 	3.8 	: bu	: bu	: u	: u	: u	: u
A,ED3_4,T,Y15-74,PC,DE60	4.3 b	4.1 	3.6 	3.5 	3.3 	2.9 	: bu	4.1 bu	3.5 u	3.3 u	3.4 u	3.9 u
A,ED3_4,T,Y15-74,PC,DE71	4.0 b	3.6 	3.5 	2.9 	2.5 	2.6 	3.6 bu	3.9 b	3.4 	2.7 	3.0 	3.0 
A,ED3_4,T,Y15-74,PC,DE72	3.7 b	3.2 	3.4 	3.4 	3.1 	2.6 	: bu	: bu	: u	: u	: u	: u
A,ED3_4,T,Y15-74,PC,DE73	3.4 b	3.3 	3.2 	2.4 	2.3 	2.3 	: bu	: bu	: u	: u	: u	: u
A,ED3_4,T,Y15-74,PC,DE80	10.4 b	8.7 	6.7 	5.1 	4.7 	4.1 	: bu	3.8 bu	3.5 u	3.9 u	3.2 u	3.1 u
A,ED3_4,T,Y15-74,PC,DE91	4.7 b	4.3 	3.4 	3.4 	3.1 	2.8 	: bu	2.8 bu	: u	: u	: u	: u
A,ED3_4,T,Y15-74,PC,DE92	4.7 b	4.4 	3.7 	3.8 	3.3 	2.5 	: bu	2.3 bu	2.7 u	2.2 u	2.5 u	3.1 u
A,ED3_4,T,Y15-74,PC,DE93	3.4 b	3.0 	2.6 	2.7 	1.8 	2.0 	: bu	2.8 bu	: u	: u	: u	: u
A,ED3_4,T,Y15-74,PC,DE94	3.3 b	3.3 	3.3 	2.5 	2.5 	2.4 	: bu	2.8 bu	2.4 u	: u	2.3 u	2.1 u
A,ED3_4,T,Y15-74,PC,DEA1	5.4 b	5.0 	4.3 	3.6 	3.4 	3.2 	3.6 b	4.0 b	3.3 	3.3 	3.5 	3.9 
A,ED3_4,T,Y15-74,PC,DEA2	4.3 b	3.9 	3.5 	3.3 	3.1 	2.7 	3.8 b	3.3 b	2.7 	2.9 	3.2 	3.4 
A,ED3_4,T,Y15-74,PC,DEA3	4.0 b	3.4 	3.3 	3.2 	2.5 	2.7 	3.2 bu	2.6 bu	2.7 u	2.4 u	2.6 u	2.7 u
A,ED3_4,T,Y15-74,PC,DEA4	4.5 b	3.5 	3.3 	3.2 	2.5 	2.4 	: bu	3.6 bu	2.4 u	: u	2.9 u	3.0 u
A,ED3_4,T,Y15-74,PC,DEA5	4.8 b	4.9 	4.2 	3.5 	3.2 	3.0 	3.9 bu	3.7 b	3.1 	2.8 	2.5 u	3.7 
A,ED3_4,T,Y15-74,PC,DEB1	3.6 b	2.8 	2.8 	2.5 	2.1 	1.7 	: bu	: bu	: u	: u	: u	: u
A,ED3_4,T,Y15-74,PC,DEB2	: bu	: u	: u	: u	: u	: u	: bu	: bu	: u	: u	: u	: u
A,ED3_4,T,Y15-74,PC,DEB3	3.4 b	3.3 	3.2 	3.3 	2.7 	2.8 	: bu	3.9 bu	3.3 u	2.9 u	2.8 u	3.4 u
A,ED3_4,T,Y15-74,PC,DEC0	3.9 b	4.5 	4.2 	3.3 	2.7 	2.9 	: bu	: bu	: u	: u	: u	: u
A,ED3_4,T,Y15-74,PC,DED2	8.3 b	6.7 	5.1 	4.3 	4.2 	3.6 	: bu	3.6 bu	3.8 u	: u	3.5 u	4.1 u
A,ED3_4,T,Y15-74,PC,DED4	6.9 b	5.8 	4.5 	4.1 	3.4 	3.6 	: bu	: bu	: u	: u	2.9 u	3.6 u
A,ED3_4,T,Y15-74,PC,DED5	8.7 b	8.2 	6.3 	5.8 	4.7 	4.4 	: bu	4.5 bu	: u	: u	4.6 u	4.2 u
A,ED3_4,T,Y15-74,PC,DEE0	9.3 b	8.2 	7.5 	6.8 	4.9 	4.4 	4.9 bu	3.4 bu	3.5 u	3.5 u	3.2 u	4.0 
A,ED3_4,T,Y15-74,PC,DEF0	3.9 b	3.4 	3.3 	3.0 	2.3 	2.5 	: bu	2.5 bu	2.0 u	2.7 u	3.3 	2.9 u
A,ED3_4,T,Y15-74,PC,DEG0	6.4 b	6.3 	4.9 	4.5 	4.3 	3.6 	4.0 bu	3.6 bu	2.7 u	3.2 u	3.5 u	3.0 u
A,ED3_4,T,Y15-74,PC,DK01	6.7 b	5.7 	5.5 b	5.7 b	4.5 	4.5 	5.8 	5.8 b	4.2 	4.9 b	6.2 	6.4 
A,ED3_4,T,Y15-74,PC,DK02	5.7 b	5.3 	5.6 b	4.4 b	3.9 	3.7 	4.7 	4.2 b	3.2 	4.1 b	5.7 	4.3 
A,ED3_4,T,Y15-74,PC,DK03	6.4 b	5.2 	5.3 b	4.2 b	3.7 	3.9 	4.4 	3.7 b	3.7 	4.4 b	5.3 	5.0 
A,ED3_4,T,Y15-74,PC,DK04	5.4 b	4.7 	4.4 b	4.2 b	3.9 	3.7 	4.1 	3.7 b	3.7 	4.6 b	5.1 	5.6 
A,ED3_4,T,Y15-74,PC,DK05	6.5 b	6.2 	4.9 b	4.3 b	4.4 	4.8 	4.6 	4.9 b	3.9 	4.7 b	4.7 	5.3 
A,ED3_4,T,Y15-74,PC,EE00	8.1 b	6.9 	7.8 	6.6 	5.7 	4.8 	7.4 	6.9 b	5.9 	7.5 	8.4 	7.4 
A,ED3_4,T,Y15-74,PC,EL30	31.9 b	28.2 	26.6 	24.3 	22.8 	19.8 	16.3 	13.9 b	12.1 	11.6 	11.8 	8.9 
A,ED3_4,T,Y15-74,PC,EL41	22.9 b	16.5 	17.4 	21.6 	21.5 	19.3 	17.9 	16.5 b	13.8 	11.3 	9.9 	6.5 u
A,ED3_4,T,Y15-74,PC,EL42	23.6 b	18.5 	18.9 	18.3 	18.1 	13.9 	15.1 	22.7 b	9.8 	6.9 	10.6 	7.4 
A,ED3_4,T,Y15-74,PC,EL43	25.9 b	25.7 	24.1 	20.1 	16.0 	14.2 	20.4 	19.4 b	11.6 	11.7 	8.2 	6.0 
A,ED3_4,T,Y15-74,PC,EL51	27.7 b	27.7 	26.4 	22.5 	18.5 	16.7 	17.7 	17.4 b	17.4 	13.5 	13.4 	11.0 
A,ED3_4,T,Y15-74,PC,EL52	31.5 b	28.4 	26.8 	25.6 	23.2 	21.7 	21.4 	19.8 b	16.9 	15.3 	14.5 	12.8 
A,ED3_4,T,Y15-74,PC,EL53	30.7 b	36.1 	35.0 	30.6 	29.5 	27.3 	23.1 	24.8 b	17.8 	16.4 	13.1 	16.9 
A,ED3_4,T,Y15-74,PC,EL54	34.5 b	30.4 	26.6 	27.5 	23.1 	19.6 	23.6 	18.8 b	18.0 	15.9 	13.3 	12.0 
A,ED3_4,T,Y15-74,PC,EL61	29.5 b	28.0 	26.1 	22.9 	20.9 	21.4 	18.1 	17.3 b	19.3 	16.6 	11.5 	7.5 
A,ED3_4,T,Y15-74,PC,EL62	24.0 b	23.7 	17.2 	19.7 	17.2 	14.5 	19.1 	14.7 b	13.2 	17.6 	19.2 	10.3 
A,ED3_4,T,Y15-74,PC,EL63	33.4 b	32.3 	34.6 	30.7 	26.7 	27.0 	24.4 	19.9 b	16.7 	12.6 	11.6 	10.4 
A,ED3_4,T,Y15-74,PC,EL64	30.0 b	26.9 	26.1 	21.3 	19.9 	19.1 	19.8 	17.1 b	14.7 	10.2 	7.9 	8.2 
A,ED3_4,T,Y15-74,PC,EL65	24.8 b	23.9 	21.6 	19.2 	17.5 	14.1 	13.3 	15.0 b	14.0 	11.8 	8.5 	8.8 
A,ED3_4,T,Y15-74,PC,ES11	21.5 b	18.9 	16.7 	14.8 	13.6 	13.0 	13.1 	12.9 bd	12.7 d	11.3 d	10.3 d	9.3 d
A,ED3_4,T,Y15-74,PC,ES12	19.2 b	16.9 	16.5 	13.3 	16.3 	16.8 	17.0 	14.7 bd	13.8 d	14.8 d	11.4 d	10.2 d
A,ED3_4,T,Y15-74,PC,ES13	19.7 b	16.6 	15.3 	14.8 	11.8 	10.4 	12.0 	10.3 bd	10.2 d	10.1 d	9.5 d	9.6 d
A,ED3_4,T,Y15-74,PC,ES21	18.9 b	16.7 	14.1 	13.3 	11.9 	10.9 	10.6 	12.1 bd	12.2 d	10.9 d	11.6 d	10.2 d
A,ED3_4,T,Y15-74,PC,ES22	18.5 b	17.4 	15.8 	11.3 	10.3 	8.7 	9.8 	11.6 bd	11.4 d	12.1 d	8.7 d	8.9 d
A,ED3_4,T,Y15-74,PC,ES23	19.0 b	16.6 	12.0 u	12.1 u	10.7 u	10.9 u	11.7 u	13.1 bd	11.4 du	9.1 du	7.4 du	8.7 du
A,ED3_4,T,Y15-74,PC,ES24	22.4 b	18.3 	16.1 	12.3 	11.3 	10.2 	11.6 	11.9 bd	9.7 d	8.8 d	9.4 d	8.7 d
A,ED3_4,T,Y15-74,PC,ES30	22.8 b	18.4 	17.2 	15.1 	14.9 	12.9 	15.3 	14.2 bd	14.0 d	12.6 d	10.3 d	9.8 d
A,ED3_4,T,Y15-74,PC,ES41	19.7 b	17.6 	14.6 	13.5 	11.0 	10.8 	12.0 	12.3 bd	10.7 d	9.4 d	9.4 d	8.8 d
A,ED3_4,T,Y15-74,PC,ES42	26.7 b	23.9 	20.8 	19.5 	17.7 	16.4 	17.9 	17.2 bd	13.4 d	13.9 d	15.6 d	13.6 d
A,ED3_4,T,Y15-74,PC,ES43	24.6 b	26.7 	24.7 	23.0 	20.7 	21.1 	22.6 	16.9 bd	16.8 d	18.4 d	14.8 d	13.8 d
A,ED3_4,T,Y15-74,PC,ES51	20.6 b	19.3 	16.5 	14.1 	13.2 	12.0 	14.3 	13.7 bd	11.3 d	10.7 d	9.7 d	9.5 d
A,ED3_4,T,Y15-74,PC,ES52	26.4 b	22.7 	21.3 	18.3 	14.1 	13.7 	17.4 	18.1 bd	14.0 d	14.3 d	14.4 d	13.4 d
A,ED3_4,T,Y15-74,PC,ES53	18.9 b	17.0 	12.3 	12.5 	14.1 	13.9 	19.4 	15.1 bd	10.7 d	10.1 d	10.7 d	9.7 d
A,ED3_4,T,Y15-74,PC,ES61	30.8 b	28.8 	26.2 	23.4 	21.7 	20.3 	22.0 	21.9 bd	19.3 d	18.1 d	16.8 d	15.4 d
A,ED3_4,T,Y15-74,PC,ES62	27.1 b	25.2 	18.8 	19.3 	18.8 	14.5 	18.4 	14.8 bd	14.2 d	13.7 d	12.0 d	11.6 d
A,ED3_4,T,Y15-74,PC,ES63	19.0 bu	20.5 u	15.5 u	15.7 u	22.0 u	15.7 u	19.4 u	28.3 bdu	24.7 du	21.0 du	20.3 du	20.7 du
A,ED3_4,T,Y15-74,PC,ES64	23.5 bu	35.7 u	24.6 u	25.2 u	18.2 u	22.7 u	21.3 u	25.4 bdu	29.0 du	22.4 du	27.7 du	20.8 du
A,ED3_4,T,Y15-74,PC,ES70	31.2 b	27.0 	25.7 	22.2 	17.6 	18.8 	21.1 	24.1 bd	20.0 d	16.3 d	14.1 d	15.4 d
A,ED3_4,T,Y15-74,PC,FI19	9.6 b	10.2 	9.5 	10.0 	8.2 	7.0 	9.0 	8.4 b	6.7 	7.1 	8.2 	9.8 
A,ED3_4,T,Y15-74,PC,FI1B	8.0 b	8.8 	8.0 	8.3 	7.8 	6.8 	8.4 	8.1 b	6.9 	8.1 	9.6 	12.3 
A,ED3_4,T,Y15-74,PC,FI1C	9.4 b	10.4 	9.6 	9.2 	8.2 	6.3 	8.4 	7.4 b	7.9 	8.0 	9.2 	10.1 
A,ED3_4,T,Y15-74,PC,FI1D	10.8 b	11.9 	11.3 	10.4 	9.0 	8.8 	10.0 	8.1 b	7.3 	7.6 	8.1 	8.8 
A,ED3_4,T,Y15-74,PC,FI20	: bu	: u	: u	: u	: u	: u	: u	: bu	: u	: u	: u	: u
A,ED3_4,T,Y15-74,PC,FR10	10.5 	10.2 	11.0 	10.9 	10.1 	9.7 	9.8 	9.4 bd	9.8 d	10.0 d	10.2 d	11.3 d
A,ED3_4,T,Y15-74,PC,FRB0	10.3 	11.8 	11.5 	9.1 	9.3 	9.1 	9.9 	7.2 bd	7.0 d	6.2 d	5.7 d	6.0 d
A,ED3_4,T,Y15-74,PC,FRC1	11.5 	8.9 	9.8 	11.2 	8.6 	6.9 	8.9 	7.9 bd	7.4 d	7.4 d	6.7 d	8.0 d
A,ED3_4,T,Y15-74,PC,FRC2	9.7 	10.3 	8.3 	6.8 	7.4 	8.7 	4.9 	5.9 bd	6.6 d	6.0 d	5.1 d	10.2 d
A,ED3_4,T,Y15-74,PC,FRD1	8.0 	8.8 	9.0 	8.0 	8.1 	7.8 	7.1 	6.3 bd	6.7 d	7.4 d	8.3 d	6.0 d
A,ED3_4,T,Y15-74,PC,FRD2	11.5 	11.1 	12.3 	11.9 	8.7 	11.6 	8.8 	7.8 bd	9.3 d	6.7 d	7.4 d	9.1 d
A,ED3_4,T,Y15-74,PC,FRE1	15.7 	15.2 	14.0 	14.6 	13.2 	12.6 	10.9 	10.4 bd	9.6 d	10.5 d	10.8 d	10.3 d
A,ED3_4,T,Y15-74,PC,FRE2	11.7 	11.1 	11.7 	9.7 	10.3 	9.5 	8.8 	9.3 bd	8.0 d	8.7 d	9.1 d	8.0 d
A,ED3_4,T,Y15-74,PC,FRF1	9.9 	9.4 	11.4 	9.0 	8.5 	6.8 	6.1 	7.7 bd	7.2 d	5.4 d	6.2 d	4.9 d
A,ED3_4,T,Y15-74,PC,FRF2	11.4 	13.6 	10.3 	9.2 	9.0 	8.5 	12.3 	9.7 bd	7.7 d	6.6 d	6.6 d	6.8 d
A,ED3_4,T,Y15-74,PC,FRF3	12.4 	12.1 	11.9 	11.1 	10.3 	8.7 	9.8 	9.7 bd	7.1 d	7.6 d	9.4 d	8.9 d
A,ED3_4,T,Y15-74,PC,FRG0	7.8 	9.0 	8.4 	7.1 	7.8 	7.6 	7.6 	6.2 bd	7.0 d	6.7 d	7.4 d	6.3 d
A,ED3_4,T,Y15-74,PC,FRH0	7.3 	8.2 	9.2 	6.9 	7.4 	7.4 	7.2 	6.3 bd	6.5 d	5.6 d	4.9 d	6.2 d
A,ED3_4,T,Y15-74,PC,FRI1	9.6 	9.7 	9.9 	10.6 	9.1 	8.8 	7.2 	7.0 bd	7.2 d	7.9 d	8.0 d	7.9 d
A,ED3_4,T,Y15-74,PC,FRI2	8.8 	8.8 	6.7 	5.7 u	6.6 	7.0 	8.4 	7.2 bd	7.1 d	8.1 d	5.9 du	6.7 du
A,ED3_4,T,Y15-74,PC,FRI3	11.1 	9.7 	8.6 	9.1 	9.0 	9.5 	9.9 	10.1 bd	7.3 d	8.6 d	6.9 d	8.3 d
A,ED3_4,T,Y15-74,PC,FRJ1	14.2 	14.6 	13.5 	13.5 	13.1 	11.5 	9.8 	11.9 bd	9.8 d	10.1 d	9.7 d	9.6 d
A,ED3_4,T,Y15-74,PC,FRJ2	9.0 	9.2 	9.0 	7.8 	7.7 	7.6 	6.7 	6.8 bd	7.1 d	6.6 d	6.9 d	7.4 d
A,ED3_4,T,Y15-74,PC,FRK1	7.1 	7.9 	6.9 	7.8 	8.1 	5.6 	5.3 	7.2 bd	8.9 d	8.0 d	8.3 d	6.7 d
A,ED3_4,T,Y15-74,PC,FRK2	9.2 	9.4 	8.4 	7.9 	8.5 	7.9 	8.5 	8.0 bd	7.2 d	6.8 d	7.4 d	7.6 d
A,ED3_4,T,Y15-74,PC,FRL0	10.2 	11.4 	11.9 	11.4 	10.3 	9.2 	8.9 	8.6 bd	7.5 d	8.2 d	7.8 d	7.8 d
A,ED3_4,T,Y15-74,PC,FRM0	8.8 u	5.1 u	8.2 u	13.2 u	: u	: u	9.5 u	9.5 bdu	: u	: u	7.7 du	10.7 du
A,ED3_4,T,Y15-74,PC,FRY1	24.7 	26.1 	26.1 	22.5 	23.6 	23.6 	17.1 	19.1 bd	21.8 d	20.0 d	17.7 d	16.1 d
A,ED3_4,T,Y15-74,PC,FRY2	20.7 	20.1 	19.5 	19.0 	20.2 	15.3 	16.0 	14.8 bd	14.4 d	11.7 d	14.1 d	15.0 d
A,ED3_4,T,Y15-74,PC,FRY3	19.2 	19.5 	18.8 	19.3 	16.5 	18.2 	17.2 u	13.2 bdu	11.0 du	11.4 du	14.3 du	13.9 du
A,ED3_4,T,Y15-74,PC,FRY4	26.3 	25.1 	22.8 	24.5 	27.0 	22.8 	20.7 	19.5 bd	22.0 d	21.8 d	18.1 d	20.2 d
A,ED3_4,T,Y15-74,PC,FRY5	21.6 u	24.3 u	23.4 u	19.3 u	28.3 u	21.1 u	19.9 u	: 	: 	: 	: 	: 
A,ED3_4,T,Y15-74,PC,HR02	: 	: 	17.6 	15.4 	12.1 	9.1 	12.6 	9.9 b	10.5 	10.1 	7.2 	7.7 
A,ED3_4,T,Y15-74,PC,HR03	17.5 b	18.6 	15.2 	11.9 	9.5 	6.3 	7.9 	10.3 b	6.8 	6.7 	6.8 	6.3 
A,ED3_4,T,Y15-74,PC,HR04	19.2 b	17.9 	: 	: 	: 	: 	: 	: 	: 	: 	: 	: 
A,ED3_4,T,Y15-74,PC,HR05	: 	: 	13.2 	9.5 	7.0 	6.5 	6.0 	6.9 b	6.5 	5.2 u	2.8 u	4.1 u
A,ED3_4,T,Y15-74,PC,HR06	: 	: 	10.7 	7.9 	6.1 	5.3 	5.0 	4.5 b	4.2 	4.4 	3.1 u	3.3 u
A,ED3_4,T,Y15-74,PC,HU11	6.3 b	5.5 	4.9 	3.1 	4.0 b	2.7 	4.3 	4.1 b	3.1 	2.9 	3.8 	4.3 
A,ED3_4,T,Y15-74,PC,HU12	7.1 b	6.8 	3.4 	2.7 	2.0 b	2.3 	3.1 	2.7 b	2.1 	3.4 	3.1 	2.9 
A,ED3_4,T,Y15-74,PC,HU21	4.9 b	3.9 	2.9 	2.1 	2.0 b	1.8 	2.7 	2.1 b	1.6 	2.0 	2.6 	3.3 
A,ED3_4,T,Y15-74,PC,HU22	4.0 b	3.1 	2.3 	2.0 	1.9 b	1.6 	2.3 	2.0 b	2.0 	2.0 	2.9 	3.1 
A,ED3_4,T,Y15-74,PC,HU23	6.9 b	6.9 	5.2 	5.6 	4.0 b	3.6 	4.5 	4.3 b	3.5 	5.2 	6.6 	5.8 
A,ED3_4,T,Y15-74,PC,HU31	9.3 b	7.8 	5.0 	5.0 	4.0 b	3.7 	4.8 	5.7 b	5.7 	5.8 	5.7 	6.5 
A,ED3_4,T,Y15-74,PC,HU32	10.7 b	9.7 	8.4 	5.9 	5.4 b	5.3 	6.5 	6.0 b	5.0 	5.7 	5.8 	5.0 
A,ED3_4,T,Y15-74,PC,HU33	8.9 b	7.0 	5.3 	3.8 	2.9 b	2.9 	4.2 	4.2 b	3.4 	3.8 	4.6 	4.5 
A,ED3_4,T,Y15-74,PC,IE04	13.3 b	11.2 	9.5 	7.8 b	6.6 	5.5 	5.9 	6.0 b	4.8 u	4.1 u	5.2 	5.5 
A,ED3_4,T,Y15-74,PC,IE05	14.6 b	12.6 	9.3 	8.2 b	7.1 	6.3 	7.1 	8.1 b	4.9 	4.6 	4.5 	5.0 
A,ED3_4,T,Y15-74,PC,IE06	15.4 b	12.8 	10.9 	8.8 b	6.9 	5.9 	7.1 	8.4 b	5.6 	5.5 	5.4 	6.0 
A,ED3_4,T,Y15-74,PC,IS00	4.3 b	3.4 	3.1 	2.4 	2.3 	3.3 	5.5 b	5.9 b	3.2 	3.1 	2.8 	: 
A,ED3_4,T,Y15-74,PC,ITC1	10.6 b	9.6 	9.0 	8.8 	7.9 b	6.9 	7.2 	7.0 b	5.9 	5.8 	5.4 	5.9 
A,ED3_4,T,Y15-74,PC,ITC2	7.5 bu	7.8 u	7.6 u	6.5 u	6.1 bu	6.0 u	: u	6.5 bu	: u	: u	: u	: u
A,ED3_4,T,Y15-74,PC,ITC3	9.7 b	8.4 	8.1 	7.3 	9.3 b	8.7 	7.4 	7.9 b	6.4 	5.6 	4.8 	4.6 
A,ED3_4,T,Y15-74,PC,ITC4	8.0 b	8.0 	7.4 	6.4 	6.0 b	5.4 	5.0 	5.9 b	4.9 	4.0 	3.7 	3.0 
A,ED3_4,T,Y15-74,PC,ITF1	13.3 b	13.4 	11.5 	12.1 	10.8 b	11.9 	8.9 	9.8 b	10.3 	8.3 	8.8 	7.8 
A,ED3_4,T,Y15-74,PC,ITF2	16.3 b	14.3 	12.8 	16.4 	13.6 b	13.8 	9.2 	10.7 b	9.2 	9.3 	8.0 	6.1 u
A,ED3_4,T,Y15-74,PC,ITF3	20.3 b	19.1 	20.2 	19.1 	19.0 b	17.9 	16.4 	18.0 b	15.3 	16.1 	14.5 	12.2 
A,ED3_4,T,Y15-74,PC,ITF4	20.6 b	19.1 	18.4 	18.3 	15.7 b	15.2 	13.2 	14.6 b	12.9 	13.1 	10.2 	11.0 
A,ED3_4,T,Y15-74,PC,ITF5	14.3 b	14.4 	14.1 	12.8 	13.0 b	10.6 	8.6 	8.1 b	8.0 	8.2 	6.9 	5.0 
A,ED3_4,T,Y15-74,PC,ITF6	22.9 b	23.3 	22.9 	20.9 	20.1 b	20.8 	18.8 	18.5 b	15.6 	16.8 	14.2 	11.4 
A,ED3_4,T,Y15-74,PC,ITG1	20.6 b	19.8 	19.9 	20.6 	19.8 b	18.5 	17.4 	17.8 b	15.7 	15.3 	12.3 	10.9 
A,ED3_4,T,Y15-74,PC,ITG2	17.1 b	16.3 	18.5 	15.7 	14.1 b	15.7 	13.1 	14.3 b	11.3 	10.2 	9.1 	8.9 
A,ED3_4,T,Y15-74,PC,ITH1	3.5 b	3.7 	3.1 	2.6 	2.6 b	2.4 	3.3 	3.4 b	2.2 u	2.2 u	1.9 u	1.5 u
A,ED3_4,T,Y15-74,PC,ITH2	6.4 b	6.1 	5.9 	5.6 	4.9 b	4.9 	5.3 	5.0 b	3.7 	3.6 	2.6 	2.0 u
A,ED3_4,T,Y15-74,PC,ITH3	7.3 b	6.8 	6.1 	5.5 	6.2 b	4.9 	5.8 	5.0 b	3.9 	4.0 	2.8 	3.7 
A,ED3_4,T,Y15-74,PC,ITH4	7.4 b	7.7 	7.3 	6.6 	6.8 b	5.8 	5.4 	5.8 b	5.4 	4.8 	3.9 	3.8 
A,ED3_4,T,Y15-74,PC,ITH5	8.1 b	7.5 	6.3 	6.0 	5.3 b	5.2 	5.9 	5.4 b	5.0 	4.7 	3.7 	4.1 
A,ED3_4,T,Y15-74,PC,ITI1	9.8 b	9.5 	9.5 	8.2 	6.9 b	7.2 	6.7 	7.5 b	6.0 	5.9 	3.9 	4.6 
A,ED3_4,T,Y15-74,PC,ITI2	11.8 b	10.3 	9.3 	10.1 	9.2 b	7.4 	7.3 	6.9 b	6.4 	5.6 	5.3 	4.8 
A,ED3_4,T,Y15-74,PC,ITI3	10.1 b	9.1 	10.6 	10.8 	8.1 b	8.8 	7.4 	7.6 b	6.5 	5.3 	5.7 	5.1 
A,ED3_4,T,Y15-74,PC,ITI4	12.8 b	12.5 	11.9 	11.2 	12.7 b	11.0 	9.6 	11.0 b	8.6 	7.5 	7.3 	6.4 
A,ED3_4,T,Y15-74,PC,LT01	12.7 b	11.8 	8.3 	7.3 	6.8 	6.9 	11.3 	7.5 b	6.7 	7.1 	9.7 	8.6 
A,ED3_4,T,Y15-74,PC,LT02	13.8 b	11.7 	11.1 	10.1 	8.4 	8.8 	11.5 	9.9 b	7.9 	9.6 	9.2 	9.6 
A,ED3_4,T,Y15-74,PC,LU00	6.3 b	6.3 b	6.7 	5.3 	5.6 	6.2 	6.9 	5.5 b	4.0 	5.4 	7.4 	6.7 u
A,ED3_4,T,Y15-74,PC,LV00	11.7 b	10.8 	11.3 	10.2 	8.5 	7.1 	8.8 	8.9 b	7.8 	7.9 	8.0 	8.1 
A,ED3_4,T,Y15-74,PC,ME00	19.8 b	19.3 	19.5 	17.5 	16.7 	15.4 	18.1 	: 	: 	: 	: 	: 
A,ED3_4,T,Y15-74,PC,MK00	28.3 b	26.6 	23.7 	22.6 	21.0 	16.6 	16.2 	15.8 b	15.0 	13.6 	12.9 	12.0 
A,ED3_4,T,Y15-74,PC,MT00	3.9 b	3.8 	3.9 	3.5 	3.8 	4.3 	4.7 	4.5 b	3.4 	3.3 	3.5 	3.0 
A,ED3_4,T,Y15-74,PC,NL11	8.1 b	9.9 	8.8 	7.2 	6.0 	5.4 b	5.1 	4.4 b	4.1 	3.8 	4.1 	4.5 
A,ED3_4,T,Y15-74,PC,NL12	6.9 b	7.1 	6.4 	5.4 	4.2 	2.4 b	3.8 	4.1 b	3.9 	3.1 	3.5 	3.7 
A,ED3_4,T,Y15-74,PC,NL13	6.5 b	7.1 	5.2 	4.3 	3.2 	2.5 b	3.4 	4.0 b	2.3 	3.0 	2.6 	2.8 
A,ED3_4,T,Y15-74,PC,NL21	6.9 b	6.7 	6.3 	5.0 	3.3 	2.6 b	3.5 	3.6 b	3.5 	2.7 	2.8 	3.6 
A,ED3_4,T,Y15-74,PC,NL22	7.2 b	6.3 	5.7 	4.7 	2.8 	2.6 b	3.2 	3.8 b	3.1 	3.1 	2.9 	3.2 
A,ED3_4,T,Y15-74,PC,NL23	10.5 b	8.0 	7.2 	5.0 	4.5 	3.0 b	3.0 	4.2 b	2.2 u	3.4 	3.3 	3.6 
A,ED3_4,T,Y15-74,PC,NL31	7.3 b	6.7 	5.7 	4.4 	3.5 	: 	: 	: 	: 	: 	: 	: 
A,ED3_4,T,Y15-74,PC,NL32	7.6 b	7.0 	5.7 	4.9 	3.8 	3.2 b	4.1 	4.4 b	3.5 	3.5 	3.5 	3.5 
A,ED3_4,T,Y15-74,PC,NL33	8.4 b	8.1 	7.1 	5.4 	4.3 	: 	: 	: 	: 	: 	: 	: 
A,ED3_4,T,Y15-74,PC,NL34	4.9 b	5.2 	2.8 	2.8 u	2.2 u	2.2 bu	2.2 u	2.1 bu	2.6 u	1.9 u	1.9 u	2.0 u
A,ED3_4,T,Y15-74,PC,NL35	: 	: 	: 	: 	: 	3.7 b	3.9 	4.7 b	2.9 	3.4 	3.8 	3.5 
A,ED3_4,T,Y15-74,PC,NL36	: 	: 	: 	: 	: 	3.9 b	4.5 	5.0 b	3.7 	3.6 	4.1 	4.6 
A,ED3_4,T,Y15-74,PC,NL41	6.9 b	6.1 	5.3 	4.0 	3.3 	2.9 b	3.0 	2.9 b	2.9 	2.7 	2.6 	3.5 
A,ED3_4,T,Y15-74,PC,NL42	7.2 b	6.0 	5.5 	3.8 	3.1 	3.0 b	3.1 	3.5 b	3.1 	3.7 	3.5 	2.5 
A,ED3_4,T,Y15-74,PC,NO01	4.7 b	5.2 	: 	: 	: 	: 	: 	: 	: 	: 	: 	: 
A,ED3_4,T,Y15-74,PC,NO02	1.8 b	3.7 	3.7 	: u	: u	: u	: u	: bu	: u	: u	: u	: u
A,ED3_4,T,Y15-74,PC,NO03	3.4 b	3.8 	: 	: 	: 	: 	: 	: 	: 	: 	: 	: 
A,ED3_4,T,Y15-74,PC,NO04	2.4 b	4.3 	: 	: 	: 	: 	: 	: 	: 	: 	: 	: 
A,ED3_4,T,Y15-74,PC,NO05	2.7 b	3.1 	: 	: 	: 	: 	: 	: 	: 	: 	: 	: 
A,ED3_4,T,Y15-74,PC,NO06	2.6 b	3.7 	3.0 	: u	: u	: u	: u	: bu	: u	: u	: u	: u
A,ED3_4,T,Y15-74,PC,NO07	2.4 b	2.4 	2.3 	: u	: u	: u	: u	: bu	: u	: u	: u	: u
A,ED3_4,T,Y15-74,PC,NO08	: 	: 	4.8 	4.6 	4.0 	3.9 	5.3 	4.8 b	3.7 	3.6 	3.8 	4.6 
A,ED3_4,T,Y15-74,PC,NO09	: 	: 	4.3 	4.1 u	3.4 u	3.8 u	4.6 u	4.2 bu	3.5 u	: u	: u	4.1 u
A,ED3_4,T,Y15-74,PC,NO0A	: 	: 	4.3 	3.9 	3.9 	3.5 	3.9 	3.0 bu	2.5 u	2.6 u	2.9 u	3.4 u
A,ED3_4,T,Y15-74,PC,PL21	10.2 b	8.7 	6.3 b	5.2 	3.5 	2.9 b	2.5 	4.1 b	3.3 	3.1 	3.4 	3.4 
A,ED3_4,T,Y15-74,PC,PL22	9.5 b	8.1 	6.0 b	4.3 	3.6 	2.5 b	3.1 	3.8 b	2.5 	3.3 	3.2 	3.6 
A,ED3_4,T,Y15-74,PC,PL41	8.4 b	5.8 	5.2 b	3.6 	2.3 	3.2 b	2.0 	2.5 b	2.5 	3.5 	2.6 	3.4 
A,ED3_4,T,Y15-74,PC,PL42	9.1 b	7.6 	7.7 b	5.3 	4.3 	3.3 bu	3.5 u	4.1 bu	2.4 u	2.6 u	3.6 u	3.7 u
A,ED3_4,T,Y15-74,PC,PL43	8.9 b	6.8 	4.7 bu	4.0 u	3.2 u	2.1 bu	: u	: bu	: u	: u	: u	: u
A,ED3_4,T,Y15-74,PC,PL51	10.7 b	7.5 	5.9 b	5.3 	3.9 	4.0 b	3.4 	4.9 b	3.9 	4.1 	4.9 	4.3 
A,ED3_4,T,Y15-74,PC,PL52	8.4 b	6.9 	5.0 bu	4.2 u	3.4 u	3.9 bu	: u	: bu	: u	: u	: u	4.1 u
A,ED3_4,T,Y15-74,PC,PL61	11.8 b	8.7 	7.8 b	5.8 	4.5 	4.1 b	3.6 	5.4 b	4.8 	4.5 	4.8 	4.8 
A,ED3_4,T,Y15-74,PC,PL62	10.3 b	10.2 	9.4 b	7.8 	6.3 	3.6 bu	3.0 u	3.8 bu	3.4 u	3.4 u	4.6 u	3.7 u
A,ED3_4,T,Y15-74,PC,PL63	9.8 b	7.2 	6.8 b	4.9 	3.0 	2.5 b	3.9 	3.0 bu	2.6 u	2.5 u	3.0 u	3.6 
A,ED3_4,T,Y15-74,PC,PL71	9.5 b	8.2 	6.3 b	5.2 	5.0 	3.5 b	3.2 	4.0 b	3.8 	4.8 	4.1 	4.1 
A,ED3_4,T,Y15-74,PC,PL72	12.0 b	10.7 	10.1 b	7.8 	6.7 	4.2 bu	4.6 u	5.2 bu	4.7 u	4.8 u	3.9 u	4.9 u
A,ED3_4,T,Y15-74,PC,PL81	10.9 b	10.0 	8.6 b	7.6 	7.0 	6.2 b	6.2 	6.0 b	5.6 	4.7 	4.0 	6.8 
A,ED3_4,T,Y15-74,PC,PL82	15.8 b	13.5 	10.7 b	9.8 	7.5 	5.8 b	4.2 	5.2 b	5.4 	6.1 	5.1 	4.6 
A,ED3_4,T,Y15-74,PC,PL84	9.9 b	7.7 	7.5 b	4.9 u	3.5 u	3.6 bu	3.3 u	3.7 bu	: u	: u	: u	: u
A,ED3_4,T,Y15-74,PC,PL91	8.3 b	6.5 	4.7 b	5.4 	3.5 	2.7 b	3.5 	3.0 bu	3.1 	2.9 u	3.3 u	2.6 u
A,ED3_4,T,Y15-74,PC,PL92	9.0 b	8.9 	8.3 b	6.8 	6.1 	4.8 b	5.0 	4.1 b	4.0 	3.5 	4.4 	4.9 
A,ED3_4,T,Y15-74,PC,PT11	17.2 b	15.6 	13.0 	10.7 	8.8 	7.5 	7.9 	8.3 b	7.2 	8.4 	7.7 	7.5 
A,ED3_4,T,Y15-74,PC,PT15	14.7 b	12.3 	10.4 	8.0 	: u	6.6 	8.9 	9.3 bu	5.5 u	6.1 u	5.5 u	5.5 u
A,ED3_4,T,Y15-74,PC,PT16	13.2 b	11.7 	11.3 	9.5 	6.7 	: 	: 	: 	: 	: 	: 	: 
A,ED3_4,T,Y15-74,PC,PT17	14.9 b	13.8 	11.8 	10.0 	8.5 	: 	: 	: 	: 	: 	: 	: 
A,ED3_4,T,Y15-74,PC,PT18	12.8 b	13.2 	13.0 	8.7 	8.6 	: 	: 	: 	: 	: 	: 	: 
A,ED3_4,T,Y15-74,PC,PT19	: 	: 	: 	: 	: 	5.5 	8.0 	6.8 b	6.0 	6.5 	6.7 	5.3 
A,ED3_4,T,Y15-74,PC,PT1A	: 	: 	: 	: 	: 	8.1 	10.3 	8.0 b	7.8 	7.6 	7.6 	7.0 
A,ED3_4,T,Y15-74,PC,PT1B	: 	: 	: 	: 	: 	8.5 	6.4 	11.1 b	9.8 	9.4 	8.5 	10.1 
A,ED3_4,T,Y15-74,PC,PT1C	: 	: 	: 	: 	: 	6.6 	7.3 	7.6 bu	4.5 u	6.6 u	5.3 u	5.6 u
A,ED3_4,T,Y15-74,PC,PT1D	: 	: 	: 	: 	: 	6.4 	8.0 	5.7 bu	5.5 u	5.8 u	8.1 	5.5 
A,ED3_4,T,Y15-74,PC,PT20	: bu	: u	: u	: u	: u	: u	: u	: bu	: u	: u	: u	: u
A,ED3_4,T,Y15-74,PC,PT30	: bu	: u	: u	: u	: u	: u	: u	: bu	: u	: u	: u	7.9 u
A,ED3_4,T,Y15-74,PC,RO11	3.4 b	4.4 	3.5 	3.1 	2.5 	2.8 	3.7 	2.2 b	2.5 	1.8 	2.6 	3.2 
A,ED3_4,T,Y15-74,PC,RO12	9.6 b	6.5 	4.6 	3.6 	3.5 	3.9 	5.3 	3.9 b	3.6 	3.0 	2.7 	3.3 
A,ED3_4,T,Y15-74,PC,RO21	5.2 b	4.7 	3.6 	3.6 	2.8 	2.4 	3.6 	5.8 b	6.4 	5.7 	4.6 	4.9 
A,ED3_4,T,Y15-74,PC,RO22	10.4 b	9.0 	7.9 	6.1 	6.1 	6.5 	7.1 	5.1 b	6.0 	6.9 	6.8 	8.1 
A,ED3_4,T,Y15-74,PC,RO31	9.3 b	10.4 	9.3 	6.9 	5.5 	4.6 	5.4 	7.4 b	7.4 	7.0 	6.4 	7.2 
A,ED3_4,T,Y15-74,PC,RO32	7.1 b	6.0 	5.3 	5.0 	4.0 	2.9 	6.2 	4.3 b	3.1 	3.2 	1.7 u	1.6 u
A,ED3_4,T,Y15-74,PC,RO41	8.3 b	12.6 	11.9 	9.4 	7.7 	6.4 	6.0 	8.9 b	8.7 	8.3 	7.4 	7.2 
A,ED3_4,T,Y15-74,PC,RO42	4.6 b	5.1 	4.2 	4.1 	3.2 	3.0 	4.4 	3.4 b	3.8 	2.7 	3.0 	5.4 
A,ED3_4,T,Y15-74,PC,RS11	19.9 b	20.5 	16.7 	14.1 	11.7 	9.4 	8.3 	9.6 b	9.0 	8.4 	7.0 	7.6 
A,ED3_4,T,Y15-74,PC,RS12	20.4 b	16.9 	15.7 	12.5 	10.1 	8.5 	7.9 	9.1 b	7.8 	8.7 	8.3 	8.2 
A,ED3_4,T,Y15-74,PC,RS21	20.9 b	19.9 	17.1 	16.0 	15.9 	13.2 	10.5 	14.3 b	12.5 	10.7 	9.1 	9.0 
A,ED3_4,T,Y15-74,PC,RS22	24.1 b	20.7 	17.6 	17.0 	17.9 	14.0 	12.1 	13.8 b	12.7 	12.7 	11.6 	12.5 
A,ED3_4,T,Y15-74,PC,SE11	6.3 b	6.1 	5.6 	5.2 	4.7 b	5.1 	6.5 	7.8 b	6.5 	6.0 	7.4 	7.7 
A,ED3_4,T,Y15-74,PC,SE12	7.3 b	6.6 	6.1 	5.3 	4.8 b	4.9 	6.7 	7.4 b	7.1 	6.4 	7.9 	7.5 
A,ED3_4,T,Y15-74,PC,SE21	5.9 b	4.3 	4.9 	3.2 	3.0 b	3.4 	5.0 	4.6 b	3.2 	5.3 	5.0 	4.8 
A,ED3_4,T,Y15-74,PC,SE22	8.9 b	8.0 	7.2 	7.3 	6.8 b	8.0 	8.0 	8.0 b	7.5 	7.9 	7.5 	7.8 
A,ED3_4,T,Y15-74,PC,SE23	6.6 b	5.5 	4.9 	4.4 	4.1 b	3.8 	5.6 	6.2 b	5.0 	5.7 	5.7 	6.7 
A,ED3_4,T,Y15-74,PC,SE31	7.4 b	6.5 	5.6 	4.6 	4.2 b	5.2 	6.3 	7.3 b	5.0 	5.1 	5.1 	5.9 
A,ED3_4,T,Y15-74,PC,SE32	6.9 b	5.9 	5.9 	5.3 	4.4 b	4.0 u	5.6 u	5.4 bu	4.9 u	3.7 u	5.6 u	5.4 u
A,ED3_4,T,Y15-74,PC,SE33	6.5 b	6.2 	4.8 	5.4 	4.4 b	5.4 	5.7 	4.9 bu	3.3 u	4.9 u	3.5 u	5.2 u
A,ED3_4,T,Y15-74,PC,SI03	11.5 b	11.1 	8.2 	6.7 	5.6 	5.1 	5.9 	5.6 b	4.4 	3.9 b	4.3 	4.3 
A,ED3_4,T,Y15-74,PC,SI04	9.1 b	8.5 	7.8 	6.7 	5.4 	4.1 	5.1 	5.2 b	4.6 	3.7 b	3.9 	4.1 
A,ED3_4,T,Y15-74,PC,SK01	6.9 b	6.2 	5.0 	5.1 	3.8 	2.3 	4.0 	: bu	: u	3.4 u	: u	3.4 u
A,ED3_4,T,Y15-74,PC,SK02	10.5 b	9.2 	7.6 	5.3 	4.0 	4.2 	4.8 	4.6 b	4.0 	4.0 	3.5 	3.3 
A,ED3_4,T,Y15-74,PC,SK03	15.1 b	12.8 	10.1 	8.9 	6.7 	4.9 	6.2 	6.7 b	6.2 	5.5 	4.3 	5.2 
A,ED3_4,T,Y15-74,PC,SK04	15.2 b	13.3 	12.0 	10.1 	8.0 	6.4 	9.2 	9.6 b	8.3 	8.3 	6.4 	6.8 
A,ED3_4,T,Y15-74,PC,TR10	12.1 b	13.2 	14.6 	14.4 	12.7 	17.2 	17.7 	13.2 b	11.1 	10.5 	10.4 	10.1 
A,ED3_4,T,Y15-74,PC,TR21	9.1 b	8.0 	9.0 	10.0 	8.1 	12.6 	10.2 	10.8 b	7.4 	7.5 	6.3 	7.9 
A,ED3_4,T,Y15-74,PC,TR22	7.4 b	5.7 	8.5 	7.3 	8.8 	10.5 	9.1 	9.2 b	8.8 	8.3 	9.1 	6.4 
A,ED3_4,T,Y15-74,PC,TR31	15.6 b	16.1 	15.7 	17.1 	14.7 	18.2 	19.0 	15.8 b	14.8 	12.3 	12.7 	11.8 
A,ED3_4,T,Y15-74,PC,TR32	9.6 b	9.2 	9.1 	9.1 	9.8 	11.3 	11.2 	11.2 b	10.0 	10.9 	11.3 	10.1 
A,ED3_4,T,Y15-74,PC,TR33	6.3 b	5.8 	6.9 	9.1 	7.6 	11.4 	9.1 	9.1 b	10.7 	10.1 	8.1 	8.2 
A,ED3_4,T,Y15-74,PC,TR41	6.2 b	8.7 	10.3 	9.1 	8.9 	11.3 	11.1 	10.0 b	9.6 	9.3 	9.3 	9.8 
A,ED3_4,T,Y15-74,PC,TR42	11.0 b	9.4 	9.1 	10.2 	10.1 	13.7 	11.4 	10.0 b	11.0 	10.5 	9.9 	9.0 
A,ED3_4,T,Y15-74,PC,TR51	12.4 b	11.3 	12.0 	12.2 	10.4 	15.4 	16.0 	14.7 b	13.2 	13.2 	10.5 	10.3 
A,ED3_4,T,Y15-74,PC,TR52	7.0 b	9.7 	8.0 	7.8 	7.6 	11.1 	8.2 	10.0 b	8.9 	8.3 	9.4 	8.8 
A,ED3_4,T,Y15-74,PC,TR61	10.7 b	12.1 	13.6 	15.5 	13.1 	16.1 	14.6 	14.3 b	11.6 	7.8 	7.4 	8.1 
A,ED3_4,T,Y15-74,PC,TR62	14.2 b	13.0 	12.8 	12.2 	14.8 	14.9 	16.7 	14.9 b	14.2 	12.3 	10.2 	12.6 
A,ED3_4,T,Y15-74,PC,TR63	14.0 b	15.8 	16.2 	14.7 	15.5 	19.9 	16.9 	19.4 b	18.3 	18.7 	15.1 	11.5 
A,ED3_4,T,Y15-74,PC,TR71	8.3 b	12.3 	17.4 	13.6 	12.9 	17.4 	15.5 	15.5 b	10.6 	10.8 	10.3 	9.5 
A,ED3_4,T,Y15-74,PC,TR72	11.1 b	12.5 	12.2 	15.0 	14.0 	16.5 	13.7 	11.7 b	10.8 	10.7 	10.4 	7.3 
A,ED3_4,T,Y15-74,PC,TR81	11.0 b	8.4 	10.3 	10.4 	10.7 	14.7 	12.8 	13.5 b	12.9 	13.2 	11.5 	13.4 
A,ED3_4,T,Y15-74,PC,TR82	6.9 b	10.1 	9.8 	7.2 	8.0 	10.0 	7.5 	8.2 b	8.0 	6.5 	6.4 	6.6 
A,ED3_4,T,Y15-74,PC,TR83	9.8 b	7.8 	9.9 	10.0 	11.3 	13.0 	11.5 	10.0 b	10.0 	12.0 	9.3 	8.2 
A,ED3_4,T,Y15-74,PC,TR90	8.2 b	6.0 	6.7 	4.8 	7.3 	13.1 	11.3 	14.2 b	13.3 	12.1 	10.2 	8.4 
A,ED3_4,T,Y15-74,PC,TRA1	9.1 b	7.1 	5.3 	7.2 	9.0 	14.7 	12.9 	13.0 b	11.0 	10.0 	9.2 	10.1 
A,ED3_4,T,Y15-74,PC,TRA2	5.6 bu	5.7 	5.4 	7.1 	6.8 	10.3 	14.0 	17.8 b	15.0 	15.3 	14.1 	11.1 
A,ED3_4,T,Y15-74,PC,TRB1	9.5 b	9.0 	11.5 	8.2 	10.1 	10.3 	13.2 	14.0 b	9.6 	7.9 	7.2 	10.7 
A,ED3_4,T,Y15-74,PC,TRB2	19.4 b	12.5 	12.9 	16.6 	25.2 	30.5 	29.9 	25.9 b	26.6 	24.3 	19.3 	14.6 
A,ED3_4,T,Y15-74,PC,TRC1	9.9 b	9.2 	14.4 	14.5 	12.0 	14.5 	14.4 	11.8 b	13.1 	11.3 	11.8 	11.9 
A,ED3_4,T,Y15-74,PC,TRC2	18.6 b	18.6 	20.4 	19.7 	24.4 	26.3 	22.5 	18.7 b	14.2 	13.7 	11.9 	11.6 
A,ED3_4,T,Y15-74,PC,TRC3	20.4 b	22.0 	29.7 	26.2 	26.5 	30.2 	34.9 	31.5 b	22.5 	14.9 	14.5 	11.7 
A,ED3_4,T,Y15-74,PC,UKC1	10.5 b	9.6 	6.2 	4.8 	5.1 	5.2 	: 	: 	: 	: 	: 	: 
A,ED3_4,T,Y15-74,PC,UKC2	8.5 b	8.6 	7.7 	6.0 	6.9 	5.8 	: 	: 	: 	: 	: 	: 
A,ED3_4,T,Y15-74,PC,UKD1	6.4 bu	5.8 u	3.8 u	4.8 u	: u	: u	: 	: 	: 	: 	: 	: 
A,ED3_4,T,Y15-74,PC,UKD3	8.3 b	7.0 	6.6 	3.6 	4.9 	5.9 	: 	: 	: 	: 	: 	: 
A,ED3_4,T,Y15-74,PC,UKD4	6.9 b	5.1 	5.1 	4.4 	5.9 	3.3 	: 	: 	: 	: 	: 	: 
A,ED3_4,T,Y15-74,PC,UKD6	3.8 bu	4.8 u	2.8 u	2.8 u	3.0 u	4.0 u	: 	: 	: 	: 	: 	: 
A,ED3_4,T,Y15-74,PC,UKD7	8.5 b	6.8 	5.0 	6.1 	3.8 	4.7 	: 	: 	: 	: 	: 	: 
A,ED3_4,T,Y15-74,PC,UKE1	9.7 b	7.5 	5.1 	5.3 	5.2 	5.6 	: 	: 	: 	: 	: 	: 
A,ED3_4,T,Y15-74,PC,UKE2	4.5 bu	2.9 u	3.1 u	5.2 u	3.2 u	2.4 u	: 	: 	: 	: 	: 	: 
A,ED3_4,T,Y15-74,PC,UKE3	8.9 b	7.7 	8.5 	4.9 	5.6 	5.4 	: 	: 	: 	: 	: 	: 
A,ED3_4,T,Y15-74,PC,UKE4	6.8 b	6.6 	6.3 	4.7 	5.4 	4.1 	: 	: 	: 	: 	: 	: 
A,ED3_4,T,Y15-74,PC,UKF1	7.1 b	5.1 	4.9 	3.9 	4.9 	4.1 	: 	: 	: 	: 	: 	: 
A,ED3_4,T,Y15-74,PC,UKF2	4.7 b	4.7 	4.4 	4.2 	4.2 	4.8 	: 	: 	: 	: 	: 	: 
A,ED3_4,T,Y15-74,PC,UKF3	5.2 bu	4.5 u	4.5 u	4.7 u	4.9 u	3.0 u	: 	: 	: 	: 	: 	: 
A,ED3_4,T,Y15-74,PC,UKG1	4.1 b	2.7 u	4.3 	2.9 u	3.1 u	2.6 u	: 	: 	: 	: 	: 	: 
A,ED3_4,T,Y15-74,PC,UKG2	5.8 b	5.5 	4.6 	5.8 	4.5 	3.1 	: 	: 	: 	: 	: 	: 
A,ED3_4,T,Y15-74,PC,UKG3	8.9 b	7.4 	8.0 	7.7 	7.3 	5.9 	: 	: 	: 	: 	: 	: 
A,ED3_4,T,Y15-74,PC,UKH1	4.6 b	4.6 	3.8 	4.2 	3.7 	3.2 	: 	: 	: 	: 	: 	: 
A,ED3_4,T,Y15-74,PC,UKH2	4.8 b	3.9 	4.3 	3.6 	3.6 	3.0 	: 	: 	: 	: 	: 	: 
A,ED3_4,T,Y15-74,PC,UKH3	5.8 b	4.0 	4.1 	3.7 	3.6 	2.5 u	: 	: 	: 	: 	: 	: 
A,ED3_4,T,Y15-74,PC,UKI3	7.4 bu	7.5 u	8.3 u	10.0 	7.4 u	7.2 u	: 	: 	: 	: 	: 	: 
A,ED3_4,T,Y15-74,PC,UKI4	13.7 b	12.0 	11.7 	7.9 	6.9 	7.8 	: 	: 	: 	: 	: 	: 
A,ED3_4,T,Y15-74,PC,UKI5	8.4 b	8.3 	6.9 	8.4 	5.4 	4.2 	: 	: 	: 	: 	: 	: 
A,ED3_4,T,Y15-74,PC,UKI6	8.2 b	6.4 	6.4 	6.0 	7.8 	5.8 	: 	: 	: 	: 	: 	: 
A,ED3_4,T,Y15-74,PC,UKI7	8.1 b	8.4 	6.7 	5.7 	7.3 	6.1 	: 	: 	: 	: 	: 	: 
A,ED3_4,T,Y15-74,PC,UKJ1	5.4 b	4.0 	2.9 	2.6 	3.3 	3.1 	: 	: 	: 	: 	: 	: 
A,ED3_4,T,Y15-74,PC,UKJ2	5.9 b	4.8 	3.5 	4.1 	4.1 	3.1 	: 	: 	: 	: 	: 	: 
A,ED3_4,T,Y15-74,PC,UKJ3	5.0 b	4.5 	3.8 	3.5 	2.9 	3.1 	: 	: 	: 	: 	: 	: 
A,ED3_4,T,Y15-74,PC,UKJ4	6.0 b	6.2 	4.8 	3.8 	4.9 	4.1 	: 	: 	: 	: 	: 	: 
A,ED3_4,T,Y15-74,PC,UKK1	5.9 b	4.1 	3.9 	4.7 	3.5 	2.7 	: 	: 	: 	: 	: 	: 
A,ED3_4,T,Y15-74,PC,UKK2	5.4 b	4.1 	5.4 	3.2 u	2.8 u	2.2 u	: 	: 	: 	: 	: 	: 
A,ED3_4,T,Y15-74,PC,UKK3	4.6 bu	5.5 u	4.2 u	3.5 u	3.8 u	: u	: 	: 	: 	: 	: 	: 
A,ED3_4,T,Y15-74,PC,UKK4	6.5 b	4.1 	3.9 u	4.7 	3.3 u	3.2 u	: 	: 	: 	: 	: 	: 
A,ED3_4,T,Y15-74,PC,UKL1	5.8 b	7.2 	4.8 	5.2 	5.2 	4.1 	: 	: 	: 	: 	: 	: 
A,ED3_4,T,Y15-74,PC,UKL2	7.2 b	5.3 	4.7 u	4.6 	3.1 u	4.6 	: 	: 	: 	: 	: 	: 
A,ED3_4,T,Y15-74,PC,UKM5	4.5 bu	: u	: u	: u	5.0 u	: u	: 	: 	: 	: 	: 	: 
A,ED3_4,T,Y15-74,PC,UKM6	6.6 bu	: u	: u	: u	: u	: u	: 	: 	: 	: 	: 	: 
A,ED3_4,T,Y15-74,PC,UKM7	6.2 b	6.8 	4.9 	4.7 	3.8 	2.8 u	: 	: 	: 	: 	: 	: 
A,ED3_4,T,Y15-74,PC,UKM8	11.6 b	8.5 	7.0 	5.0 	5.3 	4.2 	: 	: 	: 	: 	: 	: 
A,ED3_4,T,Y15-74,PC,UKM9	4.9 b	7.3 	5.7 	4.7 u	3.7 u	3.0 u	: 	: 	: 	: 	: 	: 
A,ED3_4,T,Y15-74,PC,UKN0	8.1 b	6.8 	7.0 	5.0 	4.1 	3.5 	: 	: 	: 	: 	: 	: 
A,ED5-8,F,Y15-74,PC,AT11	: bu	: u	: u	: u	: u	: u	: u	: bu	: u	: u	: u	: u
A,ED5-8,F,Y15-74,PC,AT12	3.6 bu	3.1 u	2.9 u	2.7 u	2.3 u	2.9 u	2.6 u	2.6 bu	: u	2.9 u	3.1 u	2.8 u
A,ED5-8,F,Y15-74,PC,AT13	6.3 b	5.7 	4.7 	4.7 	5.4 	5.7 	5.7 	5.7 b	5.2 	6.0 	5.5 	7.0 
A,ED5-8,F,Y15-74,PC,AT21	: bu	: u	: u	: u	: u	: u	: u	: bu	: u	: u	: u	: u
A,ED5-8,F,Y15-74,PC,AT22	4.0 bu	3.7 u	: u	: u	3.5 u	: u	4.1 u	3.8 bu	: u	3.4 u	3.0 u	2.8 u
A,ED5-8,F,Y15-74,PC,AT31	: bu	: u	: u	: u	: u	: u	3.6 u	3.8 bu	: u	: u	2.9 u	2.6 u
A,ED5-8,F,Y15-74,PC,AT32	: bu	: u	: u	: u	: u	: u	: u	: bu	: u	: u	: u	: u
A,ED5-8,F,Y15-74,PC,AT33	: bu	: u	: u	: u	: u	: u	: u	: bu	: u	: u	: u	: u
A,ED5-8,F,Y15-74,PC,AT34	: bu	: u	: u	: u	: u	: u	: u	: bu	: u	: u	: u	: u
A,ED5-8,F,Y15-74,PC,BE10	9.6 b	8.7 	9.0 	9.1 b	7.6 	8.5 	7.3 	7.3 b	6.9 	7.3 	8.2 	8.3 
A,ED5-8,F,Y15-74,PC,BE21	4.0 b	3.0 	3.3 	6.1 b	2.3 u	2.2 u	3.1 	2.6 b	1.9 u	1.6 u	2.2 	1.5 u
A,ED5-8,F,Y15-74,PC,BE22	3.1 bu	: u	3.1 u	2.5 bu	: u	2.3 u	2.4 u	: bu	2.8 u	: u	2.8 u	3.6 u
A,ED5-8,F,Y15-74,PC,BE23	1.8 bu	2.7 u	3.2 	2.5 bu	2.3 u	2.0 u	1.9 u	1.4 bu	: u	1.5 u	1.4 u	2.0 u
A,ED5-8,F,Y15-74,PC,BE24	3.3 bu	3.8 u	3.0 u	5.4 b	2.1 u	2.1 u	2.6 u	1.9 bu	: u	1.6 u	2.1 u	3.5 
A,ED5-8,F,Y15-74,PC,BE25	3.2 bu	: u	2.5 u	2.4 bu	2.2 u	1.7 u	2.3 u	2.1 bu	: u	: u	: u	: u
A,ED5-8,F,Y15-74,PC,BE31	5.7 bu	4.8 u	6.9 u	5.2 bu	4.8 u	: u	4.1 u	5.1 bu	4.0 u	3.9 u	5.4 u	4.8 u
A,ED5-8,F,Y15-74,PC,BE32	7.2 b	5.0 	4.8 u	4.8 b	3.4 u	2.3 u	3.1 u	5.5 b	4.0 u	4.4 	2.6 u	4.3 
A,ED5-8,F,Y15-74,PC,BE33	6.1 b	7.4 	5.2 u	4.0 bu	2.9 u	3.3 u	3.7 u	5.1 b	4.4 	2.8 u	2.9 u	5.5 
A,ED5-8,F,Y15-74,PC,BE34	: bu	: u	: u	: bu	: u	: u	: u	: bu	: u	: u	: u	: u
A,ED5-8,F,Y15-74,PC,BE35	5.1 bu	6.2 u	4.7 u	: bu	6.2 u	: u	: u	3.8 bu	4.5 u	4.8 u	: u	: u
A,ED5-8,F,Y15-74,PC,BG31	: bu	: u	: u	: u	: u	: bu	: u	: bu	: u	: u	: bu	: u
A,ED5-8,F,Y15-74,PC,BG32	: bu	7.6 u	5.6 u	: u	: u	: bu	: u	: bu	: u	: u	: bu	: u
A,ED5-8,F,Y15-74,PC,BG33	4.7 bu	5.1 u	4.6 u	5.0 u	: u	: bu	: u	: bu	: u	: u	: bu	: u
A,ED5-8,F,Y15-74,PC,BG34	7.8 bu	: u	: u	: u	: u	: bu	: u	: bu	: u	: u	: bu	: u
A,ED5-8,F,Y15-74,PC,BG41	3.9 b	2.8 u	2.5 u	2.1 u	1.5 u	1.4 bu	1.8 u	: bu	: u	1.7 u	: bu	1.2 u
A,ED5-8,F,Y15-74,PC,BG42	5.5 bu	4.5 u	: u	: u	: u	: bu	: u	: bu	: u	: u	: bu	: u
A,ED5-8,F,Y15-74,PC,CH01	5.7 b	5.7 	6.4 	7.2 	6.7 	7.2 	6.4 	5.7 b	6.2 	5.8 	6.9 	6.4 
A,ED5-8,F,Y15-74,PC,CH02	3.0 bu	2.2 u	2.3 u	4.2 	3.5 	2.6 u	3.6 	3.0 b	2.2 u	3.2 	3.5 	2.8 
A,ED5-8,F,Y15-74,PC,CH03	2.4 bu	2.7 u	3.0 u	3.9 u	3.9 u	3.1 u	4.0 	3.1 bu	2.9 u	3.4 u	3.4 u	3.8 
A,ED5-8,F,Y15-74,PC,CH04	3.0 bu	3.7 	2.9 	4.3 	3.4 	4.1 	4.1 	3.7 b	2.9 	2.9 	4.2 	3.6 
A,ED5-8,F,Y15-74,PC,CH05	2.9 bu	3.3 u	3.4 u	2.7 u	2.6 u	2.4 u	3.1 u	3.8 bu	3.5 u	2.8 u	2.5 u	2.7 u
A,ED5-8,F,Y15-74,PC,CH06	3.5 bu	4.1 u	2.5 u	3.7 u	4.5 u	2.8 u	2.4 u	3.3 bu	1.9 u	3.5 u	2.5 u	3.4 u
A,ED5-8,F,Y15-74,PC,CH07	7.3 bu	6.6 u	7.6 u	6.4 u	6.2 u	6.0 u	5.2 u	6.8 bu	4.9 u	6.0 u	5.8 u	5.2 u
A,ED5-8,F,Y15-74,PC,CY00	14.1 b	13.7 	11.5 	10.7 	8.0 	7.0 	6.4 	6.4 b	6.1 	5.5 	4.5 	4.4 
A,ED5-8,F,Y15-74,PC,CZ01	1.5 bu	2.1 u	1.4 u	1.1 u	1.2 u	1.3 u	2.2 	1.5 bu	1.0 u	1.5 u	1.5 u	: u
A,ED5-8,F,Y15-74,PC,CZ02	3.5 bu	2.0 u	1.2 u	: u	1.0 u	0.9 u	1.4 u	1.6 bu	: u	1.6 u	0.9 u	: u
A,ED5-8,F,Y15-74,PC,CZ03	4.9 bu	2.7 u	2.0 u	1.0 u	: u	: u	1.7 u	1.1 bu	0.9 u	1.5 u	1.7 u	: u
A,ED5-8,F,Y15-74,PC,CZ04	4.5 bu	: u	1.8 u	1.1 u	1.8 u	1.6 u	1.7 u	: bu	1.1 u	2.9 u	1.3 u	: u
A,ED5-8,F,Y15-74,PC,CZ05	3.4 bu	2.8 u	2.8 u	2.1 u	1.1 u	1.3 u	1.3 u	1.6 bu	1.2 u	1.4 u	1.7 u	: u
A,ED5-8,F,Y15-74,PC,CZ06	3.5 b	4.3 	3.4 	2.7 u	2.1 u	1.3 u	1.8 u	1.8 bu	1.0 u	1.3 u	1.4 u	2.3 u
A,ED5-8,F,Y15-74,PC,CZ07	3.9 bu	3.3 u	3.0 u	3.0 u	1.2 u	: u	1.5 u	1.0 bu	0.9 u	1.8 u	2.2 u	: u
A,ED5-8,F,Y15-74,PC,CZ08	4.1 bu	2.8 u	3.5 u	3.0 u	2.8 u	1.4 u	: u	1.3 bu	1.5 u	2.2 u	2.1 u	: u
A,ED5-8,F,Y15-74,PC,DE11	2.4 b	2.1 	2.1 	2.7 	: u	1.8 	: bu	: bu	: u	: u	: u	: u
A,ED5-8,F,Y15-74,PC,DE12	: bu	: u	2.8 	: u	: u	: u	: bu	: bu	: u	: u	: u	: u
A,ED5-8,F,Y15-74,PC,DE13	: bu	: u	: u	: u	: u	: u	: bu	: bu	: u	: u	: u	: u
A,ED5-8,F,Y15-74,PC,DE14	: bu	: u	: u	: u	: u	: u	: bu	: bu	: u	: u	: u	: u
A,ED5-8,F,Y15-74,PC,DE21	1.9 b	1.8 	2.0 	1.6 	1.8 	1.5 	: bu	2.8 bu	: u	: u	3.0 u	3.4 u
A,ED5-8,F,Y15-74,PC,DE22	: bu	: u	: u	: u	: u	: u	: bu	: bu	: u	: u	: u	: u
A,ED5-8,F,Y15-74,PC,DE23	: bu	: u	: u	: u	: u	: u	: bu	: bu	: u	: u	: u	: u
A,ED5-8,F,Y15-74,PC,DE24	: bu	: u	: u	: u	: u	: u	: bu	: bu	: u	: u	: u	: u
A,ED5-8,F,Y15-74,PC,DE25	: bu	: u	: u	: u	: u	: u	: bu	: bu	: u	: u	: u	: u
A,ED5-8,F,Y15-74,PC,DE26	: bu	: u	: u	: u	: u	: u	: bu	: bu	: u	: u	: u	: u
A,ED5-8,F,Y15-74,PC,DE27	: bu	: u	: u	: u	: u	: u	: bu	: bu	: u	: u	: u	: u
A,ED5-8,F,Y15-74,PC,DE30	4.4 b	4.8 	3.4 	3.8 	3.4 	3.1 	: bu	4.7 bu	3.4 u	4.4 u	4.7 u	5.5 
A,ED5-8,F,Y15-74,PC,DE40	2.9 b	: u	: u	: u	: u	: u	: bu	: bu	: u	: u	: u	: u
A,ED5-8,F,Y15-74,PC,DE50	: bu	: u	: u	: u	: u	: u	: bu	: bu	: u	: u	: u	: u
A,ED5-8,F,Y15-74,PC,DE60	3.9 b	: u	: u	: u	: u	: u	: bu	: bu	: u	: u	: u	: u
A,ED5-8,F,Y15-74,PC,DE71	3.0 b	3.0 	2.5 	: u	1.8 	2.0 	: bu	: bu	: u	: u	: u	: u
A,ED5-8,F,Y15-74,PC,DE72	: bu	: u	: u	: u	: u	: u	: bu	: bu	: u	: u	: u	: u
A,ED5-8,F,Y15-74,PC,DE73	: bu	: u	: u	: u	: u	: u	: bu	: bu	: u	: u	: u	: u
A,ED5-8,F,Y15-74,PC,DE80	: bu	: u	: u	: u	: u	: u	: bu	: bu	: u	: u	: u	: u
A,ED5-8,F,Y15-74,PC,DE91	: bu	: u	: u	: u	: u	: u	: bu	: bu	: u	: u	: u	: u
A,ED5-8,F,Y15-74,PC,DE92	: bu	: u	: u	: u	: u	: u	: bu	: bu	: u	: u	: u	: u
A,ED5-8,F,Y15-74,PC,DE93	: bu	: u	: u	: u	: u	: u	: bu	: bu	: u	: u	: u	: u
A,ED5-8,F,Y15-74,PC,DE94	: bu	: u	: u	: u	: u	: u	: bu	: bu	: u	: u	: u	: u
A,ED5-8,F,Y15-74,PC,DEA1	3.5 b	2.6 	1.9 	: u	1.7 	2.1 	: bu	: bu	: u	: u	: u	: u
A,ED5-8,F,Y15-74,PC,DEA2	3.0 b	2.1 	2.4 	1.9 	1.9 	2.0 	: bu	: bu	: u	: u	3.3 u	3.2 u
A,ED5-8,F,Y15-74,PC,DEA3	: bu	: u	: u	: u	: u	: u	: bu	: bu	: u	: u	: u	: u
A,ED5-8,F,Y15-74,PC,DEA4	: bu	: u	: u	: u	: u	: u	: bu	: bu	: u	: u	: u	: u
A,ED5-8,F,Y15-74,PC,DEA5	: bu	: u	: u	: u	: u	: u	: bu	: bu	: u	: u	: u	: u
A,ED5-8,F,Y15-74,PC,DEB1	: bu	: u	: u	: u	: u	: u	: bu	: bu	: u	: u	: u	: u
A,ED5-8,F,Y15-74,PC,DEB2	: bu	: u	: u	: u	: u	: u	: bu	: bu	: u	: u	: u	: u
A,ED5-8,F,Y15-74,PC,DEB3	: bu	: u	: u	: u	: u	: u	: bu	: bu	: u	: u	: u	: u
A,ED5-8,F,Y15-74,PC,DEC0	: bu	: u	: u	: u	: u	: u	: bu	: bu	: u	: u	: u	: u
A,ED5-8,F,Y15-74,PC,DED2	: bu	: u	: u	: u	: u	: u	: bu	: bu	: u	: u	: u	: u
A,ED5-8,F,Y15-74,PC,DED4	: bu	: u	: u	: u	: u	: u	: bu	: bu	: u	: u	: u	: u
A,ED5-8,F,Y15-74,PC,DED5	: bu	: u	: u	: u	: u	: u	: bu	: bu	: u	: u	: u	: u
A,ED5-8,F,Y15-74,PC,DEE0	: bu	: u	: u	: u	: u	: u	: bu	: bu	: u	: u	: u	: u
A,ED5-8,F,Y15-74,PC,DEF0	: bu	: u	: u	: u	: u	: u	: bu	: bu	: u	: u	: u	: u
A,ED5-8,F,Y15-74,PC,DEG0	: bu	: u	: u	: u	: u	: u	: bu	: bu	: u	: u	: u	: u
A,ED5-8,F,Y15-74,PC,DK01	6.0 b	5.7 	5.3 b	5.1 b	4.9 	4.3 	4.8 	4.2 b	4.1 	4.1 b	4.8 	4.9 
A,ED5-8,F,Y15-74,PC,DK02	4.7 bu	4.2 u	3.6 bu	3.3 bu	4.4 u	4.7 u	3.4 u	3.5 bu	: u	3.0 bu	4.3 u	4.4 u
A,ED5-8,F,Y15-74,PC,DK03	3.1 bu	4.0 u	4.6 b	5.2 b	4.8 	3.7 	4.1 	2.6 bu	2.8 u	4.1 b	4.4 	5.1 
A,ED5-8,F,Y15-74,PC,DK04	5.0 b	5.2 	4.2 b	4.8 b	4.2 	4.1 	6.0 	4.6 b	3.4 	3.5 b	5.7 	5.9 
A,ED5-8,F,Y15-74,PC,DK05	4.8 bu	4.3 u	6.1 bu	: bu	5.1 u	5.4 u	6.0 u	: bu	4.6 u	4.1 bu	6.5 u	4.0 u
A,ED5-8,F,Y15-74,PC,EE00	4.7 b	4.3 	3.8 	3.0 	3.3 	2.9 	4.8 	3.2 b	3.3 	3.9 	5.3 	4.8 
A,ED5-8,F,Y15-74,PC,EL30	19.7 b	20.8 	18.8 	18.2 	16.6 	12.6 	11.1 	9.6 b	7.5 	6.9 	5.2 	6.0 
A,ED5-8,F,Y15-74,PC,EL41	24.3 bu	24.9 u	23.9 u	26.1 u	29.7 	21.1 u	17.1 u	12.2 bu	: u	: u	: u	: u
A,ED5-8,F,Y15-74,PC,EL42	13.0 bu	7.3 u	15.1 u	9.8 u	: u	15.8 u	20.9 	18.3 bu	13.7 u	: u	: u	: u
A,ED5-8,F,Y15-74,PC,EL43	21.4 b	23.6 	22.4 	18.1 	14.8 	10.5 	16.2 	15.9 b	14.7 	10.0 	11.3 	4.9 u
A,ED5-8,F,Y15-74,PC,EL51	22.5 b	22.4 	23.5 	22.1 	19.4 	19.6 	23.1 	23.0 b	13.4 	9.0 u	12.8 	11.6 
A,ED5-8,F,Y15-74,PC,EL52	26.1 b	23.7 	23.1 	21.3 	20.5 	19.3 	16.5 	15.2 b	13.1 	16.3 	13.1 	11.3 
A,ED5-8,F,Y15-74,PC,EL53	30.0 b	33.0 	33.2 	35.7 	32.9 	36.4 	23.1 	20.0 b	24.9 	24.9 	16.3 u	10.7 u
A,ED5-8,F,Y15-74,PC,EL54	24.0 b	23.2 	26.3 	26.0 	16.4 	14.4 	15.0 	13.8 bu	7.8 u	12.0 	11.2 u	8.8 u
A,ED5-8,F,Y15-74,PC,EL61	34.0 b	30.4 	26.3 	20.7 	18.5 	17.7 	16.4 	19.3 b	19.8 	11.5 	9.4 	7.0 u
A,ED5-8,F,Y15-74,PC,EL62	23.0 bu	16.9 u	15.4 u	18.5 u	16.5 u	: u	: u	: bu	: u	: u	: u	: u
A,ED5-8,F,Y15-74,PC,EL63	27.7 b	28.0 	33.2 	29.3 	26.6 	24.6 	24.9 	19.2 b	10.0 	9.8 	9.5 u	8.2 u
A,ED5-8,F,Y15-74,PC,EL64	28.4 b	33.6 	35.9 	24.9 	22.0 	22.1 	23.5 	20.9 b	11.0 u	8.1 u	8.4 u	7.1 u
A,ED5-8,F,Y15-74,PC,EL65	26.8 b	27.7 	21.3 	17.6 	15.0 	12.1 	11.4 	13.4 b	11.1 	12.6 	9.2 u	7.6 u
A,ED5-8,F,Y15-74,PC,ES11	16.8 b	15.9 	13.1 	12.2 	10.1 	8.4 	10.2 	9.7 bd	9.0 d	7.8 d	7.5 d	6.6 d
A,ED5-8,F,Y15-74,PC,ES12	18.7 b	16.8 	14.2 	10.6 	9.5 	10.0 	11.3 	10.1 bd	10.0 d	9.0 d	7.2 d	7.0 d
A,ED5-8,F,Y15-74,PC,ES13	13.4 b	13.9 	11.9 	9.7 	8.3 	7.5 u	9.4 	8.6 bd	7.4 d	7.9 d	6.9 d	4.4 du
A,ED5-8,F,Y15-74,PC,ES21	11.6 b	10.5 	9.3 	8.2 	6.0 	6.2 	7.8 	6.9 bd	5.4 d	5.6 d	5.7 d	4.9 d
A,ED5-8,F,Y15-74,PC,ES22	10.1 b	10.9 	8.2 	8.1 	6.7 	5.7 u	6.7 	5.8 bd	5.7 du	6.9 d	5.1 du	6.1 d
A,ED5-8,F,Y15-74,PC,ES23	12.8 bu	10.6 u	10.9 u	10.6 u	8.5 u	6.3 u	8.1 u	9.0 bdu	5.5 du	6.4 du	5.4 du	6.1 du
A,ED5-8,F,Y15-74,PC,ES24	16.0 b	12.9 	10.6 	8.3 	6.3 	7.2 	9.2 	7.6 bd	6.6 d	7.3 d	5.7 d	5.5 d
A,ED5-8,F,Y15-74,PC,ES30	13.0 b	11.7 	10.9 	9.0 	8.3 	7.9 	9.6 	8.6 bd	8.9 d	7.6 d	6.6 d	5.7 d
A,ED5-8,F,Y15-74,PC,ES41	17.1 b	14.9 	11.5 	10.8 	9.9 	10.3 	9.4 	8.5 bd	6.9 d	8.5 d	7.2 d	6.8 d
A,ED5-8,F,Y15-74,PC,ES42	21.9 b	19.2 	16.6 	15.8 	15.0 	13.2 	14.4 	11.6 bd	10.5 d	8.7 d	9.2 d	9.4 d
A,ED5-8,F,Y15-74,PC,ES43	20.2 b	20.9 	20.2 	17.5 	18.1 	15.7 	15.6 	16.4 bd	13.1 d	13.9 d	10.8 d	10.9 d
A,ED5-8,F,Y15-74,PC,ES51	11.9 b	11.4 	10.1 	8.0 	6.6 	6.5 	7.9 	7.4 bd	5.4 d	6.0 d	5.4 d	5.6 d
A,ED5-8,F,Y15-74,PC,ES52	17.7 b	15.3 	14.6 	13.5 	11.1 	11.8 	13.0 	9.9 bd	8.6 d	8.1 d	8.3 d	7.6 d
A,ED5-8,F,Y15-74,PC,ES53	14.1 b	9.6 	7.9 	6.8 	6.0 	7.6 	10.3 	10.4 bd	7.7 d	7.9 d	6.3 d	5.8 d
A,ED5-8,F,Y15-74,PC,ES61	23.7 b	22.7 	20.1 	17.7 	16.7 	15.0 	17.0 	16.9 bd	14.1 d	13.4 d	11.9 d	11.1 d
A,ED5-8,F,Y15-74,PC,ES62	18.2 b	15.2 	12.6 	11.9 	11.9 	10.3 	13.9 	11.2 bd	9.4 d	7.9 d	8.7 d	8.2 d
A,ED5-8,F,Y15-74,PC,ES63	: bu	: u	: u	: u	20.6 u	: u	: u	18.2 bdu	21.2 du	: u	18.4 du	: u
A,ED5-8,F,Y15-74,PC,ES64	: bu	19.8 u	26.9 u	22.3 u	: u	: u	: u	: bu	13.5 du	: u	: u	17.8 du
A,ED5-8,F,Y15-74,PC,ES70	23.6 b	23.2 	19.7 	17.7 	14.3 	15.6 	19.0 	17.2 bd	11.4 d	12.0 d	11.3 d	9.1 d
A,ED5-8,F,Y15-74,PC,FI19	4.6 b	6.5 	7.3 	5.9 	4.3 	3.3 	4.5 	3.9 b	3.0 	3.6 u	4.2 u	4.8 
A,ED5-8,F,Y15-74,PC,FI1B	4.0 b	5.1 	4.6 	5.0 	4.1 	3.8 	4.1 	4.5 b	3.7 	3.8 	5.3 	5.5 
A,ED5-8,F,Y15-74,PC,FI1C	5.4 b	6.0 	5.6 	5.0 	3.8 	4.0 	5.1 	4.5 b	4.8 	3.5 u	3.5 u	4.8 u
A,ED5-8,F,Y15-74,PC,FI1D	4.9 b	5.5 	5.9 	5.3 	4.8 	3.7 	4.7 	4.3 b	3.2 	3.7 u	3.1 u	4.2 u
A,ED5-8,F,Y15-74,PC,FI20	: bu	: u	: u	: u	: u	: u	: u	: bu	: u	: u	: u	: u
A,ED5-8,F,Y15-74,PC,FR10	6.9 	5.9 	5.8 	5.3 	5.7 	5.0 	6.4 	5.7 bd	5.8 d	5.6 d	6.1 d	7.0 d
A,ED5-8,F,Y15-74,PC,FRB0	6.2 	4.9 u	4.9 u	4.8 u	5.1 	5.0 	4.3 u	4.6 bdu	2.5 du	4.2 d	4.0 d	5.5 d
A,ED5-8,F,Y15-74,PC,FRC1	4.0 u	5.3 u	6.1 u	6.4 u	4.8 u	4.7 u	: u	5.1 bdu	4.1 du	4.4 du	: u	3.3 du
A,ED5-8,F,Y15-74,PC,FRC2	5.5 u	4.6 u	5.1 u	4.1 u	: u	6.8 u	: u	5.5 bdu	: u	: u	: u	4.5 du
A,ED5-8,F,Y15-74,PC,FRD1	4.6 u	5.3 u	5.9 u	6.0 u	: u	: u	: u	5.5 bdu	: u	: u	4.5 du	5.2 du
A,ED5-8,F,Y15-74,PC,FRD2	6.5 u	5.5 u	4.8 u	5.2 u	5.5 u	: u	3.8 u	4.2 bdu	3.0 du	4.3 du	4.2 du	3.7 du
A,ED5-8,F,Y15-74,PC,FRE1	6.4 	8.2 	7.0 	4.3 	5.2 	3.9 	2.9 u	3.9 bd	4.0 d	7.1 d	5.8 d	4.8 d
A,ED5-8,F,Y15-74,PC,FRE2	6.1 u	6.1 u	6.0 u	6.4 u	3.7 u	5.7 u	: u	4.4 bdu	5.9 du	4.9 du	4.2 du	3.7 du
A,ED5-8,F,Y15-74,PC,FRF1	5.6 u	4.0 u	7.3 	5.6 u	5.1 u	4.0 u	5.3 	4.5 bdu	3.7 du	5.0 d	4.0 du	3.5 du
A,ED5-8,F,Y15-74,PC,FRF2	7.2 u	5.8 u	7.0 u	5.0 u	: u	: u	: u	5.2 bdu	6.8 du	5.8 du	: u	4.5 du
A,ED5-8,F,Y15-74,PC,FRF3	5.9 	7.7 	5.9 	6.3 	4.7 u	3.1 u	5.2 u	3.9 bdu	4.8 du	4.9 du	6.0 d	5.0 d
A,ED5-8,F,Y15-74,PC,FRG0	5.3 	5.9 	5.2 	4.6 	5.3 	5.4 	5.4 	4.6 bd	3.5 d	4.0 d	3.5 d	4.5 d
A,ED5-8,F,Y15-74,PC,FRH0	6.1 	5.2 	7.0 	5.8 	3.5 	4.5 	5.4 	4.1 bd	4.3 d	3.8 d	4.6 d	4.2 d
A,ED5-8,F,Y15-74,PC,FRI1	5.2 	7.7 	7.5 	7.0 	6.8 	6.8 	5.0 	5.9 bd	5.4 d	4.2 d	4.5 d	5.8 d
A,ED5-8,F,Y15-74,PC,FRI2	6.9 u	5.8 u	3.3 u	4.2 u	: u	: u	: u	: bu	: u	: u	: u	: u
A,ED5-8,F,Y15-74,PC,FRI3	6.0 u	4.2 u	4.1 u	5.9 u	6.4 u	: u	5.1 u	4.5 bdu	3.7 du	4.1 du	: u	3.6 du
A,ED5-8,F,Y15-74,PC,FRJ1	6.7 	7.7 	6.4 	6.5 	5.1 	5.4 	5.7 	7.2 bd	5.3 d	5.5 d	6.9 d	6.5 d
A,ED5-8,F,Y15-74,PC,FRJ2	6.6 	5.3 	5.5 	5.6 	8.0 	5.5 	3.8 	3.9 bd	4.4 d	4.5 d	4.8 d	3.9 d
A,ED5-8,F,Y15-74,PC,FRK1	5.8 u	6.2 u	5.8 u	6.1 u	: u	: u	: u	5.2 bdu	: u	: u	: u	: u
A,ED5-8,F,Y15-74,PC,FRK2	5.6 	5.2 	4.6 	4.4 	4.7 	5.1 	5.1 	5.1 bd	4.7 d	4.8 d	4.3 d	5.0 d
A,ED5-8,F,Y15-74,PC,FRL0	6.6 	7.5 	6.2 	6.0 	5.5 	5.3 	5.4 	5.8 bd	4.4 d	4.7 d	5.1 d	5.7 d
A,ED5-8,F,Y15-74,PC,FRM0	6.2 u	3.5 u	3.7 u	: u	: u	: u	: u	: bu	: u	: u	: u	: u
A,ED5-8,F,Y15-74,PC,FRY1	: u	13.7 u	: u	: u	: u	: u	10.8 u	: bu	: u	: u	: u	: u
A,ED5-8,F,Y15-74,PC,FRY2	11.7 u	: u	: u	9.8 u	10.1 u	9.2 u	: u	7.4 bdu	: u	: u	: u	7.3 du
A,ED5-8,F,Y15-74,PC,FRY3	: u	: u	: u	: u	: u	: u	: u	: bu	: u	: u	: u	: u
A,ED5-8,F,Y15-74,PC,FRY4	11.8 	9.1 u	9.0 u	9.8 	8.4 u	7.8 u	8.3 u	8.8 bd	4.9 du	7.2 du	7.5 du	5.9 du
A,ED5-8,F,Y15-74,PC,FRY5	: u	: u	: u	: u	: u	: u	: u	: 	: 	: 	: 	: 
A,ED5-8,F,Y15-74,PC,HR02	: 	: 	12.1 u	11.9 u	9.6 u	7.5 u	8.8 u	6.4 bu	10.0 u	7.7 u	4.7 u	4.4 u
A,ED5-8,F,Y15-74,PC,HR03	12.4 b	11.2 	11.5 u	7.7 u	9.3 u	8.6 u	7.9 u	7.6 bu	5.4 u	4.5 u	4.4 u	2.9 u
A,ED5-8,F,Y15-74,PC,HR04	9.2 b	8.3 	: 	: 	: 	: 	: 	: 	: 	: 	: 	: 
A,ED5-8,F,Y15-74,PC,HR05	: 	: 	4.3 u	3.9 u	2.2 u	3.3 u	2.6 u	2.9 bu	4.2 u	2.7 u	1.5 u	1.4 u
A,ED5-8,F,Y15-74,PC,HR06	: 	: 	5.2 u	6.2 u	6.5 u	3.3 u	3.9 u	2.6 bu	2.8 u	4.4 u	2.5 u	2.3 u
A,ED5-8,F,Y15-74,PC,HU11	3.8 b	3.2 	1.7 u	2.0 u	1.9 bu	1.9 u	2.5 	2.2 b	1.3 u	1.4 u	1.1 u	1.6 u
A,ED5-8,F,Y15-74,PC,HU12	3.7 bu	: u	: u	: u	: bu	: u	: u	2.3 bu	: u	2.1 u	1.9 u	: u
A,ED5-8,F,Y15-74,PC,HU21	: bu	: u	: u	: u	: bu	: u	: u	: bu	: u	: u	: u	: u
A,ED5-8,F,Y15-74,PC,HU22	: bu	: u	: u	: u	: bu	: u	: u	: bu	: u	: u	: u	: u
A,ED5-8,F,Y15-74,PC,HU23	: bu	: u	: u	: u	: bu	: u	: u	: bu	: u	: u	: u	: u
A,ED5-8,F,Y15-74,PC,HU31	4.9 bu	: u	: u	: u	: bu	: u	: u	: bu	: u	: u	4.0 u	: u
A,ED5-8,F,Y15-74,PC,HU32	4.0 bu	: u	: u	: u	: bu	: u	: u	: bu	: u	: u	: u	: u
A,ED5-8,F,Y15-74,PC,HU33	: bu	: u	: u	: u	: bu	: u	: u	: bu	: u	: u	: u	: u
A,ED5-8,F,Y15-74,PC,IE04	8.0 b	6.9 	6.2 	3.7 b	3.8 	: u	: u	: bu	: u	: u	: u	: u
A,ED5-8,F,Y15-74,PC,IE05	7.5 b	6.2 	5.7 	4.7 b	4.2 	3.1 u	3.8 u	4.2 bu	2.6 u	2.6 u	3.2 u	3.0 u
A,ED5-8,F,Y15-74,PC,IE06	6.6 b	5.4 	4.2 	4.0 b	3.7 	3.3 	4.8 	4.5 b	3.5 	3.1 	3.2 	3.6 
A,ED5-8,F,Y15-74,PC,IS00	4.5 b	3.2 	1.9 	1.5 	1.7 	2.3 	3.4 b	4.2 b	2.5 	1.4 	1.8 	: 
A,ED5-8,F,Y15-74,PC,ITC1	7.7 b	6.7 	5.4 	5.2 	4.5 b	4.9 	5.0 	3.5 b	4.1 	2.6 	2.9 	3.3 
A,ED5-8,F,Y15-74,PC,ITC2	: bu	: u	: u	: u	: bu	: u	: u	: bu	: u	: u	: u	: u
A,ED5-8,F,Y15-74,PC,ITC3	7.5 b	5.8 	8.0 	8.6 	6.4 b	5.3 	4.4 	4.6 b	4.2 	3.1 u	4.2 	2.2 u
A,ED5-8,F,Y15-74,PC,ITC4	5.7 b	5.3 	4.6 	3.9 	4.0 b	3.7 	3.5 	3.6 b	3.2 	2.5 	2.8 	2.1 
A,ED5-8,F,Y15-74,PC,ITF1	13.9 b	15.9 	16.2 	12.5 	12.4 b	11.3 	11.5 	9.9 b	7.1 	4.7 	3.4 u	3.8 u
A,ED5-8,F,Y15-74,PC,ITF2	18.4 bu	: u	: u	: u	10.5 bu	: u	: u	: bu	: u	: u	: u	: u
A,ED5-8,F,Y15-74,PC,ITF3	13.7 b	12.3 	11.4 	12.7 	11.3 b	12.1 	11.7 	9.8 b	8.6 	8.3 	6.5 	5.0 
A,ED5-8,F,Y15-74,PC,ITF4	17.4 b	15.8 	14.8 	12.8 	12.5 b	9.2 	9.3 	9.0 b	8.9 	6.6 	5.7 	5.7 
A,ED5-8,F,Y15-74,PC,ITF5	16.6 b	14.6 	12.1 	11.9 	12.6 b	14.5 	10.5 u	7.3 bu	6.6 u	: u	5.7 u	: u
A,ED5-8,F,Y15-74,PC,ITF6	21.8 b	19.5 	20.7 	14.2 	20.9 b	14.4 	15.3 	13.1 b	9.2 	11.3 	8.8 	7.2 
A,ED5-8,F,Y15-74,PC,ITG1	14.0 b	13.2 	14.2 	14.9 	15.0 b	12.8 	11.0 	9.7 b	8.1 	8.7 	6.3 	7.8 
A,ED5-8,F,Y15-74,PC,ITG2	12.1 b	12.7 	12.0 	11.8 	11.2 b	8.6 	5.7 	6.5 b	7.5 	3.9 u	4.1 u	3.3 u
A,ED5-8,F,Y15-74,PC,ITH1	: bu	: u	: u	: u	: bu	: u	: u	: bu	: u	: u	: u	: u
A,ED5-8,F,Y15-74,PC,ITH2	: bu	6.9 u	5.7 u	: u	: bu	: u	: u	: bu	: u	: u	: u	: u
A,ED5-8,F,Y15-74,PC,ITH3	7.2 b	7.4 	7.4 	4.6 	4.6 b	4.0 	4.6 	3.1 b	2.1 	3.3 	2.3 	2.2 
A,ED5-8,F,Y15-74,PC,ITH4	7.5 b	7.3 	4.6 u	7.4 	5.2 b	5.3 	4.8 	4.6 bu	3.0 u	2.8 u	3.0 u	3.6 u
A,ED5-8,F,Y15-74,PC,ITH5	6.2 b	6.2 	5.7 	5.2 	3.6 b	4.0 	4.3 	4.0 b	3.2 	4.0 	4.0 	2.9 
A,ED5-8,F,Y15-74,PC,ITI1	6.6 b	5.8 	7.3 	6.1 	5.7 b	4.5 	4.9 	6.2 b	4.0 	3.5 	3.7 	2.9 
A,ED5-8,F,Y15-74,PC,ITI2	9.3 b	6.1 	6.2 	8.6 	5.6 b	6.6 	6.5 	6.5 b	6.2 u	5.7 u	3.1 u	3.7 u
A,ED5-8,F,Y15-74,PC,ITI3	8.5 b	9.5 	8.9 	6.9 	5.8 b	7.0 	7.8 	4.7 b	3.4 u	2.9 u	2.2 u	5.2 
A,ED5-8,F,Y15-74,PC,ITI4	8.9 b	8.2 	6.3 	7.4 	6.6 b	7.4 	5.9 	6.1 b	4.4 	4.3 	3.7 	3.5 
A,ED5-8,F,Y15-74,PC,LT01	3.2 bu	2.7 u	2.5 u	2.4 u	2.0 u	2.0 u	3.1 	2.4 bu	3.0 	3.8 	3.6 	3.4 
A,ED5-8,F,Y15-74,PC,LT02	4.9 b	4.7 	3.0 	3.0 	3.1 	3.0 	4.5 	4.7 b	3.6 	3.6 	3.9 	4.0 
A,ED5-8,F,Y15-74,PC,LU00	3.8 b	5.2 b	3.7 	4.2 	4.4 	3.5 	5.3 	4.8 b	3.7 	3.5 u	5.1 	6.2 u
A,ED5-8,F,Y15-74,PC,LV00	5.9 b	5.4 	4.1 	3.9 	3.3 	3.3 	4.4 	4.4 b	3.9 	3.4 	4.0 	3.4 
A,ED5-8,F,Y15-74,PC,ME00	9.9 b	10.6 	11.4 	11.3 	9.7 	9.8 	13.3 	: 	: 	: 	: 	: 
A,ED5-8,F,Y15-74,PC,MK00	24.6 b	22.5 	21.0 	21.7 	20.1 	15.0 	15.1 	9.6 b	8.8 	7.7 	8.7 	8.8 
A,ED5-8,F,Y15-74,PC,MT00	2.8 bu	2.7 u	2.2 u	2.1 u	2.4 u	3.7 	3.4 	2.2 bu	3.1 	2.5 u	2.0 u	2.3 
A,ED5-8,F,Y15-74,PC,NL11	4.9 b	3.1 u	4.2 u	3.8 u	3.1 u	: bu	3.8 u	3.1 bu	3.4 u	2.8 u	2.8 u	3.4 u
A,ED5-8,F,Y15-74,PC,NL12	5.8 b	4.9 u	3.6 u	: u	3.3 u	2.8 bu	: u	4.0 bu	: u	4.5 	2.8 u	2.8 u
A,ED5-8,F,Y15-74,PC,NL13	5.0 bu	: u	: u	: u	: u	: bu	: u	: bu	: u	: u	: u	4.0 u
A,ED5-8,F,Y15-74,PC,NL21	3.3 b	3.9 	4.2 	3.7 	2.7 	2.2 bu	1.4 u	2.9 b	2.1 u	2.1 	3.2 	3.0 
A,ED5-8,F,Y15-74,PC,NL22	3.9 b	4.2 	3.7 	2.9 	2.3 	2.4 b	2.6 	2.4 b	2.9 	2.7 	3.3 	2.7 
A,ED5-8,F,Y15-74,PC,NL23	7.0 bu	: u	: u	: u	: u	: bu	: u	: bu	: u	3.8 u	: u	: u
A,ED5-8,F,Y15-74,PC,NL31	4.0 b	4.4 	3.3 	3.6 	2.6 	: 	: 	: 	: 	: 	: 	: 
A,ED5-8,F,Y15-74,PC,NL32	3.6 b	4.1 	4.1 	2.7 	2.6 	2.1 b	3.0 	2.7 b	2.8 	3.5 	3.1 	3.1 
A,ED5-8,F,Y15-74,PC,NL33	5.2 b	4.4 	4.1 	3.2 	2.4 	: 	: 	: 	: 	: 	: 	: 
A,ED5-8,F,Y15-74,PC,NL34	: bu	: u	: u	: u	: u	: bu	: u	8.4 bu	: u	: u	: u	: u
A,ED5-8,F,Y15-74,PC,NL35	: 	: 	: 	: 	: 	1.9 b	2.5 	2.3 b	3.6 	2.9 	2.7 	3.2 
A,ED5-8,F,Y15-74,PC,NL36	: 	: 	: 	: 	: 	2.4 b	3.2 	3.9 b	3.0 	3.2 	2.9 	3.7 
A,ED5-8,F,Y15-74,PC,NL41	4.2 b	3.9 	3.2 	2.2 	2.5 	2.6 b	2.6 	2.3 b	2.6 	2.8 	2.9 	3.3 
A,ED5-8,F,Y15-74,PC,NL42	3.8 b	4.2 	3.2 u	3.4 	2.4 u	2.3 bu	2.6 u	3.2 b	2.7 	2.5 	2.7 	3.7 
A,ED5-8,F,Y15-74,PC,NO01	2.3 b	3.0 	: 	: 	: 	: 	: 	: 	: 	: 	: 	: 
A,ED5-8,F,Y15-74,PC,NO02	2.5 bu	2.4 u	2.1 u	: u	: u	: u	: u	: bu	: u	: u	: u	: u
A,ED5-8,F,Y15-74,PC,NO03	2.8 b	1.4 u	: 	: 	: 	: 	: 	: 	: 	: 	: 	: 
A,ED5-8,F,Y15-74,PC,NO04	2.2 b	2.2 	: 	: 	: 	: 	: 	: 	: 	: 	: 	: 
A,ED5-8,F,Y15-74,PC,NO05	2.1 b	2.8 	: 	: 	: 	: 	: 	: 	: 	: 	: 	: 
A,ED5-8,F,Y15-74,PC,NO06	3.2 b	3.6 	3.3 	: u	: u	: u	: u	: bu	: u	: u	: u	: u
A,ED5-8,F,Y15-74,PC,NO07	1.8 bu	1.8 u	1.1 u	: u	: u	: u	: u	: bu	: u	: u	: u	: u
A,ED5-8,F,Y15-74,PC,NO08	: 	: 	2.8 	2.4 u	2.3 u	2.2 u	2.7 u	3.1 bu	2.2 u	2.7 u	3.2 	2.8 u
A,ED5-8,F,Y15-74,PC,NO09	: 	: 	2.5 	: u	: u	: u	: u	: bu	: u	: u	: u	: u
A,ED5-8,F,Y15-74,PC,NO0A	: 	: 	2.9 	: u	: u	: u	: u	: bu	: u	: u	2.6 u	: u
A,ED5-8,F,Y15-74,PC,PL21	6.7 b	4.3 u	3.2 bu	2.1 u	1.9 u	3.0 bu	3.6 u	: bu	: u	: u	: u	: u
A,ED5-8,F,Y15-74,PC,PL22	5.7 b	3.5 u	3.2 bu	1.8 u	1.7 u	2.0 bu	: u	: bu	: u	: u	: u	: u
A,ED5-8,F,Y15-74,PC,PL41	5.1 bu	4.4 u	2.9 bu	: u	: u	: bu	: u	: bu	: u	: u	: u	: u
A,ED5-8,F,Y15-74,PC,PL42	: bu	: u	: bu	: u	: u	: bu	: u	: bu	: u	: u	: u	: u
A,ED5-8,F,Y15-74,PC,PL43	: bu	: u	: bu	: u	: u	: bu	: u	: bu	: u	: u	: u	: u
A,ED5-8,F,Y15-74,PC,PL51	3.9 bu	3.0 u	2.5 bu	3.3 u	: u	: bu	: u	: bu	: u	: u	: u	: u
A,ED5-8,F,Y15-74,PC,PL52	: bu	: u	: bu	: u	: u	: bu	: u	: bu	: u	: u	: u	: u
A,ED5-8,F,Y15-74,PC,PL61	5.2 bu	4.4 u	3.9 bu	: u	: u	: bu	: u	: bu	: u	: u	: u	: u
A,ED5-8,F,Y15-74,PC,PL62	5.4 bu	5.6 u	: bu	: u	: u	: bu	: u	: bu	: u	: u	: u	: u
A,ED5-8,F,Y15-74,PC,PL63	3.8 bu	3.0 u	4.0 bu	2.5 u	: u	2.6 bu	: u	: bu	: u	: u	: u	: u
A,ED5-8,F,Y15-74,PC,PL71	5.7 bu	4.4 u	2.8 bu	: u	2.9 u	2.9 bu	: u	: bu	: u	: u	: u	: u
A,ED5-8,F,Y15-74,PC,PL72	8.3 bu	6.3 u	6.1 bu	: u	: u	: bu	: u	: bu	: u	: u	: u	: u
A,ED5-8,F,Y15-74,PC,PL81	6.5 bu	7.4 	5.6 bu	4.2 u	3.3 u	3.0 bu	: u	: bu	: u	: u	: u	: u
A,ED5-8,F,Y15-74,PC,PL82	8.8 bu	6.4 u	6.1 bu	5.1 u	4.1 u	3.6 bu	: u	: bu	: u	: u	: u	: u
A,ED5-8,F,Y15-74,PC,PL84	6.1 bu	: u	: bu	: u	: u	: bu	: u	: bu	: u	: u	: u	: u
A,ED5-8,F,Y15-74,PC,PL91	3.4 b	3.6 	2.6 bu	2.2 u	1.2 u	1.4 bu	: u	: bu	: u	: u	2.1 u	1.6 u
A,ED5-8,F,Y15-74,PC,PL92	5.9 bu	5.1 u	5.3 bu	4.3 u	: u	: bu	: u	: bu	: u	: u	: u	: u
A,ED5-8,F,Y15-74,PC,PT11	13.6 b	12.3 	10.4 	8.9 	6.7 	6.2 	5.1 	5.1 b	4.3 	4.8 	4.9 	5.2 
A,ED5-8,F,Y15-74,PC,PT15	: bu	: u	: u	: u	: u	: u	: u	: bu	: u	: u	: u	: u
A,ED5-8,F,Y15-74,PC,PT16	11.7 b	9.1 	7.5 	5.0 	5.0 	: 	: 	: 	: 	: 	: 	: 
A,ED5-8,F,Y15-74,PC,PT17	9.3 b	7.5 	8.1 	5.5 	5.0 	: 	: 	: 	: 	: 	: 	: 
A,ED5-8,F,Y15-74,PC,PT18	11.1 b	12.6 	11.3 	: u	: u	: 	: 	: 	: 	: 	: 	: 
A,ED5-8,F,Y15-74,PC,PT19	: 	: 	: 	: 	: 	4.4 	5.6 	4.6 bu	4.3 u	4.9 u	5.1 u	5.6 
A,ED5-8,F,Y15-74,PC,PT1A	: 	: 	: 	: 	: 	4.5 	5.7 	4.5 b	4.6 	4.1 	4.2 	4.4 
A,ED5-8,F,Y15-74,PC,PT1B	: 	: 	: 	: 	: 	6.8 	: u	: bu	7.2 u	6.2 u	4.7 u	4.3 u
A,ED5-8,F,Y15-74,PC,PT1C	: 	: 	: 	: 	: 	: u	: u	: bu	: u	: u	: u	: u
A,ED5-8,F,Y15-74,PC,PT1D	: 	: 	: 	: 	: 	: u	: u	8.6 bu	: u	: u	: u	5.5 u
A,ED5-8,F,Y15-74,PC,PT20	: bu	: u	: u	: u	: u	: u	: u	: bu	: u	: u	: u	: u
A,ED5-8,F,Y15-74,PC,PT30	: bu	: u	: u	: u	: u	: u	: u	: bu	: u	: u	: u	: u
A,ED5-8,F,Y15-74,PC,RO11	: bu	: u	: u	: u	: u	: u	: u	: bu	: u	: u	: u	: u
A,ED5-8,F,Y15-74,PC,RO12	: bu	: u	: u	: u	: u	: u	: u	: bu	: u	: u	: u	: u
A,ED5-8,F,Y15-74,PC,RO21	: bu	: u	: u	: u	: u	: u	: u	: bu	: u	: u	: u	: u
A,ED5-8,F,Y15-74,PC,RO22	: bu	: u	: u	: u	: u	: u	: u	: bu	: u	: u	: u	: u
A,ED5-8,F,Y15-74,PC,RO31	8.5 bu	7.2 u	: u	: u	: u	: u	: u	: bu	: u	: u	: u	: u
A,ED5-8,F,Y15-74,PC,RO32	5.8 b	: u	: u	: u	: u	: u	: u	: bu	: u	: u	2.7 u	: u
A,ED5-8,F,Y15-74,PC,RO41	: bu	: u	: u	: u	: u	: u	: u	: bu	: u	: u	: u	: u
A,ED5-8,F,Y15-74,PC,RO42	: bu	: u	: u	: u	: u	: u	: u	: bu	: u	: u	: u	: u
A,ED5-8,F,Y15-74,PC,RS11	13.6 b	16.6 	12.5 	11.5 	10.2 	6.6 	5.1 	7.3 b	5.5 	4.6 	4.5 	5.3 
A,ED5-8,F,Y15-74,PC,RS12	14.6 b	12.9 	13.3 	11.2 	10.8 	8.0 	5.3 	7.8 b	5.4 	8.6 	6.7 	7.0 
A,ED5-8,F,Y15-74,PC,RS21	20.0 b	15.7 	17.6 	14.4 	15.2 	12.4 	15.6 	13.7 b	9.2 	9.4 	9.5 	7.5 
A,ED5-8,F,Y15-74,PC,RS22	25.1 b	21.6 	18.9 	19.3 	15.7 	12.0 	11.8 	12.9 b	8.9 	12.6 	9.5 	9.1 
A,ED5-8,F,Y15-74,PC,SE11	3.9 b	4.3 	4.0 	4.2 	3.0 b	3.1 	4.9 	3.3 b	3.8 	4.1 	5.5 	6.4 
A,ED5-8,F,Y15-74,PC,SE12	3.8 b	3.7 	3.2 	3.5 	3.8 b	3.1 u	3.7 	3.8 b	3.8 	4.2 	4.4 	4.9 
A,ED5-8,F,Y15-74,PC,SE21	3.7 b	3.2 	2.9 	3.0 	3.5 b	3.8 u	: u	3.6 bu	3.3 u	3.2 u	: u	3.3 u
A,ED5-8,F,Y15-74,PC,SE22	4.9 b	5.0 	4.1 	3.9 	3.6 b	4.4 	6.5 	6.4 b	3.8 	4.4 	6.0 	7.1 
A,ED5-8,F,Y15-74,PC,SE23	4.3 b	3.4 	3.3 	3.5 	3.0 b	3.3 	4.0 	4.7 b	3.0 	4.4 	6.6 	5.0 
A,ED5-8,F,Y15-74,PC,SE31	3.6 b	2.6 u	2.9 	1.9 u	2.3 bu	: u	3.9 u	5.1 bu	: u	3.5 u	: u	3.5 u
A,ED5-8,F,Y15-74,PC,SE32	: bu	: u	: u	: u	: bu	: u	: u	: bu	: u	: u	: u	: u
A,ED5-8,F,Y15-74,PC,SE33	3.4 bu	3.5 u	3.5 	3.3 u	3.5 bu	: u	: u	: bu	: u	: u	: u	: u
A,ED5-8,F,Y15-74,PC,SI03	9.8 b	8.9 	8.4 	6.6 	4.5 	3.8 u	4.5 	3.8 bu	2.8 u	2.2 bu	3.1 u	2.5 u
A,ED5-8,F,Y15-74,PC,SI04	5.7 b	4.7 	4.8 	5.4 	4.2 	3.5 u	2.3 u	3.3 bu	2.6 u	2.1 bu	2.3 u	2.5 u
A,ED5-8,F,Y15-74,PC,SK01	4.5 bu	5.0 	5.5 	3.4 u	: u	: u	: u	: bu	: u	: u	: u	: u
A,ED5-8,F,Y15-74,PC,SK02	6.4 b	6.4 	6.2 	4.2 	3.0 u	: u	3.7 	: bu	: u	: u	: u	: u
A,ED5-8,F,Y15-74,PC,SK03	8.6 b	7.5 	5.7 	5.6 	3.9 u	4.1 u	3.4 u	: bu	: u	: u	: u	: u
A,ED5-8,F,Y15-74,PC,SK04	10.8 b	8.5 	7.7 	6.6 	5.2 	3.5 u	4.5 	: bu	: u	: u	: u	: u
A,ED5-8,F,Y15-74,PC,TR10	14.1 b	15.6 	16.0 	18.3 	13.6 	16.3 	15.8 	14.4 b	12.7 	10.2 	10.2 	10.3 
A,ED5-8,F,Y15-74,PC,TR21	17.1 b	15.9 	12.9 	14.8 	12.3 	15.8 	13.9 	14.5 b	15.4 	11.9 	11.7 	11.6 
A,ED5-8,F,Y15-74,PC,TR22	10.7 b	12.2 	16.0 	12.1 	11.7 	15.9 	12.9 	12.8 b	13.1 	12.4 	11.3 	12.1 
A,ED5-8,F,Y15-74,PC,TR31	17.8 b	16.9 	18.8 	17.4 	19.6 	18.4 	18.4 	16.1 b	15.4 	15.0 	13.2 	12.5 
A,ED5-8,F,Y15-74,PC,TR32	14.1 b	13.9 	14.2 	16.3 	14.3 	15.6 	15.1 	16.1 b	13.3 	11.9 	11.6 	9.0 
A,ED5-8,F,Y15-74,PC,TR33	11.6 b	10.0 	12.3 	15.0 	17.4 	17.8 	12.9 	15.3 b	14.7 	15.3 	11.0 	10.3 
A,ED5-8,F,Y15-74,PC,TR41	12.0 b	12.5 	12.7 	14.0 	14.9 	14.6 	11.6 	12.3 b	11.6 	12.7 	14.9 	12.0 
A,ED5-8,F,Y15-74,PC,TR42	17.4 b	17.9 	18.6 	20.9 	20.0 	17.0 	18.3 	14.7 b	14.5 	14.1 	12.7 	12.7 
A,ED5-8,F,Y15-74,PC,TR51	14.2 b	14.6 	14.0 	14.4 	14.2 	17.5 	16.2 	15.4 b	15.6 	15.8 	13.5 	10.5 
A,ED5-8,F,Y15-74,PC,TR52	13.1 b	13.2 	14.0 	15.1 	15.3 	14.6 	15.2 	19.3 b	18.8 	12.5 	14.4 	13.8 
A,ED5-8,F,Y15-74,PC,TR61	12.7 b	13.7 	18.1 	17.4 	18.8 	15.7 	12.8 	15.1 b	12.4 	11.2 	9.6 	7.0 
A,ED5-8,F,Y15-74,PC,TR62	19.5 b	18.8 	21.6 	20.0 	17.9 	18.5 	18.6 	18.9 b	18.2 	16.7 	15.4 	12.6 
A,ED5-8,F,Y15-74,PC,TR63	26.3 b	29.8 	24.3 	25.2 	23.0 	27.1 	23.6 	26.7 b	23.5 	24.9 	20.4 	17.6 
A,ED5-8,F,Y15-74,PC,TR71	15.8 b	17.4 	25.7 	26.8 	24.0 	23.2 	18.9 	22.2 b	19.3 	18.5 	19.8 	18.1 
A,ED5-8,F,Y15-74,PC,TR72	13.8 b	20.9 	14.9 	28.8 	30.1 	22.9 	16.7 	21.7 b	16.1 	19.0 	20.3 	14.2 
A,ED5-8,F,Y15-74,PC,TR81	13.6 b	21.5 	24.1 	17.2 	19.2 	21.9 	10.8 	18.4 b	17.8 	20.4 	17.5 	19.2 
A,ED5-8,F,Y15-74,PC,TR82	15.7 bu	15.2 u	14.8 u	12.5 u	13.0 	14.8 	14.6 	13.0 b	13.1 	12.0 	10.7 u	13.2 u
A,ED5-8,F,Y15-74,PC,TR83	12.3 b	18.1 	19.4 	14.8 	15.4 	14.4 	15.8 	19.5 b	19.3 	17.3 	15.8 	14.8 
A,ED5-8,F,Y15-74,PC,TR90	16.9 b	12.2 	10.6 	9.4 	11.6 	23.0 	16.0 	21.5 b	20.9 	17.4 	14.5 	14.2 
A,ED5-8,F,Y15-74,PC,TRA1	9.9 bu	12.4 u	11.7 	11.8 	15.5 	14.3 	15.4 	15.6 b	19.7 	18.4 	13.4 	13.3 
A,ED5-8,F,Y15-74,PC,TRA2	5.2 bu	11.9 u	16.3 u	24.4 	24.2 	19.3 	18.8 	25.2 b	22.2 	18.7 	16.4 u	18.5 
A,ED5-8,F,Y15-74,PC,TRB1	17.3 b	14.9 	15.9 	20.1 	21.3 	17.9 	14.8 	16.5 b	16.6 	16.4 	13.6 	14.2 
A,ED5-8,F,Y15-74,PC,TRB2	26.1 b	12.3 u	13.1 u	28.5 	32.4 	39.4 	31.0 	30.9 b	34.2 	26.2 	23.0 	21.2 
A,ED5-8,F,Y15-74,PC,TRC1	15.2 b	13.4 	22.1 	22.5 	17.9 	21.7 	18.1 	19.5 b	17.5 	16.9 	15.1 	16.2 
A,ED5-8,F,Y15-74,PC,TRC2	26.3 b	29.5 	20.7 	25.7 	32.6 	26.7 	17.6 	16.8 b	12.1 	13.3 	17.7 	15.2 
A,ED5-8,F,Y15-74,PC,TRC3	41.6 b	37.8 	34.6 	41.2 	36.3 	46.5 	40.1 	36.9 b	26.1 	20.8 	24.8 	19.0 
A,ED5-8,F,Y15-74,PC,UKC1	5.4 bu	: u	4.9 u	: u	: u	: u	: 	: 	: 	: 	: 	: 
A,ED5-8,F,Y15-74,PC,UKC2	: bu	3.2 u	3.7 u	4.2 u	: u	3.6 u	: 	: 	: 	: 	: 	: 
A,ED5-8,F,Y15-74,PC,UKD1	: bu	: u	: u	: u	: u	: u	: 	: 	: 	: 	: 	: 
A,ED5-8,F,Y15-74,PC,UKD3	3.5 bu	3.5 u	3.8 	3.9 	2.5 u	2.6 u	: 	: 	: 	: 	: 	: 
A,ED5-8,F,Y15-74,PC,UKD4	: bu	: u	: u	: u	: u	: u	: 	: 	: 	: 	: 	: 
A,ED5-8,F,Y15-74,PC,UKD6	: bu	: u	4.4 u	: u	: u	: u	: 	: 	: 	: 	: 	: 
A,ED5-8,F,Y15-74,PC,UKD7	: bu	: u	: u	4.1 u	2.9 u	: u	: 	: 	: 	: 	: 	: 
A,ED5-8,F,Y15-74,PC,UKE1	: bu	: u	: u	: u	: u	: u	: 	: 	: 	: 	: 	: 
A,ED5-8,F,Y15-74,PC,UKE2	: bu	: u	: u	: u	: u	: u	: 	: 	: 	: 	: 	: 
A,ED5-8,F,Y15-74,PC,UKE3	: bu	: u	: u	: u	: u	2.9 u	: 	: 	: 	: 	: 	: 
A,ED5-8,F,Y15-74,PC,UKE4	3.5 bu	: u	: u	: u	2.5 u	4.0 u	: 	: 	: 	: 	: 	: 
A,ED5-8,F,Y15-74,PC,UKF1	: bu	2.3 u	3.3 u	: u	: u	2.2 u	: 	: 	: 	: 	: 	: 
A,ED5-8,F,Y15-74,PC,UKF2	3.8 bu	2.7 u	3.2 u	3.8 u	: u	2.4 u	: 	: 	: 	: 	: 	: 
A,ED5-8,F,Y15-74,PC,UKF3	: bu	: u	: u	: u	: u	: u	: 	: 	: 	: 	: 	: 
A,ED5-8,F,Y15-74,PC,UKG1	3.8 bu	: u	3.4 u	: u	: u	: u	: 	: 	: 	: 	: 	: 
A,ED5-8,F,Y15-74,PC,UKG2	: bu	: u	: u	: u	: u	: u	: 	: 	: 	: 	: 	: 
A,ED5-8,F,Y15-74,PC,UKG3	4.0 bu	3.6 u	3.8 u	3.8 u	4.4 	4.2 	: 	: 	: 	: 	: 	: 
A,ED5-8,F,Y15-74,PC,UKH1	3.6 bu	2.2 u	2.5 u	1.9 u	1.9 u	1.7 u	: 	: 	: 	: 	: 	: 
A,ED5-8,F,Y15-74,PC,UKH2	2.3 bu	: u	3.2 u	3.5 u	2.2 u	: u	: 	: 	: 	: 	: 	: 
A,ED5-8,F,Y15-74,PC,UKH3	3.6 bu	3.2 u	: u	4.6 u	: u	3.0 u	: 	: 	: 	: 	: 	: 
A,ED5-8,F,Y15-74,PC,UKI3	5.0 b	3.7 u	3.4 u	5.5 	4.1 u	3.0 u	: 	: 	: 	: 	: 	: 
A,ED5-8,F,Y15-74,PC,UKI4	4.7 b	3.7 	4.9 	4.1 	2.5 	2.4 	: 	: 	: 	: 	: 	: 
A,ED5-8,F,Y15-74,PC,UKI5	6.9 b	7.4 	4.9 	4.2 u	3.0 u	3.1 u	: 	: 	: 	: 	: 	: 
A,ED5-8,F,Y15-74,PC,UKI6	3.3 bu	4.5 u	3.2 u	3.8 u	: u	3.1 u	: 	: 	: 	: 	: 	: 
A,ED5-8,F,Y15-74,PC,UKI7	3.8 b	2.4 u	3.2 u	3.6 	3.2 u	3.4 	: 	: 	: 	: 	: 	: 
A,ED5-8,F,Y15-74,PC,UKJ1	2.9 bu	3.1 u	2.3 u	2.3 u	2.6 u	2.0 u	: 	: 	: 	: 	: 	: 
A,ED5-8,F,Y15-74,PC,UKJ2	2.9 bu	2.7 u	3.3 	2.4 u	2.9 	1.5 u	: 	: 	: 	: 	: 	: 
A,ED5-8,F,Y15-74,PC,UKJ3	2.5 bu	2.7 u	2.8 u	2.4 u	2.0 u	2.6 u	: 	: 	: 	: 	: 	: 
A,ED5-8,F,Y15-74,PC,UKJ4	3.4 bu	4.2 u	: u	: u	: u	2.7 u	: 	: 	: 	: 	: 	: 
A,ED5-8,F,Y15-74,PC,UKK1	2.7 bu	2.8 u	2.7 u	2.6 u	2.4 u	1.9 u	: 	: 	: 	: 	: 	: 
A,ED5-8,F,Y15-74,PC,UKK2	: bu	4.0 u	3.8 u	: u	: u	: u	: 	: 	: 	: 	: 	: 
A,ED5-8,F,Y15-74,PC,UKK3	: bu	: u	: u	: u	: u	: u	: 	: 	: 	: 	: 	: 
A,ED5-8,F,Y15-74,PC,UKK4	: bu	: u	: u	4.0 u	: u	: u	: 	: 	: 	: 	: 	: 
A,ED5-8,F,Y15-74,PC,UKL1	3.1 bu	3.3 u	: u	2.4 u	: u	3.0 u	: 	: 	: 	: 	: 	: 
A,ED5-8,F,Y15-74,PC,UKL2	3.6 bu	: u	: u	3.7 u	: u	: u	: 	: 	: 	: 	: 	: 
A,ED5-8,F,Y15-74,PC,UKM5	: bu	: u	: u	: u	: u	: u	: 	: 	: 	: 	: 	: 
A,ED5-8,F,Y15-74,PC,UKM6	: bu	: u	: u	: u	: u	: u	: 	: 	: 	: 	: 	: 
A,ED5-8,F,Y15-74,PC,UKM7	3.0 bu	2.5 u	3.4 u	2.5 u	2.9 u	2.9 u	: 	: 	: 	: 	: 	: 
A,ED5-8,F,Y15-74,PC,UKM8	2.4 bu	3.7 u	3.9 u	3.7 u	3.6 u	2.4 u	: 	: 	: 	: 	: 	: 
A,ED5-8,F,Y15-74,PC,UKM9	: bu	: u	3.8 u	: u	: u	: u	: 	: 	: 	: 	: 	: 
A,ED5-8,F,Y15-74,PC,UKN0	: bu	2.7 u	: u	: u	: u	: u	: 	: 	: 	: 	: 	: 
A,ED5-8,M,Y15-74,PC,AT11	: bu	: u	: u	: u	: u	: u	: u	: bu	: u	: u	: u	: u
A,ED5-8,M,Y15-74,PC,AT12	2.9 bu	3.9 u	: u	2.6 u	2.3 u	2.4 u	2.2 u	2.7 bu	: u	2.4 u	3.0 u	2.2 u
A,ED5-8,M,Y15-74,PC,AT13	7.2 b	7.6 	7.1 	5.7 	6.4 	5.1 	5.8 	7.9 b	6.0 	4.9 	6.5 	6.6 
A,ED5-8,M,Y15-74,PC,AT21	: bu	: u	: u	: u	: u	: u	: u	: bu	: u	: u	: u	: u
A,ED5-8,M,Y15-74,PC,AT22	: bu	: u	3.6 u	3.1 u	: u	: u	: u	3.3 bu	3.0 u	: u	3.4 u	4.3 u
A,ED5-8,M,Y15-74,PC,AT31	2.8 bu	: u	2.6 u	: u	: u	: u	2.2 u	: bu	: u	2.4 u	2.3 u	2.3 u
A,ED5-8,M,Y15-74,PC,AT32	: bu	: u	: u	: u	: u	: u	: u	: bu	: u	: u	: u	: u
A,ED5-8,M,Y15-74,PC,AT33	: bu	: u	: u	: u	: u	: u	: u	: bu	: u	: u	: u	: u
A,ED5-8,M,Y15-74,PC,AT34	: bu	: u	: u	: u	: u	: u	: u	: bu	: u	: u	: u	: u
A,ED5-8,M,Y15-74,PC,BE10	10.1 b	9.3 	7.9 	7.4 b	6.2 	6.6 	6.3 	5.5 b	5.4 	5.4 	6.0 	6.9 
A,ED5-8,M,Y15-74,PC,BE21	4.1 b	4.0 	3.3 u	3.1 b	3.2 	2.4 u	3.5 	3.5 b	3.0 	2.1 u	2.5 	2.4 u
A,ED5-8,M,Y15-74,PC,BE22	: bu	4.0 u	: u	2.9 bu	: u	: u	: u	: bu	2.9 u	3.0 u	: u	3.7 u
A,ED5-8,M,Y15-74,PC,BE23	: bu	3.6 u	2.1 u	1.8 bu	2.0 u	1.9 u	2.1 u	2.1 bu	1.1 u	2.2 u	1.8 u	2.7 u
A,ED5-8,M,Y15-74,PC,BE24	3.0 bu	3.6 u	3.4 u	3.2 bu	4.5 	3.2 u	3.6 	4.1 bu	2.2 u	2.3 u	3.1 u	5.2 
A,ED5-8,M,Y15-74,PC,BE25	2.6 bu	3.1 u	2.1 u	: bu	: u	: u	2.4 u	1.9 bu	2.2 u	1.7 u	: u	2.3 u
A,ED5-8,M,Y15-74,PC,BE31	4.6 bu	5.8 u	5.4 u	7.3 bu	6.0 u	: u	5.8 u	4.0 bu	: u	4.0 u	6.5 u	5.4 u
A,ED5-8,M,Y15-74,PC,BE32	7.2 b	5.2 u	4.9 u	4.0 bu	3.5 u	4.1 u	3.3 u	5.0 bu	5.4 	2.9 u	2.8 u	3.1 u
A,ED5-8,M,Y15-74,PC,BE33	7.4 b	5.9 	6.0 u	6.7 b	4.4 u	4.3 u	4.5 u	4.5 bu	5.0 u	3.7 u	3.1 u	3.0 u
A,ED5-8,M,Y15-74,PC,BE34	: bu	: u	: u	: bu	: u	: u	: u	: bu	: u	: u	: u	: u
A,ED5-8,M,Y15-74,PC,BE35	: bu	: u	: u	: bu	: u	4.9 u	: u	4.9 bu	5.0 u	: u	: u	: u
A,ED5-8,M,Y15-74,PC,BG31	: bu	: u	: u	: u	: u	: bu	: u	: bu	: u	: u	: bu	: u
A,ED5-8,M,Y15-74,PC,BG32	: bu	: u	: u	: u	: u	: bu	: u	: bu	: u	: u	: bu	: u
A,ED5-8,M,Y15-74,PC,BG33	: bu	: u	: u	: u	: u	: bu	: u	: bu	: u	: u	: bu	: u
A,ED5-8,M,Y15-74,PC,BG34	: bu	: u	: u	: u	: u	: bu	: u	: bu	: u	: u	: bu	: u
A,ED5-8,M,Y15-74,PC,BG41	5.3 b	3.4 u	3.0 u	2.3 u	1.6 u	: bu	: u	: bu	1.7 u	: u	: bu	1.3 u
A,ED5-8,M,Y15-74,PC,BG42	6.7 bu	: u	: u	4.3 u	: u	: bu	: u	: bu	: u	: u	: bu	: u
A,ED5-8,M,Y15-74,PC,CH01	5.3 b	5.4 	5.4 	5.3 	5.9 	5.7 	5.6 	4.6 b	4.3 	5.0 	5.2 	6.4 
A,ED5-8,M,Y15-74,PC,CH02	3.0 b	4.0 	3.0 	2.5 	2.2 	2.5 	2.4 	2.7 b	2.7 	2.2 	2.2 	3.0 
A,ED5-8,M,Y15-74,PC,CH03	3.5 bu	3.2 u	2.6 u	3.0 u	2.4 u	1.4 u	3.0 	2.4 bu	2.5 u	2.8 u	3.6 	3.8 
A,ED5-8,M,Y15-74,PC,CH04	3.0 b	2.5 	2.3 	3.2 	2.7 	2.4 	2.4 	2.8 b	2.3 	2.1 	2.5 	3.8 
A,ED5-8,M,Y15-74,PC,CH05	1.8 bu	2.0 u	2.6 u	2.5 u	2.3 u	1.8 u	2.3 u	3.0 bu	1.7 u	1.8 u	1.9 u	2.4 u
A,ED5-8,M,Y15-74,PC,CH06	2.6 bu	3.1 u	2.4 u	1.6 u	1.4 u	1.8 u	1.9 u	2.1 bu	1.9 u	2.0 u	2.0 u	2.5 u
A,ED5-8,M,Y15-74,PC,CH07	4.5 bu	: u	3.9 u	3.6 u	2.8 u	: u	3.9 u	3.4 bu	4.2 u	3.5 u	2.7 u	4.3 u
A,ED5-8,M,Y15-74,PC,CY00	11.4 b	9.9 	10.0 	8.6 	7.1 	5.0 	7.1 	5.7 b	4.7 	5.1 	3.4 	2.8 
A,ED5-8,M,Y15-74,PC,CZ01	1.9 bu	1.6 u	1.9 	1.7 	0.6 u	0.8 u	1.2 u	1.1 bu	1.1 u	1.5 u	1.1 u	: u
A,ED5-8,M,Y15-74,PC,CZ02	1.9 bu	1.2 u	0.8 u	: u	1.0 u	: u	0.7 u	0.7 bu	0.6 u	: u	: u	: u
A,ED5-8,M,Y15-74,PC,CZ03	3.5 bu	1.5 u	1.0 u	1.0 u	: u	: u	2.0 u	1.6 bu	: u	: u	1.4 u	: u
A,ED5-8,M,Y15-74,PC,CZ04	1.9 bu	2.4 u	: u	: u	2.5 u	1.4 u	: u	1.3 bu	: u	: u	2.4 u	: u
A,ED5-8,M,Y15-74,PC,CZ05	2.6 bu	2.7 u	0.9 u	1.1 u	1.2 u	1.0 u	1.4 u	1.6 bu	0.9 u	0.9 u	1.3 u	: u
A,ED5-8,M,Y15-74,PC,CZ06	3.0 b	2.5 u	1.7 u	1.2 u	1.0 u	1.0 u	0.5 u	1.5 bu	1.3 u	1.0 u	0.9 u	: u
A,ED5-8,M,Y15-74,PC,CZ07	1.7 bu	2.7 u	: u	0.9 u	: u	: u	1.6 u	0.9 bu	0.9 u	1.3 u	1.6 u	: u
A,ED5-8,M,Y15-74,PC,CZ08	2.6 bu	2.3 u	2.7 u	1.3 u	1.3 u	1.2 u	2.2 u	2.0 bu	0.8 u	1.4 u	1.8 u	: u
A,ED5-8,M,Y15-74,PC,DE11	1.6 b	1.3 	1.6 	1.7 	: u	1.4 	: bu	: bu	: u	: u	: u	2.5 u
A,ED5-8,M,Y15-74,PC,DE12	: bu	: u	: u	: u	: u	1.8 	: bu	: bu	: u	: u	: u	: u
A,ED5-8,M,Y15-74,PC,DE13	: bu	: u	: u	: u	: u	: u	: bu	: bu	: u	: u	: u	: u
A,ED5-8,M,Y15-74,PC,DE14	: bu	: u	: u	: u	: u	: u	: bu	: bu	: u	: u	: u	: u
A,ED5-8,M,Y15-74,PC,DE21	1.6 b	1.9 	1.4 	1.7 	1.9 	1.5 	: bu	2.1 bu	: u	: u	2.2 u	2.5 u
A,ED5-8,M,Y15-74,PC,DE22	: bu	: u	: u	: u	: u	: u	: bu	: bu	: u	: u	: u	: u
A,ED5-8,M,Y15-74,PC,DE23	: bu	: u	: u	: u	: u	: u	: bu	: bu	: u	: u	: u	: u
A,ED5-8,M,Y15-74,PC,DE24	: bu	: u	: u	: u	: u	: u	: bu	: bu	: u	: u	: u	: u
A,ED5-8,M,Y15-74,PC,DE25	: bu	: u	: u	: u	: u	: u	: bu	: bu	: u	: u	: u	: u
A,ED5-8,M,Y15-74,PC,DE26	: bu	: u	: u	: u	: u	: u	: bu	: bu	: u	: u	: u	: u
A,ED5-8,M,Y15-74,PC,DE27	: bu	: u	: u	: u	: u	: u	: bu	: bu	: u	: u	: u	: u
A,ED5-8,M,Y15-74,PC,DE30	4.8 b	4.4 	4.4 	3.4 	2.9 	2.9 	: bu	4.7 bu	2.6 u	2.8 u	4.5 u	6.4 
A,ED5-8,M,Y15-74,PC,DE40	2.8 b	: u	: u	: u	: u	: u	: bu	: bu	: u	: u	: u	: u
A,ED5-8,M,Y15-74,PC,DE50	: bu	: u	: u	: u	: u	: u	: bu	: bu	: u	: u	: u	: u
A,ED5-8,M,Y15-74,PC,DE60	3.1 b	: u	: u	2.7 	2.9 	: u	: bu	: bu	: u	: u	: u	: u
A,ED5-8,M,Y15-74,PC,DE71	1.8 b	2.1 	1.8 	1.4 	1.6 	1.6 	: bu	: bu	: u	: u	: u	2.8 u
A,ED5-8,M,Y15-74,PC,DE72	: bu	: u	: u	: u	: u	: u	: bu	: bu	: u	: u	: u	: u
A,ED5-8,M,Y15-74,PC,DE73	: bu	: u	: u	: u	: u	: u	: bu	: bu	: u	: u	: u	: u
A,ED5-8,M,Y15-74,PC,DE80	5.3 b	: u	: u	: u	: u	: u	: bu	: bu	: u	: u	: u	: u
A,ED5-8,M,Y15-74,PC,DE91	: bu	: u	: u	: u	: u	: u	: bu	: bu	: u	: u	: u	: u
A,ED5-8,M,Y15-74,PC,DE92	: bu	: u	: u	: u	: u	: u	: bu	: bu	: u	: u	: u	: u
A,ED5-8,M,Y15-74,PC,DE93	: bu	: u	: u	: u	: u	: u	: bu	: bu	: u	: u	: u	: u
A,ED5-8,M,Y15-74,PC,DE94	: bu	: u	: u	: u	: u	: u	: bu	: bu	: u	: u	: u	: u
A,ED5-8,M,Y15-74,PC,DEA1	2.5 b	3.0 	2.2 	2.0 	2.2 	2.1 	: bu	: bu	: u	: u	3.2 u	3.9 u
A,ED5-8,M,Y15-74,PC,DEA2	2.4 b	2.4 	2.0 	2.3 	2.2 	2.2 	: bu	2.9 bu	: u	: u	: u	2.7 u
A,ED5-8,M,Y15-74,PC,DEA3	: bu	: u	: u	: u	: u	: u	: bu	: bu	: u	: u	: u	: u
A,ED5-8,M,Y15-74,PC,DEA4	: bu	: u	: u	: u	: u	: u	: bu	: bu	: u	: u	: u	: u
A,ED5-8,M,Y15-74,PC,DEA5	: bu	2.9 	2.2 	2.6 	2.0 	2.1 	: bu	: bu	: u	: u	: u	: u
A,ED5-8,M,Y15-74,PC,DEB1	: bu	: u	: u	: u	: u	: u	: bu	: bu	: u	: u	: u	: u
A,ED5-8,M,Y15-74,PC,DEB2	: bu	: u	: u	: u	: u	: u	: bu	: bu	: u	: u	: u	: u
A,ED5-8,M,Y15-74,PC,DEB3	: bu	: u	: u	: u	: u	: u	: bu	: bu	: u	: u	: u	: u
A,ED5-8,M,Y15-74,PC,DEC0	: bu	: u	: u	: u	: u	: u	: bu	: bu	: u	: u	: u	: u
A,ED5-8,M,Y15-74,PC,DED2	: bu	: u	: u	: u	: u	: u	: bu	: bu	: u	: u	: u	: u
A,ED5-8,M,Y15-74,PC,DED4	: bu	: u	: u	: u	: u	: u	: bu	: bu	: u	: u	: u	: u
A,ED5-8,M,Y15-74,PC,DED5	: bu	: u	: u	: u	: u	: u	: bu	: bu	: u	: u	: u	: u
A,ED5-8,M,Y15-74,PC,DEE0	4.0 b	: u	: u	: u	: u	: u	: bu	: bu	: u	: u	: u	: u
A,ED5-8,M,Y15-74,PC,DEF0	: bu	: u	2.5 	2.6 	: u	: u	: bu	: bu	: u	: u	: u	: u
A,ED5-8,M,Y15-74,PC,DEG0	: bu	: u	: u	: u	: u	: u	: bu	: bu	: u	: u	: u	: u
A,ED5-8,M,Y15-74,PC,DK01	4.6 b	4.7 	4.0 b	4.0 b	4.0 	3.4 	4.9 	4.4 b	3.8 	4.3 b	4.6 	5.7 
A,ED5-8,M,Y15-74,PC,DK02	: bu	: u	4.5 bu	4.9 bu	: u	: u	: u	3.8 bu	: u	: bu	: u	4.9 u
A,ED5-8,M,Y15-74,PC,DK03	4.6 bu	4.1 u	4.8 bu	5.0 b	3.0 u	3.6 u	3.4 u	5.0 b	4.1 u	4.4 bu	4.7 	4.5 
A,ED5-8,M,Y15-74,PC,DK04	5.3 b	4.0 u	5.0 b	4.7 b	3.6 u	4.8 	5.4 	4.0 b	2.7 u	3.5 b	4.5 	4.8 
A,ED5-8,M,Y15-74,PC,DK05	: bu	: u	: bu	: bu	: u	: u	: u	: bu	: u	: bu	: u	6.6 u
A,ED5-8,M,Y15-74,PC,EE00	4.8 b	3.4 	4.0 	3.6 	3.8 	2.7 	4.7 	3.9 b	4.3 	3.2 	3.7 	5.0 
A,ED5-8,M,Y15-74,PC,EL30	16.8 b	17.5 	13.1 	12.5 	9.0 	7.8 	8.1 	7.5 b	5.9 	4.4 	4.9 	5.5 
A,ED5-8,M,Y15-74,PC,EL41	: bu	: u	11.2 u	13.1 u	: u	: u	10.3 u	: bu	: u	: u	: u	: u
A,ED5-8,M,Y15-74,PC,EL42	10.0 bu	: u	: u	7.4 u	9.9 u	9.1 u	8.7 u	8.3 bu	8.4 u	: u	6.8 u	: u
A,ED5-8,M,Y15-74,PC,EL43	14.5 b	14.9 	15.7 	12.2 	7.9 u	6.2 u	9.8 	10.1 b	6.4 u	6.1 u	5.5 u	: u
A,ED5-8,M,Y15-74,PC,EL51	14.1 b	15.2 	13.6 	12.0 	10.1 	8.5 u	8.6 u	14.6 b	9.6 	9.0 u	6.2 u	7.9 u
A,ED5-8,M,Y15-74,PC,EL52	19.6 b	16.2 	14.4 	11.2 	9.6 	8.4 	8.9 	7.7 b	9.4 	8.4 	9.0 	7.9 
A,ED5-8,M,Y15-74,PC,EL53	16.4 bu	16.9 u	15.8 u	14.1 u	15.9 u	11.6 u	9.6 u	10.9 bu	13.7 u	15.2 u	: u	9.6 u
A,ED5-8,M,Y15-74,PC,EL54	14.1 bu	15.5 u	16.0 u	13.7 u	14.3 u	8.7 u	6.4 u	6.9 bu	: u	11.8 u	: u	: u
A,ED5-8,M,Y15-74,PC,EL61	14.1 b	15.6 	15.5 	13.1 	12.0 	11.9 	13.1 	9.6 b	9.3 	11.3 	8.1 	3.0 u
A,ED5-8,M,Y15-74,PC,EL62	: bu	: u	: u	: u	: u	: u	: u	: bu	: u	: u	: u	: u
A,ED5-8,M,Y15-74,PC,EL63	23.0 b	16.2 	11.6 	13.0 	13.4 	9.6 u	12.9 	12.0 b	6.5 u	6.5 u	8.8 	7.0 u
A,ED5-8,M,Y15-74,PC,EL64	24.1 b	18.7 	13.3 u	15.1 	14.6 	7.7 u	18.0 	12.6 b	5.4 u	5.0 u	: u	: u
A,ED5-8,M,Y15-74,PC,EL65	17.0 b	13.9 	13.3 	10.7 u	7.3 u	7.2 u	4.8 u	: bu	5.0 u	: u	5.2 u	5.4 u
A,ED5-8,M,Y15-74,PC,ES11	12.8 b	12.2 	11.0 	9.9 	7.4 	6.8 	8.4 	8.2 bd	7.3 d	6.5 d	5.8 d	4.9 d
A,ED5-8,M,Y15-74,PC,ES12	13.0 b	13.6 	13.5 	9.1 	8.0 	8.0 	8.6 	7.9 bd	7.7 d	6.5 d	4.9 du	5.0 d
A,ED5-8,M,Y15-74,PC,ES13	13.4 b	11.2 	10.9 	9.6 	6.0 u	6.0 u	8.2 u	7.4 bdu	6.2 du	4.4 du	4.6 du	4.7 du
A,ED5-8,M,Y15-74,PC,ES21	9.4 b	8.4 	7.3 	6.1 	6.2 	4.3 	5.5 	5.8 bd	4.8 d	4.3 d	4.4 d	4.3 d
A,ED5-8,M,Y15-74,PC,ES22	7.6 b	5.7 u	4.9 u	5.4 u	4.6 u	5.0 u	7.6 	6.8 bd	4.0 du	6.5 d	4.5 du	4.0 du
A,ED5-8,M,Y15-74,PC,ES23	9.3 bu	8.6 u	7.0 u	5.8 u	5.5 u	7.6 u	6.3 u	5.2 bdu	4.4 du	5.6 du	6.6 du	5.5 du
A,ED5-8,M,Y15-74,PC,ES24	8.5 b	6.5 	7.7 	4.7 	5.0 	5.4 	6.3 	6.6 bd	4.5 d	4.3 d	3.2 du	3.3 du
A,ED5-8,M,Y15-74,PC,ES30	10.5 b	9.6 	8.6 	6.6 	6.3 	7.2 	8.0 	6.9 bd	6.2 d	4.6 d	5.7 d	4.8 d
A,ED5-8,M,Y15-74,PC,ES41	11.9 b	9.4 	8.8 	7.0 	6.5 	5.8 	6.7 	6.7 bd	5.5 d	5.7 d	4.7 d	4.6 d
A,ED5-8,M,Y15-74,PC,ES42	15.7 b	13.7 	12.2 	9.4 	6.6 	6.7 	8.4 	8.5 bd	6.8 d	6.0 d	4.8 d	7.2 d
A,ED5-8,M,Y15-74,PC,ES43	16.5 b	13.0 	13.5 	11.6 	12.3 	10.1 	9.1 	10.8 bd	7.3 d	8.7 d	11.4 d	7.3 d
A,ED5-8,M,Y15-74,PC,ES51	11.1 b	9.3 	7.0 	6.6 	6.2 	5.6 	7.3 	5.9 bd	4.8 d	4.8 d	4.7 d	4.1 d
A,ED5-8,M,Y15-74,PC,ES52	16.0 b	12.8 	11.1 	10.2 	9.1 	9.0 	10.7 	9.6 bd	6.3 d	6.4 d	8.0 d	6.1 d
A,ED5-8,M,Y15-74,PC,ES53	10.9 b	8.9 	6.3 	6.9 	5.1 u	6.2 	10.0 	8.3 bd	5.8 d	6.7 d	4.8 d	4.9 d
A,ED5-8,M,Y15-74,PC,ES61	18.9 b	16.2 	15.0 	11.1 	10.1 	9.6 	12.0 	11.1 bd	8.5 d	9.1 d	7.7 d	7.4 d
A,ED5-8,M,Y15-74,PC,ES62	14.2 b	11.6 	9.0 	7.4 	7.4 	6.8 	8.5 	7.4 bd	6.2 d	7.7 d	5.6 d	5.8 d
A,ED5-8,M,Y15-74,PC,ES63	: bu	: u	: u	: u	: u	: u	: u	: bu	: u	: u	: u	: u
A,ED5-8,M,Y15-74,PC,ES64	: bu	: u	: u	: u	: u	: u	: u	: bu	: u	: u	: u	: u
A,ED5-8,M,Y15-74,PC,ES70	19.2 b	15.5 	13.5 	14.2 	13.9 	13.5 	16.5 	13.6 bd	10.6 d	8.4 d	7.6 d	8.0 d
A,ED5-8,M,Y15-74,PC,FI19	5.7 b	6.4 	6.6 	6.1 	4.4 	4.0 	3.4 	4.2 b	3.7 	4.9 u	4.9 u	5.3 u
A,ED5-8,M,Y15-74,PC,FI1B	4.8 b	5.8 	5.1 	4.5 	4.2 	4.4 	4.1 	5.3 b	4.8 	4.5 	4.8 	5.5 
A,ED5-8,M,Y15-74,PC,FI1C	6.4 b	7.4 	6.3 	4.9 	3.4 u	4.2 u	4.5 	5.7 b	5.2 	4.7 u	5.6 u	5.0 u
A,ED5-8,M,Y15-74,PC,FI1D	6.8 b	6.4 	6.9 	5.6 	4.4 	4.4 	4.7 	5.7 b	3.9 u	3.7 u	4.7 u	5.7 u
A,ED5-8,M,Y15-74,PC,FI20	: bu	: u	: u	: u	: u	: u	: u	: bu	: u	: u	: u	: u
A,ED5-8,M,Y15-74,PC,FR10	7.0 	7.5 	5.5 	4.3 	5.8 	5.7 	6.4 	5.8 bd	5.1 d	6.0 d	5.9 d	6.5 d
A,ED5-8,M,Y15-74,PC,FRB0	4.6 u	6.6 	4.8 u	4.6 u	5.5 u	5.0 u	5.4 u	4.3 bdu	3.4 du	3.9 du	5.5 d	4.6 d
A,ED5-8,M,Y15-74,PC,FRC1	7.2 u	5.7 u	6.2 u	5.2 u	6.6 u	6.0 u	4.7 u	4.2 bdu	: u	4.9 du	7.2 du	: u
A,ED5-8,M,Y15-74,PC,FRC2	11.9 u	4.5 u	3.5 u	3.6 u	: u	: u	: u	: bu	: u	: u	: u	: u
A,ED5-8,M,Y15-74,PC,FRD1	7.5 u	6.0 u	5.2 u	6.1 u	7.9 u	11.9 u	: u	: bu	: u	: u	5.8 du	: u
A,ED5-8,M,Y15-74,PC,FRD2	4.3 u	5.6 u	4.6 u	4.7 u	7.0 u	5.0 u	5.0 u	6.1 bdu	4.9 du	: u	4.0 du	5.0 du
A,ED5-8,M,Y15-74,PC,FRE1	6.0 	6.9 	6.7 	6.0 	6.8 	5.1 	4.4 	5.2 bd	6.9 d	5.1 d	5.3 d	6.7 d
A,ED5-8,M,Y15-74,PC,FRE2	7.1 u	6.1 u	6.7 u	4.2 u	: u	: u	5.9 u	7.4 bd	7.1 d	5.4 du	: u	3.3 du
A,ED5-8,M,Y15-74,PC,FRF1	5.8 u	5.2 u	6.4 u	4.2 u	4.7 u	6.0 	6.3 	5.0 bdu	3.8 du	3.4 du	4.4 du	3.1 du
A,ED5-8,M,Y15-74,PC,FRF2	6.4 u	7.6 u	7.1 u	6.4 u	: u	: u	: u	5.5 bdu	: u	: u	: u	: u
A,ED5-8,M,Y15-74,PC,FRF3	8.7 	7.1 	5.5 u	5.9 	5.8 u	5.8 	6.1 	5.3 bdu	4.4 du	6.5 d	4.8 du	4.6 du
A,ED5-8,M,Y15-74,PC,FRG0	5.8 	6.0 	5.2 	4.5 	5.9 	5.2 	4.2 	4.6 bd	4.0 d	3.8 d	4.8 d	5.2 d
A,ED5-8,M,Y15-74,PC,FRH0	5.1 	6.3 	4.0 u	6.2 	5.8 	5.5 	4.8 	3.7 bd	4.4 d	4.9 d	6.3 d	3.2 d
A,ED5-8,M,Y15-74,PC,FRI1	6.6 	6.0 	6.5 	6.5 	5.4 	5.9 	5.8 	6.5 bd	4.9 d	4.0 d	4.6 d	6.3 d
A,ED5-8,M,Y15-74,PC,FRI2	5.5 u	8.2 u	6.6 u	3.9 u	: u	: u	: u	: bu	: u	: u	: u	: u
A,ED5-8,M,Y15-74,PC,FRI3	6.5 u	6.1 u	5.1 u	4.9 u	5.0 u	: u	: u	4.8 bdu	5.4 du	4.0 du	3.3 du	3.7 du
A,ED5-8,M,Y15-74,PC,FRJ1	5.6 u	6.5 	7.4 	5.8 	7.6 	5.7 	6.0 	7.4 bd	6.5 d	5.3 d	5.6 d	4.7 d
A,ED5-8,M,Y15-74,PC,FRJ2	6.5 	6.0 	5.2 	4.6 	3.7 	3.8 	2.8 u	4.5 bd	5.1 d	6.3 d	4.0 d	5.1 d
A,ED5-8,M,Y15-74,PC,FRK1	4.3 u	5.6 u	2.5 u	5.4 u	: u	: u	: u	: bu	: u	: u	4.9 du	4.4 du
A,ED5-8,M,Y15-74,PC,FRK2	5.5 	6.0 	5.6 	4.6 	4.1 	4.0 	5.3 	5.5 bd	4.6 d	4.9 d	4.8 d	5.6 d
A,ED5-8,M,Y15-74,PC,FRL0	6.4 	6.5 	5.4 	5.2 	5.3 	7.2 	4.5 	5.6 bd	4.0 d	4.6 d	4.7 d	4.5 d
A,ED5-8,M,Y15-74,PC,FRM0	: u	11.7 u	3.7 u	7.0 u	: u	: u	: u	: bu	: u	: u	: u	: u
A,ED5-8,M,Y15-74,PC,FRY1	: u	: u	: u	: u	: u	: u	: u	: bu	: u	: u	: u	12.8 du
A,ED5-8,M,Y15-74,PC,FRY2	: u	: u	: u	: u	: u	: u	: u	: bu	: u	: u	: u	13.6 du
A,ED5-8,M,Y15-74,PC,FRY3	: u	: u	: u	: u	: u	: u	: u	: bu	: u	: u	: u	: u
A,ED5-8,M,Y15-74,PC,FRY4	: u	6.7 u	6.9 u	8.3 u	8.1 u	9.3 u	7.4 u	8.0 bdu	8.3 du	8.6 du	6.5 du	6.3 du
A,ED5-8,M,Y15-74,PC,FRY5	: u	: u	: u	: u	: u	: u	: u	: 	: 	: 	: 	: 
A,ED5-8,M,Y15-74,PC,HR02	: 	: 	11.1 u	9.4 u	5.9 u	5.7 u	6.1 u	5.9 bu	5.6 u	6.5 u	2.8 u	3.8 u
A,ED5-8,M,Y15-74,PC,HR03	10.5 bu	10.3 u	7.3 u	6.0 u	7.4 u	4.4 u	4.5 u	4.4 bu	6.3 u	2.6 u	5.5 u	3.9 u
A,ED5-8,M,Y15-74,PC,HR04	8.1 b	8.3 	: 	: 	: 	: 	: 	: 	: 	: 	: 	: 
A,ED5-8,M,Y15-74,PC,HR05	: 	: 	4.8 u	8.4 u	4.2 u	3.9 u	3.9 u	3.8 bu	3.1 u	1.3 u	3.0 u	2.8 u
A,ED5-8,M,Y15-74,PC,HR06	: 	: 	4.5 u	6.0 u	: u	: u	: u	4.3 bu	3.5 u	: u	: u	: u
A,ED5-8,M,Y15-74,PC,HU11	2.6 bu	2.2 u	2.2 u	: u	: bu	1.3 u	1.3 u	1.1 bu	1.1 u	1.4 u	2.2 	2.7 
A,ED5-8,M,Y15-74,PC,HU12	: bu	: u	: u	: u	: bu	: u	: u	: bu	: u	: u	: u	: u
A,ED5-8,M,Y15-74,PC,HU21	: bu	: u	: u	: u	: bu	: u	: u	: bu	: u	: u	: u	: u
A,ED5-8,M,Y15-74,PC,HU22	: bu	: u	: u	: u	: bu	: u	: u	: bu	: u	: u	: u	: u
A,ED5-8,M,Y15-74,PC,HU23	: bu	: u	: u	: u	: bu	: u	: u	: bu	: u	: u	: u	: u
A,ED5-8,M,Y15-74,PC,HU31	: bu	: u	: u	: u	: bu	: u	: u	: bu	: u	: u	: u	: u
A,ED5-8,M,Y15-74,PC,HU32	: bu	: u	: u	: u	: bu	: u	: u	: bu	: u	: u	: u	: u
A,ED5-8,M,Y15-74,PC,HU33	5.2 bu	: u	: u	: u	: bu	: u	: u	: bu	: u	: u	: u	: u
A,ED5-8,M,Y15-74,PC,IE04	7.7 b	7.9 	6.3 	4.3 b	3.2 u	: u	: u	: bu	: u	: u	: u	: u
A,ED5-8,M,Y15-74,PC,IE05	7.4 b	5.7 	6.0 	4.4 b	4.6 	3.9 u	3.6 u	4.7 bu	3.2 u	2.9 u	3.0 u	2.6 u
A,ED5-8,M,Y15-74,PC,IE06	6.1 b	4.6 	4.3 	3.6 b	3.5 	2.9 	4.1 	4.3 b	3.0 	2.8 	3.2 	3.3 
A,ED5-8,M,Y15-74,PC,IS00	2.6 b	2.0 	: u	1.7 	2.1 	2.4 	4.0 b	4.0 b	2.5 	3.5 	2.9 	: 
A,ED5-8,M,Y15-74,PC,ITC1	4.5 b	3.9 	4.2 	3.9 	3.4 b	3.5 	3.4 	4.1 b	2.8 	3.1 	2.2 	3.1 
A,ED5-8,M,Y15-74,PC,ITC2	: bu	: u	: u	: u	: bu	: u	: u	: bu	: u	: u	: u	: u
A,ED5-8,M,Y15-74,PC,ITC3	3.5 bu	2.8 u	3.3 u	3.1 u	2.4 bu	4.1 	3.8 	4.1 bu	: u	3.4 u	2.2 u	: u
A,ED5-8,M,Y15-74,PC,ITC4	4.3 b	3.3 	3.2 	3.0 	3.0 b	2.1 	2.7 	3.3 b	2.2 	1.9 	2.4 	2.1 
A,ED5-8,M,Y15-74,PC,ITF1	8.6 b	6.3 	5.7 	6.8 	3.6 bu	6.2 	5.8 	5.4 bu	3.8 u	4.1 u	: u	2.6 u
A,ED5-8,M,Y15-74,PC,ITF2	: bu	: u	: u	: u	: bu	: u	: u	: bu	: u	: u	: u	: u
A,ED5-8,M,Y15-74,PC,ITF3	10.4 b	8.0 	8.8 	8.3 	8.5 b	9.4 	8.1 	7.4 b	5.0 	4.7 	4.3 	3.2 
A,ED5-8,M,Y15-74,PC,ITF4	9.2 b	10.1 	7.5 	8.4 	6.1 b	6.7 	5.4 	6.5 b	4.0 	3.8 	3.9 	4.6 
A,ED5-8,M,Y15-74,PC,ITF5	12.5 bu	9.0 u	8.9 u	9.1 u	: bu	: u	: u	: bu	: u	: u	: u	: u
A,ED5-8,M,Y15-74,PC,ITF6	12.4 b	11.3 	11.3 	12.1 	12.4 b	11.6 	9.8 	9.7 b	8.9 	9.0 	8.7 	5.7 
A,ED5-8,M,Y15-74,PC,ITG1	9.4 b	10.8 	8.9 	9.7 	9.0 b	7.9 	6.7 	7.8 b	5.6 	4.6 	3.7 	5.2 
A,ED5-8,M,Y15-74,PC,ITG2	8.9 b	7.7 	6.0 	8.5 	8.6 b	12.4 	6.9 	6.7 b	3.8 u	4.7 u	2.8 u	3.0 u
A,ED5-8,M,Y15-74,PC,ITH1	: bu	: u	: u	: u	: bu	: u	: u	: bu	: u	: u	: u	: u
A,ED5-8,M,Y15-74,PC,ITH2	: bu	: u	: u	: u	: bu	: u	: u	: bu	: u	: u	: u	: u
A,ED5-8,M,Y15-74,PC,ITH3	5.0 b	3.6 	4.2 	3.7 	3.3 b	3.4 	4.2 	3.0 b	2.4 	2.1 	1.5 	1.5 
A,ED5-8,M,Y15-74,PC,ITH4	6.8 b	3.4 u	4.9 u	3.8 u	3.0 bu	3.1 u	: u	3.3 bu	: u	: u	: u	3.8 u
A,ED5-8,M,Y15-74,PC,ITH5	4.9 b	4.1 	4.0 	3.8 	2.6 b	3.6 	2.2 	2.3 b	2.2 	3.3 	2.6 	2.6 
A,ED5-8,M,Y15-74,PC,ITI1	5.1 b	5.6 	4.6 	4.2 	2.6 b	2.2 	3.3 	2.8 b	3.0 	2.4 	2.0 	2.5 
A,ED5-8,M,Y15-74,PC,ITI2	6.8 bu	5.3 u	5.3 u	3.9 u	4.6 bu	5.3 u	4.7 u	4.6 bu	5.0 u	4.7 u	: u	: u
A,ED5-8,M,Y15-74,PC,ITI3	5.5 b	5.8 	4.8 	6.8 	5.6 b	5.5 	4.2 	3.0 bu	: u	3.0 u	2.8 u	2.8 u
A,ED5-8,M,Y15-74,PC,ITI4	5.8 b	5.4 	5.3 	3.8 	4.7 b	4.6 	4.2 	3.6 b	3.4 	2.5 	2.3 	2.6 
A,ED5-8,M,Y15-74,PC,LT01	2.7 bu	3.2 u	2.5 u	2.1 u	2.9 u	2.4 u	3.3 u	3.3 b	3.1 u	3.2 	3.5 	3.0 
A,ED5-8,M,Y15-74,PC,LT02	4.9 b	3.3 	3.5 	3.8 	3.1 	4.0 	5.0 	5.3 b	4.3 	4.7 	5.6 	5.0 
A,ED5-8,M,Y15-74,PC,LU00	4.0 b	4.3 b	4.2 	3.6 	4.2 	3.8 	4.1 	3.2 b	3.4 	4.3 	4.5 	: u
A,ED5-8,M,Y15-74,PC,LV00	5.0 b	4.1 	4.7 	3.9 	4.3 	4.2 	6.2 	5.0 b	4.6 	3.3 	4.0 	4.5 
A,ED5-8,M,Y15-74,PC,ME00	10.0 b	9.8 	12.4 	10.5 	11.0 	13.2 	13.1 	: 	: 	: 	: 	: 
A,ED5-8,M,Y15-74,PC,MK00	20.0 b	19.3 	17.6 	15.4 	15.2 	13.4 	12.2 	11.1 b	10.5 	9.8 	5.7 	6.6 
A,ED5-8,M,Y15-74,PC,MT00	2.5 bu	: u	: u	1.9 u	2.1 u	2.5 	3.5 	1.2 bu	2.6 	2.5 u	2.3 	2.5 
A,ED5-8,M,Y15-74,PC,NL11	4.1 bu	5.8 	4.2 u	4.8 u	3.2 u	3.5 bu	3.0 u	5.6 b	4.5 	3.9 	3.9 	3.9 
A,ED5-8,M,Y15-74,PC,NL12	: bu	4.2 u	: u	: u	: u	: bu	: u	4.3 bu	: u	: u	: u	3.6 u
A,ED5-8,M,Y15-74,PC,NL13	: bu	: u	4.2 u	: u	: u	: bu	: u	: bu	: u	: u	: u	: u
A,ED5-8,M,Y15-74,PC,NL21	3.5 b	3.9 	2.8 	2.1 u	1.8 u	2.5 b	2.9 	2.6 b	2.4 	1.9 u	2.6 	2.8 
A,ED5-8,M,Y15-74,PC,NL22	3.8 b	3.5 	3.8 	2.0 	2.4 	2.0 b	2.3 	2.5 b	2.7 	2.7 	2.7 	2.7 
A,ED5-8,M,Y15-74,PC,NL23	: bu	: u	: u	: u	: u	: bu	: u	: bu	: u	: u	: u	2.7 u
A,ED5-8,M,Y15-74,PC,NL31	3.8 b	4.1 	3.3 	1.7 	2.1 	: 	: 	: 	: 	: 	: 	: 
A,ED5-8,M,Y15-74,PC,NL32	3.6 b	3.0 	3.1 	3.0 	2.8 	2.5 b	2.3 	3.0 b	2.9 	2.8 	3.3 	3.4 
A,ED5-8,M,Y15-74,PC,NL33	4.1 b	3.6 	3.5 	3.4 	2.5 	: 	: 	: 	: 	: 	: 	: 
A,ED5-8,M,Y15-74,PC,NL34	: bu	: u	: u	: u	: u	: bu	: u	: bu	: u	: u	: u	: u
A,ED5-8,M,Y15-74,PC,NL35	: 	: 	: 	: 	: 	1.8 b	2.3 	2.1 b	2.0 	2.1 	2.6 	2.7 
A,ED5-8,M,Y15-74,PC,NL36	: 	: 	: 	: 	: 	2.4 b	2.5 	4.1 b	3.0 	2.5 	2.6 	3.5 
A,ED5-8,M,Y15-74,PC,NL41	4.0 b	3.3 	2.5 	2.7 	2.2 	2.2 b	2.6 	1.5 b	2.0 	2.6 	2.1 	2.1 
A,ED5-8,M,Y15-74,PC,NL42	4.6 b	4.7 	3.3 	2.6 u	2.6 u	2.1 bu	2.6 	2.2 b	2.2 u	2.3 	2.3 	1.7 u
A,ED5-8,M,Y15-74,PC,NO01	1.9 b	2.6 	: 	: 	: 	: 	: 	: 	: 	: 	: 	: 
A,ED5-8,M,Y15-74,PC,NO02	: bu	3.4 u	3.4 u	: u	: u	: u	: u	: bu	: u	: u	: u	: u
A,ED5-8,M,Y15-74,PC,NO03	2.8 b	2.5 	: 	: 	: 	: 	: 	: 	: 	: 	: 	: 
A,ED5-8,M,Y15-74,PC,NO04	1.7 bu	4.4 	: 	: 	: 	: 	: 	: 	: 	: 	: 	: 
A,ED5-8,M,Y15-74,PC,NO05	2.2 b	2.6 	: 	: 	: 	: 	: 	: 	: 	: 	: 	: 
A,ED5-8,M,Y15-74,PC,NO06	1.5 bu	1.6 u	2.8 u	: u	: u	: u	: u	: bu	: u	: u	: u	: u
A,ED5-8,M,Y15-74,PC,NO07	1.4 bu	1.9 u	2.2 u	: u	: u	: u	: u	: bu	: u	: u	: u	: u
A,ED5-8,M,Y15-74,PC,NO08	: 	: 	2.9 	3.2 u	2.7 u	2.2 u	3.2 u	3.0 bu	2.1 u	2.1 u	3.0 u	3.4 u
A,ED5-8,M,Y15-74,PC,NO09	: 	: 	4.1 	: u	: u	: u	: u	: bu	: u	: u	: u	: u
A,ED5-8,M,Y15-74,PC,NO0A	: 	: 	4.8 	: u	: u	: u	: u	: bu	: u	: u	: u	: u
A,ED5-8,M,Y15-74,PC,PL21	4.2 bu	3.1 u	2.9 bu	2.1 u	: u	2.7 bu	: u	: bu	: u	: u	: u	: u
A,ED5-8,M,Y15-74,PC,PL22	2.8 bu	2.6 u	2.2 bu	2.0 u	2.5 u	: bu	: u	: bu	: u	: u	: u	: u
A,ED5-8,M,Y15-74,PC,PL41	4.2 bu	3.7 u	: bu	: u	: u	: bu	: u	: bu	: u	: u	: u	: u
A,ED5-8,M,Y15-74,PC,PL42	: bu	: u	: bu	: u	: u	: bu	: u	: bu	: u	: u	: u	: u
A,ED5-8,M,Y15-74,PC,PL43	: bu	: u	: bu	: u	: u	: bu	: u	: bu	: u	: u	: u	: u
A,ED5-8,M,Y15-74,PC,PL51	: bu	: u	: bu	: u	: u	: bu	: u	: bu	: u	: u	: u	: u
A,ED5-8,M,Y15-74,PC,PL52	: bu	: u	: bu	: u	: u	: bu	: u	: bu	: u	: u	: u	: u
A,ED5-8,M,Y15-74,PC,PL61	: bu	: u	: bu	: u	: u	: bu	: u	: bu	: u	: u	: u	: u
A,ED5-8,M,Y15-74,PC,PL62	: bu	: u	: bu	: u	: u	: bu	: u	: bu	: u	: u	: u	: u
A,ED5-8,M,Y15-74,PC,PL63	: bu	: u	: bu	: u	: u	: bu	: u	: bu	: u	: u	: u	: u
A,ED5-8,M,Y15-74,PC,PL71	: bu	3.0 u	: bu	: u	: u	: bu	: u	: bu	: u	: u	: u	: u
A,ED5-8,M,Y15-74,PC,PL72	8.6 bu	6.7 u	: bu	: u	: u	: bu	: u	: bu	: u	: u	: u	: u
A,ED5-8,M,Y15-74,PC,PL81	5.8 bu	5.6 u	5.5 bu	4.6 u	: u	: bu	: u	: bu	: u	: u	: u	: u
A,ED5-8,M,Y15-74,PC,PL82	5.9 bu	5.9 u	4.9 bu	: u	: u	: bu	: u	: bu	: u	: u	: u	: u
A,ED5-8,M,Y15-74,PC,PL84	: bu	: u	: bu	: u	: u	: bu	: u	: bu	: u	: u	: u	: u
A,ED5-8,M,Y15-74,PC,PL91	2.9 bu	2.7 u	2.4 bu	2.0 u	1.7 u	1.6 bu	: u	: bu	: u	: u	: u	: u
A,ED5-8,M,Y15-74,PC,PL92	4.6 bu	4.0 u	: bu	: u	4.4 u	: bu	: u	: bu	: u	: u	: u	: u
A,ED5-8,M,Y15-74,PC,PT11	7.6 b	10.2 	8.9 	6.8 	4.6 	4.8 	7.6 	6.0 b	4.4 	6.1 	5.0 	4.1 
A,ED5-8,M,Y15-74,PC,PT15	: bu	: u	: u	: u	: u	: u	: u	: bu	: u	: u	: u	: u
A,ED5-8,M,Y15-74,PC,PT16	7.9 b	8.0 	5.3 	6.8 	6.3 	: 	: 	: 	: 	: 	: 	: 
A,ED5-8,M,Y15-74,PC,PT17	8.2 b	7.1 	8.5 	5.7 	4.9 	: 	: 	: 	: 	: 	: 	: 
A,ED5-8,M,Y15-74,PC,PT18	: bu	: u	: u	: u	: u	: 	: 	: 	: 	: 	: 	: 
A,ED5-8,M,Y15-74,PC,PT19	: 	: 	: 	: 	: 	: u	5.9 	6.8 bu	4.4 u	4.2 u	3.9 u	3.9 u
A,ED5-8,M,Y15-74,PC,PT1A	: 	: 	: 	: 	: 	4.4 	6.1 	6.3 b	4.2 u	3.1 u	4.2 	4.5 
A,ED5-8,M,Y15-74,PC,PT1B	: 	: 	: 	: 	: 	: u	: u	: bu	: u	5.9 u	: u	5.2 u
A,ED5-8,M,Y15-74,PC,PT1C	: 	: 	: 	: 	: 	: u	: u	: bu	: u	: u	: u	: u
A,ED5-8,M,Y15-74,PC,PT1D	: 	: 	: 	: 	: 	: u	: u	: bu	: u	: u	8.2 u	: u
A,ED5-8,M,Y15-74,PC,PT20	: bu	: u	: u	: u	: u	: u	: u	: bu	: u	: u	: u	: u
A,ED5-8,M,Y15-74,PC,PT30	: bu	: u	: u	: u	: u	: u	: u	: bu	: u	: u	: u	: u
A,ED5-8,M,Y15-74,PC,RO11	6.7 bu	: u	: u	: u	: u	: u	: u	: bu	: u	: u	: u	: u
A,ED5-8,M,Y15-74,PC,RO12	: bu	: u	: u	: u	: u	: u	: u	: bu	: u	: u	: u	: u
A,ED5-8,M,Y15-74,PC,RO21	7.3 bu	: u	: u	: u	: u	: u	: u	: bu	: u	: u	: u	: u
A,ED5-8,M,Y15-74,PC,RO22	8.6 bu	: u	: u	: u	: u	: u	: u	: bu	: u	: u	: u	: u
A,ED5-8,M,Y15-74,PC,RO31	: bu	6.5 u	: u	: u	: u	: u	: u	: bu	: u	: u	: u	: u
A,ED5-8,M,Y15-74,PC,RO32	4.3 bu	: u	: u	: u	: u	: u	: u	: bu	: u	: u	: u	: u
A,ED5-8,M,Y15-74,PC,RO41	: bu	8.2 u	: u	: u	: u	: u	: u	: bu	: u	: u	: u	: u
A,ED5-8,M,Y15-74,PC,RO42	: bu	: u	: u	: u	: u	: u	: u	: bu	: u	: u	: u	: u
A,ED5-8,M,Y15-74,PC,RS11	9.8 b	12.6 	12.1 	11.6 	7.6 	5.2 	6.7 	6.7 b	5.2 	5.1 	4.9 	5.8 
A,ED5-8,M,Y15-74,PC,RS12	13.4 b	12.6 	9.8 	8.4 	8.4 	5.7 	5.2 	5.6 b	4.5 u	6.5 	5.8 	3.8 u
A,ED5-8,M,Y15-74,PC,RS21	16.4 b	15.1 	15.6 	13.1 	10.4 	11.2 	9.8 	8.6 b	4.5 u	5.6 	6.9 	7.0 
A,ED5-8,M,Y15-74,PC,RS22	19.7 b	17.7 	15.0 	11.2 	12.2 	12.2 	9.7 	8.6 b	7.2 	6.2 	8.5 	6.6 
A,ED5-8,M,Y15-74,PC,SE11	4.1 b	4.0 	3.6 	3.8 	3.4 b	3.2 	4.1 	3.8 b	3.0 	3.7 	4.7 	5.6 
A,ED5-8,M,Y15-74,PC,SE12	5.1 b	5.3 	5.1 	5.6 	4.5 b	5.3 	6.5 	5.3 b	3.4 u	4.4 	4.3 	4.1 
A,ED5-8,M,Y15-74,PC,SE21	4.0 b	3.9 	3.3 u	4.4 	5.0 b	: u	: u	: bu	: u	: u	: u	: u
A,ED5-8,M,Y15-74,PC,SE22	6.8 b	6.9 	7.0 	7.1 	7.3 b	5.2 	6.1 	7.1 b	5.1 	5.3 	4.0 	5.9 
A,ED5-8,M,Y15-74,PC,SE23	4.3 b	4.0 	4.7 	3.9 	4.2 b	4.4 	5.5 	4.5 b	2.9 	3.2 	5.2 	5.7 
A,ED5-8,M,Y15-74,PC,SE31	6.2 b	5.9 	6.1 	4.6 	2.9 bu	: u	: u	: bu	: u	: u	: u	4.7 u
A,ED5-8,M,Y15-74,PC,SE32	: bu	: u	: u	: u	: bu	: u	: u	: bu	: u	: u	: u	: u
A,ED5-8,M,Y15-74,PC,SE33	5.4 b	6.4 	4.4 u	4.6 u	: bu	: u	: u	: bu	: u	: u	: u	6.5 u
A,ED5-8,M,Y15-74,PC,SI03	4.7 bu	4.5 u	6.5 	3.8 u	2.7 u	1.7 u	2.9 u	2.9 bu	2.8 u	1.8 bu	: u	2.4 u
A,ED5-8,M,Y15-74,PC,SI04	4.4 bu	4.6 u	4.9 u	4.3 u	2.7 u	2.6 u	2.9 u	3.3 bu	2.5 u	2.3 bu	: u	2.2 u
A,ED5-8,M,Y15-74,PC,SK01	3.7 bu	3.1 u	3.3 u	: u	: u	: u	: u	: bu	: u	: u	: u	: u
A,ED5-8,M,Y15-74,PC,SK02	5.3 b	6.3 	3.9 	: u	: u	: u	3.5 u	: bu	: u	: u	: u	: u
A,ED5-8,M,Y15-74,PC,SK03	5.0 bu	3.8 u	7.3 	4.9 	: u	: u	4.0 u	: bu	: u	: u	: u	: u
A,ED5-8,M,Y15-74,PC,SK04	6.2 b	6.4 	5.1 	4.7 	3.4 u	3.0 u	4.6 	: bu	: u	: u	: u	: u
A,ED5-8,M,Y15-74,PC,TR10	7.7 b	8.4 	11.1 	10.2 	11.1 	11.4 	10.6 	8.3 b	8.2 	5.7 	6.5 	6.9 
A,ED5-8,M,Y15-74,PC,TR21	7.5 b	5.9 	5.7 	5.2 	3.7 	8.1 	6.6 	7.0 b	6.0 	5.6 	3.7 	4.8 
A,ED5-8,M,Y15-74,PC,TR22	4.5 b	5.6 	5.8 	4.6 	4.5 	6.3 	7.7 	6.5 b	6.1 	4.8 	3.7 	4.2 
A,ED5-8,M,Y15-74,PC,TR31	9.7 b	8.1 	9.9 	9.5 	8.1 	11.1 	13.1 	10.9 b	9.3 	7.6 	7.3 	6.4 
A,ED5-8,M,Y15-74,PC,TR32	6.3 b	5.2 	4.3 	6.3 	6.3 	8.5 	6.8 	8.5 b	8.2 	6.6 	5.4 	5.7 
A,ED5-8,M,Y15-74,PC,TR33	3.6 b	4.6 	4.7 	5.5 	7.5 	7.7 	8.6 	7.8 b	7.7 	5.3 	4.4 	4.1 
A,ED5-8,M,Y15-74,PC,TR41	6.0 b	5.6 	6.5 	7.8 	5.2 	7.7 	6.8 	8.4 b	8.2 	6.7 	6.3 	7.2 
A,ED5-8,M,Y15-74,PC,TR42	6.8 b	8.3 	7.1 	6.8 	6.4 	9.2 	8.8 	7.1 b	8.4 	5.0 	5.0 	5.7 
A,ED5-8,M,Y15-74,PC,TR51	6.7 b	6.1 	7.9 	7.6 	7.8 	8.3 	10.2 	9.6 b	8.1 	6.9 	6.2 	4.9 
A,ED5-8,M,Y15-74,PC,TR52	5.1 b	5.7 	5.3 	5.4 	3.6 	5.1 	7.8 	6.7 b	6.4 	4.2 	5.3 	5.1 
A,ED5-8,M,Y15-74,PC,TR61	6.5 b	6.7 	8.0 	8.1 	8.5 	10.5 	9.5 	8.5 b	6.9 	5.5 	4.6 	3.5 
A,ED5-8,M,Y15-74,PC,TR62	10.0 b	8.3 	8.9 	10.2 	9.4 	9.5 	10.6 	11.6 b	9.4 	8.6 	7.5 	6.4 
A,ED5-8,M,Y15-74,PC,TR63	11.7 b	11.3 	8.6 	10.5 	13.9 	13.4 	8.4 	11.5 b	11.1 	10.8 	6.8 	6.4 
A,ED5-8,M,Y15-74,PC,TR71	6.3 b	6.7 	7.8 	7.6 	8.1 	9.2 	8.6 	10.2 b	8.5 	7.3 	5.9 	4.9 
A,ED5-8,M,Y15-74,PC,TR72	10.4 b	9.4 	6.5 	7.1 	7.8 	10.4 	10.0 	9.5 b	6.8 	7.2 	5.6 	3.9 
A,ED5-8,M,Y15-74,PC,TR81	6.1 bu	4.8 u	7.4 	7.7 	8.6 	7.4 	8.8 	10.6 b	8.7 	5.2 	5.7 u	5.4 u
A,ED5-8,M,Y15-74,PC,TR82	5.1 bu	6.4 u	4.1 u	5.6 u	3.7 u	4.7 u	5.6 u	5.4 bu	4.4 u	4.5 u	3.9 u	4.3 u
A,ED5-8,M,Y15-74,PC,TR83	6.6 b	6.8 	10.0 	8.3 	4.8 	6.5 	8.4 	7.2 b	9.6 	7.6 	5.8 	5.7 
A,ED5-8,M,Y15-74,PC,TR90	5.5 b	6.5 	4.2 	5.5 	7.5 	10.2 	8.3 	9.7 b	7.3 	7.2 	8.2 	6.0 
A,ED5-8,M,Y15-74,PC,TRA1	7.8 bu	5.0 u	3.5 u	4.8 u	9.3 	10.7 	9.2 	8.3 b	8.7 	7.6 	4.7 u	5.5 u
A,ED5-8,M,Y15-74,PC,TRA2	3.7 bu	2.3 u	4.1 u	5.8 u	7.6 u	12.3 	12.2 	8.6 b	7.9 	6.0 	6.5 u	4.5 u
A,ED5-8,M,Y15-74,PC,TRB1	4.7 b	5.8 	8.7 	5.9 	8.5 	9.6 	8.2 	8.2 b	7.6 	6.6 	5.6 	5.3 
A,ED5-8,M,Y15-74,PC,TRB2	16.9 b	8.4 	8.2 	13.3 	21.3 	19.2 	18.1 	17.1 b	14.7 	11.9 	8.3 	6.4 
A,ED5-8,M,Y15-74,PC,TRC1	4.4 b	5.4 	10.4 	11.2 	16.2 	11.8 	11.2 	10.8 b	10.2 	8.4 	7.5 	6.7 
A,ED5-8,M,Y15-74,PC,TRC2	15.7 b	9.7 	13.5 	13.1 	16.0 	18.3 	15.3 	11.3 b	10.7 	10.3 	7.0 	6.6 
A,ED5-8,M,Y15-74,PC,TRC3	19.7 b	22.5 	22.2 	18.7 	14.0 	19.8 	24.4 	26.7 b	16.5 	10.8 	10.3 	6.5 
A,ED5-8,M,Y15-74,PC,UKC1	5.8 bu	: u	4.7 u	5.6 u	: u	: u	: 	: 	: 	: 	: 	: 
A,ED5-8,M,Y15-74,PC,UKC2	5.0 bu	5.2 u	4.1 u	: u	: u	: u	: 	: 	: 	: 	: 	: 
A,ED5-8,M,Y15-74,PC,UKD1	: bu	: u	: u	: u	: u	: u	: 	: 	: 	: 	: 	: 
A,ED5-8,M,Y15-74,PC,UKD3	5.0 b	3.8 	4.4 	2.8 u	2.9 u	2.9 u	: 	: 	: 	: 	: 	: 
A,ED5-8,M,Y15-74,PC,UKD4	: bu	: u	: u	: u	: u	4.5 u	: 	: 	: 	: 	: 	: 
A,ED5-8,M,Y15-74,PC,UKD6	: bu	: u	: u	: u	: u	: u	: 	: 	: 	: 	: 	: 
A,ED5-8,M,Y15-74,PC,UKD7	4.3 bu	: u	3.6 u	: u	3.9 u	3.7 u	: 	: 	: 	: 	: 	: 
A,ED5-8,M,Y15-74,PC,UKE1	: bu	: u	: u	: u	: u	: u	: 	: 	: 	: 	: 	: 
A,ED5-8,M,Y15-74,PC,UKE2	: bu	: u	: u	: u	: u	: u	: 	: 	: 	: 	: 	: 
A,ED5-8,M,Y15-74,PC,UKE3	5.0 bu	4.1 u	: u	3.4 u	: u	: u	: 	: 	: 	: 	: 	: 
A,ED5-8,M,Y15-74,PC,UKE4	3.1 bu	3.0 u	3.3 u	2.3 u	3.2 u	2.5 u	: 	: 	: 	: 	: 	: 
A,ED5-8,M,Y15-74,PC,UKF1	2.8 bu	3.2 u	: u	: u	3.1 u	3.2 u	: 	: 	: 	: 	: 	: 
A,ED5-8,M,Y15-74,PC,UKF2	3.2 bu	: u	: u	4.1 u	4.0 u	2.4 u	: 	: 	: 	: 	: 	: 
A,ED5-8,M,Y15-74,PC,UKF3	: bu	: u	: u	: u	: u	: u	: 	: 	: 	: 	: 	: 
A,ED5-8,M,Y15-74,PC,UKG1	: bu	: u	: u	: u	: u	3.1 u	: 	: 	: 	: 	: 	: 
A,ED5-8,M,Y15-74,PC,UKG2	3.5 bu	: u	: u	: u	: u	3.2 u	: 	: 	: 	: 	: 	: 
A,ED5-8,M,Y15-74,PC,UKG3	4.3 bu	5.2 	3.9 u	3.4 u	2.6 u	3.8 	: 	: 	: 	: 	: 	: 
A,ED5-8,M,Y15-74,PC,UKH1	2.9 bu	: u	2.1 u	2.7 u	1.9 u	1.9 u	: 	: 	: 	: 	: 	: 
A,ED5-8,M,Y15-74,PC,UKH2	3.2 bu	2.4 u	2.8 u	3.0 u	: u	2.0 u	: 	: 	: 	: 	: 	: 
A,ED5-8,M,Y15-74,PC,UKH3	4.8 bu	3.0 u	: u	2.6 u	: u	: u	: 	: 	: 	: 	: 	: 
A,ED5-8,M,Y15-74,PC,UKI3	4.3 b	2.7 u	2.7 u	2.3 u	3.3 u	1.6 u	: 	: 	: 	: 	: 	: 
A,ED5-8,M,Y15-74,PC,UKI4	2.8 b	3.8 	3.1 	3.2 	2.6 	1.6 u	: 	: 	: 	: 	: 	: 
A,ED5-8,M,Y15-74,PC,UKI5	3.4 bu	5.2 	2.7 u	2.3 u	4.0 u	4.2 	: 	: 	: 	: 	: 	: 
A,ED5-8,M,Y15-74,PC,UKI6	2.5 bu	2.0 u	2.6 u	3.2 u	2.9 u	: u	: 	: 	: 	: 	: 	: 
A,ED5-8,M,Y15-74,PC,UKI7	3.9 b	3.3 u	4.6 	4.2 	2.3 u	5.0 	: 	: 	: 	: 	: 	: 
A,ED5-8,M,Y15-74,PC,UKJ1	1.9 bu	2.3 u	2.1 u	1.8 u	: u	2.1 u	: 	: 	: 	: 	: 	: 
A,ED5-8,M,Y15-74,PC,UKJ2	1.7 bu	1.8 u	2.3 u	1.6 u	2.8 u	: u	: 	: 	: 	: 	: 	: 
A,ED5-8,M,Y15-74,PC,UKJ3	: bu	2.6 u	: u	: u	2.0 u	3.1 u	: 	: 	: 	: 	: 	: 
A,ED5-8,M,Y15-74,PC,UKJ4	3.9 bu	3.3 u	2.9 u	: u	: u	2.7 u	: 	: 	: 	: 	: 	: 
A,ED5-8,M,Y15-74,PC,UKK1	1.6 bu	1.5 u	1.6 u	1.8 u	: u	2.3 u	: 	: 	: 	: 	: 	: 
A,ED5-8,M,Y15-74,PC,UKK2	: bu	: u	: u	: u	: u	: u	: 	: 	: 	: 	: 	: 
A,ED5-8,M,Y15-74,PC,UKK3	: bu	: u	: u	: u	: u	: u	: 	: 	: 	: 	: 	: 
A,ED5-8,M,Y15-74,PC,UKK4	: bu	: u	: u	: u	: u	: u	: 	: 	: 	: 	: 	: 
A,ED5-8,M,Y15-74,PC,UKL1	5.8 bu	3.8 u	3.7 u	: u	3.6 u	: u	: 	: 	: 	: 	: 	: 
A,ED5-8,M,Y15-74,PC,UKL2	: bu	: u	: u	: u	: u	: u	: 	: 	: 	: 	: 	: 
A,ED5-8,M,Y15-74,PC,UKM5	: bu	: u	: u	: u	: u	: u	: 	: 	: 	: 	: 	: 
A,ED5-8,M,Y15-74,PC,UKM6	: bu	: u	: u	: u	: u	: u	: 	: 	: 	: 	: 	: 
A,ED5-8,M,Y15-74,PC,UKM7	3.3 bu	3.7 u	2.9 u	3.3 u	2.9 u	3.3 u	: 	: 	: 	: 	: 	: 
A,ED5-8,M,Y15-74,PC,UKM8	2.9 bu	5.8 u	2.2 u	3.6 u	4.7 u	5.2 u	: 	: 	: 	: 	: 	: 
A,ED5-8,M,Y15-74,PC,UKM9	: bu	: u	6.2 u	: u	: u	: u	: 	: 	: 	: 	: 	: 
A,ED5-8,M,Y15-74,PC,UKN0	: bu	: u	3.9 u	3.3 u	: u	: u	: 	: 	: 	: 	: 	: 
A,ED5-8,T,Y15-74,PC,AT11	: bu	: u	: u	: u	: u	: u	: u	: bu	: u	: u	: u	: u
A,ED5-8,T,Y15-74,PC,AT12	3.2 b	3.5 	2.4 	2.6 	2.3 	2.7 	2.4 	2.6 b	1.8 u	2.6 	3.0 	2.5 
A,ED5-8,T,Y15-74,PC,AT13	6.7 b	6.6 	5.9 	5.2 	5.9 	5.4 	5.7 	6.8 b	5.6 	5.4 	6.0 	6.8 
A,ED5-8,T,Y15-74,PC,AT21	3.7 bu	3.9 u	3.8 u	: u	: u	: u	3.3 u	3.6 bu	3.8 u	3.3 u	: u	: u
A,ED5-8,T,Y15-74,PC,AT22	3.1 bu	3.2 u	3.0 u	2.8 u	2.7 u	2.2 u	2.9 	3.5 b	2.4 u	2.6 	3.2 	3.5 
A,ED5-8,T,Y15-74,PC,AT31	2.8 bu	2.3 u	2.6 u	1.4 u	1.5 u	1.8 u	2.8 	2.8 b	1.7 u	2.3 	2.6 	2.4 
A,ED5-8,T,Y15-74,PC,AT32	: bu	: u	: u	: u	: u	: u	: u	: bu	: u	: u	: u	3.2 u
A,ED5-8,T,Y15-74,PC,AT33	: bu	: u	2.8 u	2.9 u	: u	: u	: u	3.2 bu	3.1 u	: u	2.2 u	2.8 u
A,ED5-8,T,Y15-74,PC,AT34	: bu	: u	: u	: u	: u	: u	: u	: bu	: u	: u	: u	: u
A,ED5-8,T,Y15-74,PC,BE10	9.9 b	9.0 	8.5 	8.2 b	6.9 	7.5 	6.8 	6.4 b	6.2 	6.4 	7.1 	7.6 
A,ED5-8,T,Y15-74,PC,BE21	4.0 b	3.5 	3.3 	4.6 b	2.7 	2.3 	3.3 	3.0 b	2.4 	1.8 	2.4 	1.9 
A,ED5-8,T,Y15-74,PC,BE22	3.1 bu	2.8 u	2.6 u	2.7 bu	2.0 u	2.2 u	2.1 u	2.0 bu	2.9 	2.0 u	2.4 u	3.6 
A,ED5-8,T,Y15-74,PC,BE23	1.5 bu	3.1 	2.7 	2.2 b	2.2 	1.9 	2.0 	1.7 b	0.9 u	1.8 	1.6 	2.3 
A,ED5-8,T,Y15-74,PC,BE24	3.2 b	3.7 	3.2 	4.4 b	3.2 	2.6 	3.1 	2.9 bu	1.6 u	2.0 u	2.6 u	4.3 
A,ED5-8,T,Y15-74,PC,BE25	2.9 b	2.2 u	2.3 u	1.9 bu	1.9 u	1.6 u	2.3 	2.0 bu	1.8 u	1.4 u	1.3 u	1.8 u
A,ED5-8,T,Y15-74,PC,BE31	5.1 bu	5.3 	6.2 	6.2 b	5.3 	3.3 u	4.9 	4.6 b	3.6 u	3.9 u	5.9 	5.1 
A,ED5-8,T,Y15-74,PC,BE32	7.2 b	5.1 	4.8 	4.4 b	3.5 	3.1 	3.2 	5.3 b	4.6 	3.8 	2.7 	3.8 
A,ED5-8,T,Y15-74,PC,BE33	6.7 b	6.7 	5.6 	5.2 b	3.6 	3.7 	4.0 	4.8 b	4.7 	3.2 	3.0 	4.4 
A,ED5-8,T,Y15-74,PC,BE34	: bu	4.7 u	4.5 u	: bu	: u	: u	: u	4.7 bu	: u	4.6 u	3.6 u	4.4 u
A,ED5-8,T,Y15-74,PC,BE35	3.9 bu	5.7 u	4.1 u	3.3 bu	5.2 u	3.8 u	3.0 u	4.3 bu	4.7 	4.4 u	2.8 u	3.2 u
A,ED5-8,T,Y15-74,PC,BG31	: bu	: u	: u	4.2 u	: u	: bu	: u	: bu	: u	: u	: bu	: u
A,ED5-8,T,Y15-74,PC,BG32	5.9 bu	6.1 u	4.6 u	: u	3.2 u	: bu	: u	: bu	: u	: u	: bu	: u
A,ED5-8,T,Y15-74,PC,BG33	4.5 bu	4.3 u	4.5 u	4.9 	2.9 u	3.4 bu	4.6 u	: bu	2.4 u	: u	: bu	: u
A,ED5-8,T,Y15-74,PC,BG34	7.0 bu	5.0 u	3.3 u	3.3 u	2.4 u	: bu	: u	: bu	: u	2.7 u	: bu	2.1 u
A,ED5-8,T,Y15-74,PC,BG41	4.5 b	3.0 	2.7 	2.2 	1.5 	1.3 bu	1.6 u	1.1 bu	1.1 u	1.5 	1.3 bu	1.2 
A,ED5-8,T,Y15-74,PC,BG42	6.0 b	4.7 u	3.5 u	3.3 u	3.0 u	: bu	2.5 u	2.6 bu	: u	2.2 u	1.8 bu	1.7 u
A,ED5-8,T,Y15-74,PC,CH01	5.5 b	5.5 	5.9 	6.1 	6.2 	6.4 	6.0 	5.2 b	5.2 	5.4 	6.1 	6.4 
A,ED5-8,T,Y15-74,PC,CH02	3.0 b	3.3 	2.7 	3.2 	2.8 	2.5 	2.9 	2.8 b	2.5 	2.7 	2.8 	2.9 
A,ED5-8,T,Y15-74,PC,CH03	3.0 b	3.0 	2.7 	3.4 	3.1 	2.1 	3.4 	2.7 b	2.7 	3.0 	3.5 	3.8 
A,ED5-8,T,Y15-74,PC,CH04	3.0 b	3.0 	2.6 	3.7 	3.0 	3.2 	3.2 	3.2 b	2.6 	2.5 	3.3 	3.7 
A,ED5-8,T,Y15-74,PC,CH05	2.2 bu	2.5 	2.9 	2.6 	2.5 	2.0 	2.6 	3.3 b	2.4 	2.2 	2.2 	2.5 
A,ED5-8,T,Y15-74,PC,CH06	3.0 bu	3.5 	2.4 u	2.4 u	2.6 	2.2 u	2.1 u	2.6 b	1.9 u	2.6 	2.2 u	2.9 
A,ED5-8,T,Y15-74,PC,CH07	5.7 bu	4.3 u	5.5 u	4.9 u	4.3 u	4.0 u	4.5 u	5.0 bu	4.5 u	4.7 u	4.2 u	4.7 u
A,ED5-8,T,Y15-74,PC,CY00	12.9 b	12.1 	10.9 	9.8 	7.6 	6.1 	6.7 	6.1 b	5.5 	5.3 	4.0 	3.7 
A,ED5-8,T,Y15-74,PC,CZ01	1.8 b	1.8 	1.7 	1.5 	0.9 u	1.0 	1.6 	1.3 b	1.1 	1.5 	1.3 	1.0 u
A,ED5-8,T,Y15-74,PC,CZ02	2.6 b	1.5 u	1.0 u	0.5 u	1.0 u	0.7 u	1.1 u	1.1 bu	0.5 u	0.9 u	0.6 u	: u
A,ED5-8,T,Y15-74,PC,CZ03	4.2 b	2.1 u	1.5 u	1.0 u	0.5 u	0.7 u	1.8 u	1.4 bu	0.6 u	0.9 u	1.5 u	: u
A,ED5-8,T,Y15-74,PC,CZ04	3.1 bu	1.9 u	1.4 u	1.0 u	2.1 u	1.5 u	1.4 u	1.2 bu	0.7 u	1.9 u	1.8 u	: u
A,ED5-8,T,Y15-74,PC,CZ05	3.0 b	2.8 	1.8 u	1.6 u	1.1 u	1.1 u	1.3 u	1.6 bu	1.0 u	1.2 u	1.5 u	1.7 u
A,ED5-8,T,Y15-74,PC,CZ06	3.2 b	3.4 	2.5 	1.9 	1.5 	1.1 u	1.1 u	1.7 b	1.1 u	1.2 u	1.2 u	1.5 u
A,ED5-8,T,Y15-74,PC,CZ07	2.8 b	3.0 	1.7 u	2.0 u	0.9 u	0.7 u	1.6 u	1.0 bu	0.9 u	1.6 u	1.9 u	2.2 u
A,ED5-8,T,Y15-74,PC,CZ08	3.3 b	2.6 	3.1 	2.2 u	2.0 u	1.3 u	1.5 u	1.6 bu	1.1 u	1.8 u	1.9 u	: u
A,ED5-8,T,Y15-74,PC,DE11	1.9 b	1.6 	1.8 	2.1 	1.1 	1.6 	: bu	2.0 bu	1.6 u	2.0 u	2.4 u	2.7 u
A,ED5-8,T,Y15-74,PC,DE12	2.1 b	1.7 	2.2 	2.1 	1.9 	1.9 	: bu	: bu	: u	2.3 u	2.8 u	3.1 u
A,ED5-8,T,Y15-74,PC,DE13	2.1 b	1.6 	1.9 	2.1 	1.7 	2.0 	: bu	: bu	: u	: u	: u	: u
A,ED5-8,T,Y15-74,PC,DE14	: bu	: u	1.7 	: u	: u	: u	: bu	: bu	: u	: u	: u	: u
A,ED5-8,T,Y15-74,PC,DE21	1.7 b	1.9 	1.7 	1.6 	1.9 	1.5 	2.7 bu	2.4 bu	1.9 u	1.9 u	2.6 	2.9 
A,ED5-8,T,Y15-74,PC,DE22	: bu	: u	: u	: u	: u	: u	: bu	: bu	: u	: u	: u	: u
A,ED5-8,T,Y15-74,PC,DE23	: bu	: u	: u	: u	: u	: u	: bu	: bu	: u	: u	: u	: u
A,ED5-8,T,Y15-74,PC,DE24	: bu	: u	: u	: u	: u	: u	: bu	: bu	: u	: u	: u	: u
A,ED5-8,T,Y15-74,PC,DE25	: bu	2.0 	: u	: u	: u	: u	: bu	: bu	: u	: u	: u	: u
A,ED5-8,T,Y15-74,PC,DE26	: bu	: u	: u	: u	: u	: u	: bu	: bu	: u	: u	: u	: u
A,ED5-8,T,Y15-74,PC,DE27	: bu	: u	: u	: u	: u	: u	: bu	: bu	: u	: u	: u	: u
A,ED5-8,T,Y15-74,PC,DE30	4.6 b	4.6 	3.9 	3.6 	3.1 	3.0 	3.4 bu	4.7 b	3.0 	3.6 	4.6 	5.9 
A,ED5-8,T,Y15-74,PC,DE40	2.8 b	2.3 	2.1 	1.9 	1.5 	1.7 	: bu	: bu	: u	: u	: u	: u
A,ED5-8,T,Y15-74,PC,DE50	: bu	: u	: u	: u	: u	: u	: bu	: bu	: u	: u	: u	: u
A,ED5-8,T,Y15-74,PC,DE60	3.5 b	2.2 	2.5 	2.4 	2.7 	2.0 	: bu	3.3 bu	: u	: u	4.4 u	4.7 u
A,ED5-8,T,Y15-74,PC,DE71	2.3 b	2.5 	2.1 	1.4 	1.7 	1.8 	: bu	2.5 bu	2.4 u	2.2 u	2.5 u	2.7 u
A,ED5-8,T,Y15-74,PC,DE72	: bu	: u	: u	: u	: u	: u	: bu	: bu	: u	: u	: u	: u
A,ED5-8,T,Y15-74,PC,DE73	: bu	: u	: u	: u	: u	: u	: bu	: bu	: u	: u	: u	: u
A,ED5-8,T,Y15-74,PC,DE80	4.4 b	2.6 	3.3 	: u	: u	: u	: bu	: bu	: u	: u	: u	: u
A,ED5-8,T,Y15-74,PC,DE91	: bu	2.5 	3.0 	2.4 	: u	: u	: bu	: bu	: u	: u	: u	: u
A,ED5-8,T,Y15-74,PC,DE92	2.6 b	2.8 	2.2 	2.1 	2.2 	2.0 	: bu	: bu	: u	: u	: u	: u
A,ED5-8,T,Y15-74,PC,DE93	: bu	: u	: u	: u	: u	: u	: bu	: bu	: u	: u	: u	: u
A,ED5-8,T,Y15-74,PC,DE94	2.1 b	2.3 	: u	: u	: u	: u	: bu	: bu	: u	: u	: u	: u
A,ED5-8,T,Y15-74,PC,DEA1	2.9 b	2.8 	2.1 	1.9 	2.0 	2.1 	: bu	2.4 bu	1.9 u	2.8 u	3.1 	3.4 
A,ED5-8,T,Y15-74,PC,DEA2	2.6 b	2.3 	2.2 	2.1 	2.0 	2.1 	: bu	2.8 bu	2.0 u	2.5 u	2.7 u	2.9 
A,ED5-8,T,Y15-74,PC,DEA3	2.1 b	1.6 	2.1 	1.9 	1.9 	1.6 	: bu	: bu	: u	: u	: u	: u
A,ED5-8,T,Y15-74,PC,DEA4	2.7 b	2.3 	: u	: u	: u	: u	: bu	: bu	: u	: u	: u	: u
A,ED5-8,T,Y15-74,PC,DEA5	2.2 b	3.0 	2.2 	2.5 	1.9 	2.1 	: bu	: bu	: u	: u	2.8 u	2.9 u
A,ED5-8,T,Y15-74,PC,DEB1	: bu	: u	: u	: u	: u	: u	: bu	: bu	: u	: u	: u	: u
A,ED5-8,T,Y15-74,PC,DEB2	: bu	: u	: u	: u	: u	: u	: bu	: bu	: u	: u	: u	: u
A,ED5-8,T,Y15-74,PC,DEB3	: bu	: u	1.9 	2.1 	1.9 	1.8 	: bu	: bu	: u	: u	: u	3.2 u
A,ED5-8,T,Y15-74,PC,DEC0	: bu	: u	: u	: u	: u	: u	: bu	: bu	: u	: u	: u	: u
A,ED5-8,T,Y15-74,PC,DED2	3.2 b	2.8 	2.4 	2.1 	: u	: u	: bu	: bu	: u	: u	: u	: u
A,ED5-8,T,Y15-74,PC,DED4	2.8 b	: u	: u	: u	: u	: u	: bu	: bu	: u	: u	: u	: u
A,ED5-8,T,Y15-74,PC,DED5	3.6 b	3.9 	: u	: u	: u	: u	: bu	: bu	: u	: u	: u	: u
A,ED5-8,T,Y15-74,PC,DEE0	3.2 b	2.4 	2.8 	2.4 	2.2 	2.1 	: bu	: bu	: u	: u	: u	: u
A,ED5-8,T,Y15-74,PC,DEF0	2.2 b	2.0 	2.4 	2.2 	2.1 	1.6 	: bu	: bu	: u	: u	: u	2.5 u
A,ED5-8,T,Y15-74,PC,DEG0	3.0 b	2.7 	2.8 	2.0 	2.0 	1.9 	: bu	: bu	: u	: u	: u	: u
A,ED5-8,T,Y15-74,PC,DK01	5.3 b	5.2 	4.7 b	4.6 b	4.5 	3.9 	4.8 	4.3 b	4.0 	4.2 b	4.7 	5.3 
A,ED5-8,T,Y15-74,PC,DK02	3.4 bu	3.1 u	4.0 b	4.0 b	3.6 	4.3 	2.8 u	3.6 b	2.6 u	3.2 b	3.5 	4.6 
A,ED5-8,T,Y15-74,PC,DK03	3.8 b	4.1 	4.7 b	5.1 b	4.0 	3.6 	3.8 	3.7 b	3.4 	4.2 b	4.5 	4.8 
A,ED5-8,T,Y15-74,PC,DK04	5.2 b	4.6 	4.6 b	4.8 b	3.9 	4.4 	5.7 	4.3 b	3.1 	3.5 b	5.2 	5.4 
A,ED5-8,T,Y15-74,PC,DK05	4.8 bu	4.6 u	5.2 b	3.9 bu	4.3 u	5.0 	5.4 	3.7 bu	4.4 	3.5 bu	5.4 	5.2 
A,ED5-8,T,Y15-74,PC,EE00	4.8 b	4.0 	3.9 	3.2 	3.5 	2.8 	4.8 	3.5 b	3.7 	3.6 	4.7 	4.9 
A,ED5-8,T,Y15-74,PC,EL30	18.2 b	19.2 	16.0 	15.4 	12.8 	10.2 	9.6 	8.5 b	6.7 	5.7 	5.1 	5.7 
A,ED5-8,T,Y15-74,PC,EL41	16.0 b	18.4 	17.2 	19.7 	20.6 	14.0 	13.7 	10.4 bu	8.3 u	7.2 u	: u	: u
A,ED5-8,T,Y15-74,PC,EL42	11.7 b	7.1 u	10.2 u	8.5 u	8.8 u	12.2 	14.8 	13.0 b	10.9 	5.0 u	5.4 u	4.2 u
A,ED5-8,T,Y15-74,PC,EL43	18.2 b	19.4 	19.4 	15.4 	11.4 	8.5 	13.1 	13.1 b	11.0 	8.3 	8.7 	3.1 u
A,ED5-8,T,Y15-74,PC,EL51	18.3 b	18.7 	18.7 	17.0 	14.7 	14.1 	16.3 	19.0 b	11.5 	9.0 	9.8 	9.8 
A,ED5-8,T,Y15-74,PC,EL52	23.0 b	20.2 	19.0 	16.5 	15.2 	14.2 	12.9 	11.7 b	11.4 	12.5 	11.2 	9.7 
A,ED5-8,T,Y15-74,PC,EL53	23.1 b	25.3 	25.3 	26.6 	25.4 	24.6 	16.4 	16.1 b	20.5 	20.9 	11.8 	10.2 
A,ED5-8,T,Y15-74,PC,EL54	19.2 b	19.5 	21.2 	20.3 	15.5 	11.7 	10.8 	10.4 b	7.0 u	11.9 	8.3 	6.8 u
A,ED5-8,T,Y15-74,PC,EL61	24.7 b	23.9 	21.4 	17.2 	15.5 	15.0 	14.9 	14.9 b	15.0 	11.4 	8.7 	5.1 
A,ED5-8,T,Y15-74,PC,EL62	17.6 bu	15.8 u	12.2 u	14.6 u	13.5 u	9.1 u	8.2 u	: bu	: u	: u	7.7 u	: u
A,ED5-8,T,Y15-74,PC,EL63	25.4 b	22.4 	23.4 	21.6 	20.5 	17.7 	19.1 	15.6 b	8.3 	8.1 	9.1 	7.6 
A,ED5-8,T,Y15-74,PC,EL64	26.3 b	27.0 	25.5 	20.3 	18.4 	15.0 	20.8 	16.7 b	8.1 	6.4 u	5.6 u	5.1 u
A,ED5-8,T,Y15-74,PC,EL65	22.0 b	20.8 	17.3 	14.3 	11.2 	9.7 	8.3 	8.9 b	8.1 	8.4 	7.3 	6.6 
A,ED5-8,T,Y15-74,PC,ES11	14.9 b	14.2 	12.1 	11.1 	8.9 	7.7 	9.4 	9.0 bd	8.3 d	7.2 d	6.8 d	5.9 d
A,ED5-8,T,Y15-74,PC,ES12	15.9 b	15.3 	13.9 	9.9 	8.8 	9.0 	10.0 	9.0 bd	8.9 d	7.9 d	6.2 d	6.1 d
A,ED5-8,T,Y15-74,PC,ES13	13.4 b	12.6 	11.4 	9.6 	7.2 	6.8 	8.9 	8.0 bd	6.9 d	6.3 d	5.8 d	4.6 d
A,ED5-8,T,Y15-74,PC,ES21	10.5 b	9.4 	8.3 	7.2 	6.1 	5.3 	6.6 	6.4 bd	5.1 d	4.9 d	5.1 d	4.7 d
A,ED5-8,T,Y15-74,PC,ES22	8.8 b	8.4 	6.6 	6.8 	5.7 	5.4 	7.1 	6.2 bd	4.9 d	6.7 d	4.8 d	5.1 d
A,ED5-8,T,Y15-74,PC,ES23	11.1 b	9.6 	9.1 	8.3 	7.0 u	6.9 u	7.3 u	7.2 bdu	5.0 du	6.1 du	5.9 du	5.8 du
A,ED5-8,T,Y15-74,PC,ES24	12.4 b	9.8 	9.2 	6.5 	5.6 	6.3 	7.8 	7.1 bd	5.6 d	5.9 d	4.5 d	4.5 d
A,ED5-8,T,Y15-74,PC,ES30	11.7 b	10.7 	9.8 	7.8 	7.4 	7.6 	8.8 	7.8 bd	7.6 d	6.2 d	6.1 d	5.3 d
A,ED5-8,T,Y15-74,PC,ES41	14.6 b	12.3 	10.3 	9.0 	8.3 	8.2 	8.1 	7.7 bd	6.3 d	7.2 d	6.1 d	5.8 d
A,ED5-8,T,Y15-74,PC,ES42	18.9 b	16.5 	14.5 	12.8 	11.0 	10.1 	11.6 	10.2 bd	8.7 d	7.4 d	7.1 d	8.4 d
A,ED5-8,T,Y15-74,PC,ES43	18.4 b	17.1 	17.2 	14.7 	15.5 	13.3 	12.8 	13.9 bd	10.6 d	11.6 d	11.0 d	9.3 d
A,ED5-8,T,Y15-74,PC,ES51	11.5 b	10.4 	8.7 	7.3 	6.4 	6.1 	7.6 	6.7 bd	5.1 d	5.4 d	5.0 d	4.9 d
A,ED5-8,T,Y15-74,PC,ES52	16.8 b	14.1 	12.9 	11.9 	10.2 	10.4 	11.9 	9.7 bd	7.5 d	7.3 d	8.1 d	6.9 d
A,ED5-8,T,Y15-74,PC,ES53	12.6 b	9.2 	7.1 	6.9 	5.6 	7.0 	10.2 	9.5 bd	6.9 d	7.3 d	5.6 d	5.4 d
A,ED5-8,T,Y15-74,PC,ES61	21.5 b	19.6 	17.7 	14.6 	13.5 	12.4 	14.6 	14.2 bd	11.5 d	11.4 d	10.0 d	9.4 d
A,ED5-8,T,Y15-74,PC,ES62	16.2 b	13.3 	10.8 	9.7 	9.7 	8.6 	11.4 	9.4 bd	7.9 d	7.8 d	7.3 d	7.1 d
A,ED5-8,T,Y15-74,PC,ES63	16.5 bu	13.6 u	12.4 u	11.1 u	14.7 u	12.1 u	10.1 u	19.4 bdu	17.7 du	: u	13.2 du	9.6 du
A,ED5-8,T,Y15-74,PC,ES64	9.8 bu	15.5 u	20.2 u	14.5 u	10.7 u	11.8 u	7.3 u	11.0 bdu	12.5 du	10.4 du	9.3 du	13.9 du
A,ED5-8,T,Y15-74,PC,ES70	21.5 b	19.5 	16.8 	16.1 	14.1 	14.6 	17.9 	15.5 bd	11.0 d	10.4 d	9.7 d	8.6 d
A,ED5-8,T,Y15-74,PC,FI19	5.1 b	6.4 	7.0 	6.0 	4.4 	3.6 	4.0 	4.1 b	3.3 	4.2 	4.5 	5.0 
A,ED5-8,T,Y15-74,PC,FI1B	4.4 b	5.4 	4.8 	4.8 	4.1 	4.1 	4.1 	4.8 b	4.2 	4.1 	5.1 	5.5 
A,ED5-8,T,Y15-74,PC,FI1C	5.8 b	6.6 	5.9 	5.0 	3.6 	4.1 	4.9 	5.0 b	4.9 	4.0 	4.4 	4.9 
A,ED5-8,T,Y15-74,PC,FI1D	5.7 b	5.9 	6.3 	5.5 	4.6 	4.0 	4.7 	4.9 b	3.5 	3.7 	3.7 	4.8 
A,ED5-8,T,Y15-74,PC,FI20	: bu	: u	: u	: u	: u	: u	: u	: bu	: u	: u	: u	: u
A,ED5-8,T,Y15-74,PC,FR10	6.9 	6.7 	5.7 	4.8 	5.8 	5.3 	6.4 	5.8 bd	5.4 d	5.8 d	6.0 d	6.8 d
A,ED5-8,T,Y15-74,PC,FRB0	5.4 	5.7 	4.8 	4.7 	5.3 	5.0 	4.8 	4.5 bd	2.9 d	4.0 d	4.7 d	5.1 d
A,ED5-8,T,Y15-74,PC,FRC1	5.5 	5.5 	6.2 	5.9 	5.7 	5.3 	3.7 u	4.7 bd	3.2 du	4.6 d	5.0 d	3.1 du
A,ED5-8,T,Y15-74,PC,FRC2	8.6 	4.6 u	4.4 u	3.8 u	4.7 u	5.9 u	4.0 u	5.0 bdu	2.9 du	3.6 du	3.6 du	4.0 du
A,ED5-8,T,Y15-74,PC,FRD1	6.0 	5.6 	5.6 u	6.0 u	5.8 	6.7 	3.8 u	5.3 bd	3.8 du	3.2 du	5.1 d	4.6 d
A,ED5-8,T,Y15-74,PC,FRD2	5.6 	5.5 	4.7 	5.0 	6.1 	3.9 	4.3 	5.1 bd	3.9 d	4.0 d	4.1 d	4.3 d
A,ED5-8,T,Y15-74,PC,FRE1	6.2 	7.6 	6.9 	5.1 	5.9 	4.4 	3.5 	4.5 bd	5.4 d	6.2 d	5.5 d	5.7 d
A,ED5-8,T,Y15-74,PC,FRE2	6.6 	6.1 	6.4 	5.4 	3.5 u	4.3 	4.4 	5.8 bd	6.5 d	5.1 d	3.7 d	3.5 d
A,ED5-8,T,Y15-74,PC,FRF1	5.7 	4.6 	6.9 	4.9 	4.9 	4.9 	5.8 	4.7 bd	3.7 d	4.3 d	4.2 d	3.3 d
A,ED5-8,T,Y15-74,PC,FRF2	6.8 	6.7 	7.1 	5.6 u	4.1 u	5.1 u	5.9 u	5.4 bd	5.8 d	5.0 du	4.1 du	4.1 du
A,ED5-8,T,Y15-74,PC,FRF3	7.2 	7.4 	5.7 	6.1 	5.2 	4.4 	5.6 	4.6 bd	4.6 d	5.7 d	5.4 d	4.8 d
A,ED5-8,T,Y15-74,PC,FRG0	5.5 	5.9 	5.2 	4.6 	5.6 	5.3 	4.8 	4.6 bd	3.7 d	3.9 d	4.1 d	4.8 d
A,ED5-8,T,Y15-74,PC,FRH0	5.7 	5.7 	5.6 	6.0 	4.5 	5.0 	5.1 	3.9 bd	4.4 d	4.3 d	5.4 d	3.8 d
A,ED5-8,T,Y15-74,PC,FRI1	5.8 	7.0 	7.0 	6.8 	6.2 	6.4 	5.3 	6.2 bd	5.2 d	4.1 d	4.5 d	6.0 d
A,ED5-8,T,Y15-74,PC,FRI2	6.3 u	6.8 u	4.7 u	4.1 u	4.9 u	: u	: u	4.2 bdu	: u	: u	: u	4.6 du
A,ED5-8,T,Y15-74,PC,FRI3	6.2 	5.1 	4.5 	5.5 	5.7 	2.7 u	3.9 	4.6 bd	4.5 d	4.0 d	2.7 du	3.7 d
A,ED5-8,T,Y15-74,PC,FRJ1	6.2 	7.2 	6.9 	6.2 	6.2 	5.5 	5.9 	7.3 bd	5.8 d	5.4 d	6.3 d	5.7 d
A,ED5-8,T,Y15-74,PC,FRJ2	6.6 	5.6 	5.4 	5.1 	5.9 	4.6 	3.4 	4.2 bd	4.7 d	5.3 d	4.4 d	4.4 d
A,ED5-8,T,Y15-74,PC,FRK1	5.1 u	5.9 	4.3 u	5.8 	4.0 u	3.4 u	4.0 u	4.6 bdu	3.3 du	3.3 du	3.6 du	3.5 du
A,ED5-8,T,Y15-74,PC,FRK2	5.6 	5.6 	5.1 	4.5 	4.4 	4.6 	5.2 	5.2 bd	4.6 d	4.8 d	4.5 d	5.3 d
A,ED5-8,T,Y15-74,PC,FRL0	6.5 	7.0 	5.9 	5.7 	5.4 	6.2 	5.0 	5.7 bd	4.2 d	4.7 d	4.9 d	5.2 d
A,ED5-8,T,Y15-74,PC,FRM0	5.0 u	7.6 u	3.7 u	3.8 u	: u	: u	: u	: bu	: u	: u	: u	: u
A,ED5-8,T,Y15-74,PC,FRY1	8.6 u	12.0 u	9.6 u	11.9 u	11.2 u	7.6 u	9.9 u	9.6 bdu	7.8 du	9.6 du	7.4 du	9.5 d
A,ED5-8,T,Y15-74,PC,FRY2	11.0 u	8.7 u	: u	8.9 u	9.4 u	8.5 u	6.9 u	7.9 bdu	7.8 du	6.6 du	8.1 du	9.4 d
A,ED5-8,T,Y15-74,PC,FRY3	: u	: u	: u	: u	: u	: u	: u	: bu	: u	: u	: u	: u
A,ED5-8,T,Y15-74,PC,FRY4	9.5 	8.0 	8.1 	9.2 	8.3 	8.5 	8.0 	8.5 bd	6.4 d	7.8 d	7.1 d	6.1 d
A,ED5-8,T,Y15-74,PC,FRY5	: u	: u	: u	: u	: u	: u	: u	: 	: 	: 	: 	: 
A,ED5-8,T,Y15-74,PC,HR02	: 	: 	11.6 	10.8 u	8.0 u	6.7 u	7.6 u	6.2 bu	8.1 u	7.2 u	3.9 u	4.1 u
A,ED5-8,T,Y15-74,PC,HR03	11.6 b	10.8 	9.7 	7.0 	8.5 	6.9 	6.5 	6.3 bu	5.7 u	3.8 u	4.9 u	3.3 u
A,ED5-8,T,Y15-74,PC,HR04	8.7 b	8.3 	: 	: 	: 	: 	: 	: 	: 	: 	: 	: 
A,ED5-8,T,Y15-74,PC,HR05	: 	: 	4.5 u	5.9 u	3.1 u	3.6 u	3.2 u	3.3 bu	3.7 u	2.0 u	2.1 u	2.0 u
A,ED5-8,T,Y15-74,PC,HR06	: 	: 	4.9 u	6.1 u	5.0 u	2.9 u	3.7 u	3.2 bu	3.1 u	3.4 u	2.0 u	2.0 u
A,ED5-8,T,Y15-74,PC,HU11	3.2 b	2.7 	1.9 	1.6 	1.2 b	1.6 	1.9 	1.7 b	1.2 	1.4 	1.6 	2.1 
A,ED5-8,T,Y15-74,PC,HU12	2.5 bu	: u	: u	: u	: bu	1.6 u	1.6 u	2.1 b	1.4 u	1.6 u	1.5 u	1.6 u
A,ED5-8,T,Y15-74,PC,HU21	: bu	: u	: u	: u	: bu	: u	: u	: bu	: u	: u	: u	: u
A,ED5-8,T,Y15-74,PC,HU22	2.8 bu	: u	: u	: u	: bu	: u	: u	: bu	: u	: u	: u	: u
A,ED5-8,T,Y15-74,PC,HU23	: bu	: u	: u	: u	: bu	: u	: u	: bu	: u	: u	: u	: u
A,ED5-8,T,Y15-74,PC,HU31	4.5 bu	2.8 u	2.8 u	: u	: bu	: u	: u	2.6 bu	: u	2.4 u	3.0 u	: u
A,ED5-8,T,Y15-74,PC,HU32	3.5 bu	3.4 u	3.1 u	2.9 u	2.1 bu	: u	2.8 u	2.1 bu	: u	1.9 u	2.4 u	2.0 u
A,ED5-8,T,Y15-74,PC,HU33	4.1 bu	2.6 u	: u	2.2 u	: bu	: u	: u	: bu	: u	: u	2.1 u	2.3 u
A,ED5-8,T,Y15-74,PC,IE04	7.9 b	7.3 	6.2 	4.0 b	3.5 	3.3 u	3.9 u	3.5 bu	3.1 u	3.0 u	3.1 u	3.7 
A,ED5-8,T,Y15-74,PC,IE05	7.5 b	6.0 	5.8 	4.6 b	4.4 	3.5 	3.7 	4.4 b	2.9 	2.8 	3.1 	2.8 
A,ED5-8,T,Y15-74,PC,IE06	6.4 b	5.0 	4.3 	3.8 b	3.6 	3.1 	4.4 	4.4 b	3.2 	3.0 	3.2 	3.4 
A,ED5-8,T,Y15-74,PC,IS00	3.7 b	2.7 	1.7 	1.6 	1.9 	2.3 	3.7 b	4.1 b	2.5 	2.3 	2.3 	: 
A,ED5-8,T,Y15-74,PC,ITC1	6.2 b	5.4 	4.8 	4.6 	4.0 b	4.2 	4.3 	3.8 b	3.5 	2.8 	2.6 	3.2 
A,ED5-8,T,Y15-74,PC,ITC2	: bu	: u	: u	: u	: bu	: u	: u	: bu	: u	: u	: u	: u
A,ED5-8,T,Y15-74,PC,ITC3	5.7 b	4.5 	5.8 	6.3 	4.7 b	4.8 	4.1 	4.4 b	3.1 	3.2 	3.4 	1.8 u
A,ED5-8,T,Y15-74,PC,ITC4	5.0 b	4.4 	3.9 	3.5 	3.6 b	3.0 	3.1 	3.5 b	2.8 	2.2 	2.6 	2.1 
A,ED5-8,T,Y15-74,PC,ITF1	11.4 b	11.6 	11.6 	10.0 	8.3 b	9.0 	8.9 	8.0 b	5.7 	4.5 	2.9 	3.3 
A,ED5-8,T,Y15-74,PC,ITF2	14.8 b	11.8 	10.5 	9.1 u	8.7 bu	6.5 u	8.3 u	6.6 bu	7.4 u	6.7 u	: u	: u
A,ED5-8,T,Y15-74,PC,ITF3	12.1 b	10.2 	10.1 	10.6 	10.0 b	10.9 	10.0 	8.7 b	6.9 	6.6 	5.5 	4.1 
A,ED5-8,T,Y15-74,PC,ITF4	13.5 b	13.1 	11.5 	10.8 	9.6 b	8.1 	7.5 	7.9 b	6.8 	5.3 	4.9 	5.2 
A,ED5-8,T,Y15-74,PC,ITF5	14.7 b	12.0 	10.6 	10.6 	10.5 b	10.9 	8.0 	6.4 bu	5.7 u	4.9 u	5.0 u	3.3 u
A,ED5-8,T,Y15-74,PC,ITF6	17.5 b	15.7 	16.3 	13.3 	17.2 b	13.1 	12.9 	11.5 b	9.0 	10.2 	8.7 	6.5 
A,ED5-8,T,Y15-74,PC,ITG1	11.8 b	12.0 	11.7 	12.5 	12.2 b	10.5 	9.0 	8.8 b	6.9 	6.8 	5.1 	6.6 
A,ED5-8,T,Y15-74,PC,ITG2	10.7 b	10.6 	9.5 	10.4 	10.1 b	10.2 	6.2 	6.5 b	6.1 	4.3 	3.6 	3.2 
A,ED5-8,T,Y15-74,PC,ITH1	: bu	: u	3.6 u	: u	: bu	: u	: u	: bu	: u	: u	: u	: u
A,ED5-8,T,Y15-74,PC,ITH2	5.0 bu	5.1 u	5.1 	3.5 u	: bu	: u	3.3 u	: bu	2.8 u	3.1 u	: u	: u
A,ED5-8,T,Y15-74,PC,ITH3	6.2 b	5.7 	6.0 	4.2 	4.1 b	3.7 	4.4 	3.1 b	2.2 	2.8 	1.9 	1.9 
A,ED5-8,T,Y15-74,PC,ITH4	7.2 b	5.4 	4.7 	5.8 	4.2 b	4.3 	3.7 	4.1 b	2.7 u	2.3 u	2.6 	3.7 
A,ED5-8,T,Y15-74,PC,ITH5	5.6 b	5.2 	5.0 	4.6 	3.2 b	3.8 	3.4 	3.3 b	2.8 	3.7 	3.4 	2.8 
A,ED5-8,T,Y15-74,PC,ITI1	6.0 b	5.7 	6.1 	5.3 	4.4 b	3.5 	4.2 	4.7 b	3.6 	3.0 	2.9 	2.7 
A,ED5-8,T,Y15-74,PC,ITI2	8.3 b	5.8 	5.8 	6.6 	5.2 b	6.0 	5.8 	5.7 b	5.7 	5.2 	2.5 u	3.2 u
A,ED5-8,T,Y15-74,PC,ITI3	7.3 b	8.0 	7.2 	6.9 	5.7 b	6.3 	6.3 	4.0 b	3.0 	2.9 	2.5 	4.2 
A,ED5-8,T,Y15-74,PC,ITI4	7.4 b	6.8 	5.8 	5.8 	5.7 b	6.2 	5.1 	4.9 b	4.0 	3.5 	3.1 	3.1 
A,ED5-8,T,Y15-74,PC,LT01	3.0 b	2.9 	2.5 	2.3 	2.4 	2.2 	3.2 	2.8 b	3.1 	3.5 	3.6 	3.2 
A,ED5-8,T,Y15-74,PC,LT02	4.9 b	4.2 	3.2 	3.3 	3.1 	3.4 	4.7 	4.9 b	3.8 	4.0 	4.5 	4.4 
A,ED5-8,T,Y15-74,PC,LU00	3.9 b	4.7 b	4.0 	3.9 	4.3 	3.6 	4.7 	4.0 b	3.5 	3.9 	4.8 	5.4 
A,ED5-8,T,Y15-74,PC,LV00	5.6 b	4.9 	4.3 	3.9 	3.7 	3.6 	5.1 	4.6 b	4.2 	3.3 	4.0 	3.8 
A,ED5-8,T,Y15-74,PC,ME00	9.9 b	10.3 	11.9 	10.9 	10.3 	11.3 	13.2 	: 	: 	: 	: 	: 
A,ED5-8,T,Y15-74,PC,MK00	22.5 b	21.1 	19.4 	18.7 	17.8 	14.3 	13.7 	10.3 b	9.6 	8.7 	7.4 	7.8 
A,ED5-8,T,Y15-74,PC,MT00	2.6 b	2.0 	1.7 	2.0 	2.3 	3.1 	3.5 	1.7 b	2.8 	2.5 	2.2 	2.4 
A,ED5-8,T,Y15-74,PC,NL11	4.6 b	4.5 	4.2 	4.3 	3.2 	2.9 b	3.5 	4.3 b	3.9 	3.3 	3.3 	3.6 
A,ED5-8,T,Y15-74,PC,NL12	4.8 b	4.6 	3.5 	3.0 	3.0 	2.8 b	2.5 	4.2 b	1.9 u	3.4 	2.7 	3.1 
A,ED5-8,T,Y15-74,PC,NL13	3.8 b	3.8 	3.8 	2.3 u	2.5 u	: bu	: u	: bu	2.5 u	2.0 u	1.8 u	3.2 
A,ED5-8,T,Y15-74,PC,NL21	3.4 b	3.9 	3.5 	2.9 	2.2 	2.4 b	2.2 	2.7 b	2.3 	2.0 	2.9 	2.9 
A,ED5-8,T,Y15-74,PC,NL22	3.8 b	3.8 	3.8 	2.4 	2.3 	2.2 b	2.5 	2.5 b	2.8 	2.7 	3.0 	2.7 
A,ED5-8,T,Y15-74,PC,NL23	5.5 b	3.2 u	3.6 u	3.4 u	2.6 u	: bu	2.5 u	2.8 bu	2.5 u	2.7 u	2.6 u	2.6 
A,ED5-8,T,Y15-74,PC,NL31	3.9 b	4.2 	3.3 	2.7 	2.4 	: 	: 	: 	: 	: 	: 	: 
A,ED5-8,T,Y15-74,PC,NL32	3.6 b	3.5 	3.6 	2.9 	2.7 	2.3 b	2.6 	2.9 b	2.8 	3.1 	3.2 	3.2 
A,ED5-8,T,Y15-74,PC,NL33	4.6 b	4.0 	3.8 	3.3 	2.5 	: 	: 	: 	: 	: 	: 	: 
A,ED5-8,T,Y15-74,PC,NL34	: bu	3.6 u	: u	: u	: u	: bu	: u	5.8 b	: u	: u	: u	: u
A,ED5-8,T,Y15-74,PC,NL35	: 	: 	: 	: 	: 	1.8 b	2.4 	2.2 b	2.8 	2.5 	2.6 	3.0 
A,ED5-8,T,Y15-74,PC,NL36	: 	: 	: 	: 	: 	2.4 b	2.8 	4.0 b	3.0 	2.8 	2.8 	3.6 
A,ED5-8,T,Y15-74,PC,NL41	4.1 b	3.6 	2.8 	2.5 	2.3 	2.4 b	2.6 	1.9 b	2.3 	2.7 	2.5 	2.7 
A,ED5-8,T,Y15-74,PC,NL42	4.2 b	4.5 	3.3 	3.0 	2.5 	2.2 b	2.6 	2.6 b	2.4 	2.4 	2.5 	2.7 
A,ED5-8,T,Y15-74,PC,NO01	2.1 b	2.8 	: 	: 	: 	: 	: 	: 	: 	: 	: 	: 
A,ED5-8,T,Y15-74,PC,NO02	2.2 bu	2.8 	2.6 	: u	: u	: u	: u	: bu	: u	: u	: u	: u
A,ED5-8,T,Y15-74,PC,NO03	2.8 b	1.9 	: 	: 	: 	: 	: 	: 	: 	: 	: 	: 
A,ED5-8,T,Y15-74,PC,NO04	2.0 b	3.2 	: 	: 	: 	: 	: 	: 	: 	: 	: 	: 
A,ED5-8,T,Y15-74,PC,NO05	2.1 b	2.7 	: 	: 	: 	: 	: 	: 	: 	: 	: 	: 
A,ED5-8,T,Y15-74,PC,NO06	2.4 b	2.7 	3.1 	: u	: u	: u	: u	: bu	: u	: u	: u	: u
A,ED5-8,T,Y15-74,PC,NO07	1.7 b	1.8 	1.5 	: u	: u	: u	: u	: bu	: u	: u	: u	: u
A,ED5-8,T,Y15-74,PC,NO08	: 	: 	2.8 	2.8 	2.5 	2.2 	2.9 	3.1 b	2.1 	2.4 	3.1 	3.1 
A,ED5-8,T,Y15-74,PC,NO09	: 	: 	3.3 	: u	: u	: u	: u	: bu	: u	: u	: u	3.1 u
A,ED5-8,T,Y15-74,PC,NO0A	: 	: 	3.8 	2.7 u	2.4 u	2.5 u	2.8 u	2.3 bu	2.0 u	2.0 u	2.4 u	2.0 u
A,ED5-8,T,Y15-74,PC,PL21	5.6 b	3.8 	3.1 b	2.1 u	1.8 u	2.8 b	2.8 u	1.6 bu	: u	: u	: u	1.6 u
A,ED5-8,T,Y15-74,PC,PL22	4.5 b	3.2 	2.8 b	1.9 u	2.1 u	1.7 bu	1.7 u	: bu	: u	: u	: u	: u
A,ED5-8,T,Y15-74,PC,PL41	4.7 b	4.1 	2.4 bu	1.4 u	1.9 u	1.2 bu	: u	: bu	: u	: u	: u	: u
A,ED5-8,T,Y15-74,PC,PL42	3.7 bu	3.9 u	2.9 bu	: u	: u	: bu	: u	: bu	: u	: u	: u	: u
A,ED5-8,T,Y15-74,PC,PL43	4.6 bu	: u	: bu	: u	: u	: bu	: u	: bu	: u	: u	: u	: u
A,ED5-8,T,Y15-74,PC,PL51	3.1 bu	2.7 u	2.4 bu	2.5 u	1.4 u	1.2 bu	: u	: bu	: u	: u	: u	1.6 u
A,ED5-8,T,Y15-74,PC,PL52	: bu	: u	: bu	: u	: u	: bu	: u	: bu	: u	: u	: u	: u
A,ED5-8,T,Y15-74,PC,PL61	4.4 bu	3.4 u	3.6 bu	2.7 u	: u	2.1 bu	: u	: bu	: u	: u	: u	: u
A,ED5-8,T,Y15-74,PC,PL62	4.6 bu	4.5 u	3.1 bu	: u	: u	: bu	: u	: bu	: u	: u	: u	: u
A,ED5-8,T,Y15-74,PC,PL63	3.6 bu	3.1 u	3.1 bu	2.4 u	1.8 u	2.4 bu	: u	: bu	: u	: u	: u	: u
A,ED5-8,T,Y15-74,PC,PL71	4.4 b	3.8 	2.5 bu	1.8 u	2.4 u	2.8 bu	: u	3.7 bu	: u	: u	: u	: u
A,ED5-8,T,Y15-74,PC,PL72	8.4 b	6.5 u	5.1 bu	4.2 u	3.4 u	: bu	: u	: bu	: u	: u	: u	: u
A,ED5-8,T,Y15-74,PC,PL81	6.2 b	6.6 	5.6 b	4.4 u	3.1 u	2.9 bu	: u	: bu	: u	: u	: u	: u
A,ED5-8,T,Y15-74,PC,PL82	7.6 b	6.2 	5.6 b	4.2 u	3.6 u	3.1 bu	3.8 u	3.8 bu	: u	: u	: u	: u
A,ED5-8,T,Y15-74,PC,PL84	6.0 bu	4.2 u	4.3 bu	2.9 u	: u	: bu	: u	: bu	: u	: u	: u	: u
A,ED5-8,T,Y15-74,PC,PL91	3.2 b	3.2 	2.5 b	2.1 	1.4 u	1.5 bu	1.8 u	1.5 bu	1.1 u	1.3 u	1.8 	1.7 u
A,ED5-8,T,Y15-74,PC,PL92	5.3 b	4.7 u	4.9 bu	3.4 u	3.4 u	2.5 bu	: u	: bu	: u	: u	: u	: u
A,ED5-8,T,Y15-74,PC,PT11	11.3 b	11.5 	9.8 	8.1 	5.9 	5.7 	6.1 	5.4 b	4.4 	5.3 	4.9 	4.8 
A,ED5-8,T,Y15-74,PC,PT15	: bu	: u	: u	: u	: u	: u	: u	6.5 bu	: u	: u	: u	: u
A,ED5-8,T,Y15-74,PC,PT16	10.4 b	8.7 	6.6 	5.7 	5.5 	: 	: 	: 	: 	: 	: 	: 
A,ED5-8,T,Y15-74,PC,PT17	8.9 b	7.3 	8.3 	5.6 	4.9 	: 	: 	: 	: 	: 	: 	: 
A,ED5-8,T,Y15-74,PC,PT18	11.4 b	12.4 	10.7 	: u	: u	: 	: 	: 	: 	: 	: 	: 
A,ED5-8,T,Y15-74,PC,PT19	: 	: 	: 	: 	: 	4.7 	5.7 	5.4 b	4.3 	4.6 	4.6 	4.9 
A,ED5-8,T,Y15-74,PC,PT1A	: 	: 	: 	: 	: 	4.5 	5.9 	5.2 b	4.4 	3.6 	4.2 	4.5 
A,ED5-8,T,Y15-74,PC,PT1B	: 	: 	: 	: 	: 	6.5 	6.1 	4.1 bu	5.6 u	6.1 	4.7 u	4.7 u
A,ED5-8,T,Y15-74,PC,PT1C	: 	: 	: 	: 	: 	: u	: u	: bu	: u	: u	: u	: u
A,ED5-8,T,Y15-74,PC,PT1D	: 	: 	: 	: 	: 	6.1 	: u	7.4 bu	5.1 u	: u	5.9 u	5.4 u
A,ED5-8,T,Y15-74,PC,PT20	: bu	: u	: u	: u	: u	: u	: u	: bu	: u	: u	: u	: u
A,ED5-8,T,Y15-74,PC,PT30	: bu	: u	: u	: u	: u	: u	: u	: bu	: u	: u	: u	: u
A,ED5-8,T,Y15-74,PC,RO11	6.3 b	3.3 u	: u	: u	: u	: u	: u	: bu	: u	: u	: u	: u
A,ED5-8,T,Y15-74,PC,RO12	4.7 bu	3.5 u	: u	: u	: u	: u	: u	: bu	: u	: u	: u	: u
A,ED5-8,T,Y15-74,PC,RO21	6.1 b	: u	: u	: u	: u	: u	: u	: bu	: u	: u	: u	: u
A,ED5-8,T,Y15-74,PC,RO22	7.7 b	5.5 u	4.1 u	4.3 u	: u	: u	: u	: bu	: u	: u	: u	: u
A,ED5-8,T,Y15-74,PC,RO31	7.5 b	6.8 	4.4 u	: u	: u	: u	: u	: bu	: u	: u	: u	: u
A,ED5-8,T,Y15-74,PC,RO32	5.1 b	2.7 	2.3 u	1.7 u	1.6 u	: u	1.8 u	1.9 bu	1.8 u	2.1 u	2.6 	1.6 u
A,ED5-8,T,Y15-74,PC,RO41	6.5 bu	7.6 	6.6 u	5.3 u	: u	: u	: u	: bu	: u	: u	: u	: u
A,ED5-8,T,Y15-74,PC,RO42	: bu	: u	: u	: u	: u	: u	: u	: bu	: u	: u	: u	: u
A,ED5-8,T,Y15-74,PC,RS11	11.9 b	14.8 	12.3 	11.6 	9.0 	6.0 	5.8 	7.0 b	5.4 	4.8 	4.7 	5.5 
A,ED5-8,T,Y15-74,PC,RS12	14.1 b	12.8 	11.7 	10.0 	9.7 	6.9 	5.3 	6.9 b	5.0 	7.7 	6.3 	5.6 
A,ED5-8,T,Y15-74,PC,RS21	18.4 b	15.4 	16.7 	13.8 	13.1 	11.9 	13.0 	11.4 b	7.1 	7.8 	8.4 	7.3 
A,ED5-8,T,Y15-74,PC,RS22	22.4 b	19.7 	17.0 	15.5 	14.0 	12.1 	10.8 	10.9 b	8.1 	9.6 	9.0 	8.0 
A,ED5-8,T,Y15-74,PC,SE11	4.0 b	4.2 	3.8 	4.0 	3.2 b	3.2 	4.5 	3.5 b	3.4 	3.9 	5.1 	6.0 
A,ED5-8,T,Y15-74,PC,SE12	4.3 b	4.4 	4.0 	4.4 	4.1 b	4.0 	4.9 	4.5 b	3.6 	4.3 	4.4 	4.6 
A,ED5-8,T,Y15-74,PC,SE21	3.8 b	3.5 	3.1 	3.6 	4.1 b	3.8 u	3.3 u	3.7 bu	3.0 u	3.2 u	3.0 u	3.5 
A,ED5-8,T,Y15-74,PC,SE22	5.7 b	5.9 	5.4 	5.3 	5.2 b	4.7 	6.3 	6.7 b	4.4 	4.8 	5.1 	6.5 
A,ED5-8,T,Y15-74,PC,SE23	4.3 b	3.6 	4.0 	3.7 	3.5 b	3.8 	4.7 	4.6 b	2.9 	3.9 	6.0 	5.3 
A,ED5-8,T,Y15-74,PC,SE31	4.7 b	3.9 	4.2 	3.0 	2.5 b	3.1 u	4.4 u	4.8 b	3.2 u	3.7 u	3.1 u	4.0 
A,ED5-8,T,Y15-74,PC,SE32	3.1 bu	2.6 u	1.9 u	2.3 u	2.4 bu	: u	: u	: bu	: u	: u	: u	: u
A,ED5-8,T,Y15-74,PC,SE33	4.2 b	4.7 	3.8 	3.8 	3.4 b	3.6 u	4.0 u	3.3 bu	: u	3.2 u	4.0 u	4.7 u
A,ED5-8,T,Y15-74,PC,SI03	7.5 b	7.0 	7.6 	5.5 	3.7 	2.9 	3.8 	3.4 b	2.8 	2.0 bu	2.4 u	2.5 u
A,ED5-8,T,Y15-74,PC,SI04	5.2 b	4.7 	4.8 	5.0 	3.5 	3.1 	2.6 	3.3 b	2.6 	2.2 bu	1.8 u	2.4 u
A,ED5-8,T,Y15-74,PC,SK01	4.1 b	4.0 	4.5 	2.6 	1.8 u	: u	1.7 u	: bu	: u	: u	: u	: u
A,ED5-8,T,Y15-74,PC,SK02	5.8 b	6.3 	5.2 	3.2 	2.6 	1.9 u	3.6 	3.1 bu	: u	: u	: u	: u
A,ED5-8,T,Y15-74,PC,SK03	7.0 b	5.8 	6.5 	5.3 	3.4 	3.8 	3.7 	3.9 bu	: u	: u	: u	: u
A,ED5-8,T,Y15-74,PC,SK04	8.6 b	7.5 	6.5 	5.8 	4.4 	3.2 	4.5 	: bu	3.2 u	3.4 u	3.6 u	3.6 
A,ED5-8,T,Y15-74,PC,TR10	10.4 b	11.5 	13.2 	13.9 	12.2 	13.6 	12.9 	11.0 b	10.3 	7.8 	8.2 	8.4 
A,ED5-8,T,Y15-74,PC,TR21	11.0 b	9.7 	8.6 	9.2 	7.2 	11.1 	9.6 	10.0 b	10.0 	8.3 	7.1 	7.6 
A,ED5-8,T,Y15-74,PC,TR22	6.9 b	8.1 	9.7 	7.5 	7.2 	10.2 	9.7 	8.9 b	8.9 	8.0 	6.8 	7.5 
A,ED5-8,T,Y15-74,PC,TR31	13.3 b	12.0 	14.0 	13.0 	13.4 	14.4 	15.4 	13.2 b	12.1 	11.1 	10.0 	9.2 
A,ED5-8,T,Y15-74,PC,TR32	9.4 b	9.1 	8.5 	10.7 	10.0 	11.5 	10.2 	12.0 b	10.5 	8.9 	8.1 	7.1 
A,ED5-8,T,Y15-74,PC,TR33	6.4 b	6.4 	7.5 	9.1 	11.4 	11.8 	10.3 	10.7 b	10.4 	9.3 	7.2 	6.6 
A,ED5-8,T,Y15-74,PC,TR41	8.4 b	8.3 	8.9 	10.3 	9.2 	10.4 	8.7 	10.0 b	9.7 	9.3 	10.0 	9.2 
A,ED5-8,T,Y15-74,PC,TR42	10.9 b	12.1 	11.5 	12.4 	11.9 	12.3 	12.6 	10.2 b	10.8 	8.9 	8.3 	8.7 
A,ED5-8,T,Y15-74,PC,TR51	9.7 b	9.6 	10.5 	10.5 	10.5 	12.3 	12.8 	12.1 b	11.4 	10.8 	9.4 	7.3 
A,ED5-8,T,Y15-74,PC,TR52	7.6 b	8.2 	8.1 	8.6 	7.8 	8.5 	10.4 	11.4 b	11.3 	7.5 	9.0 	8.5 
A,ED5-8,T,Y15-74,PC,TR61	9.0 b	9.5 	12.1 	12.1 	12.8 	12.8 	10.9 	11.3 b	9.3 	7.9 	6.9 	5.1 
A,ED5-8,T,Y15-74,PC,TR62	13.6 b	12.3 	14.0 	14.3 	12.9 	13.3 	13.8 	14.6 b	13.2 	12.1 	10.8 	9.2 
A,ED5-8,T,Y15-74,PC,TR63	16.5 b	17.7 	14.5 	15.9 	17.2 	18.8 	14.6 	18.0 b	16.4 	16.4 	12.0 	10.9 
A,ED5-8,T,Y15-74,PC,TR71	9.5 b	10.9 	14.8 	15.1 	14.5 	15.0 	12.5 	15.0 b	12.9 	11.7 	11.3 	10.2 
A,ED5-8,T,Y15-74,PC,TR72	11.5 b	13.2 	9.3 	15.0 	16.0 	14.8 	12.5 	14.5 b	10.3 	11.9 	11.5 	8.0 
A,ED5-8,T,Y15-74,PC,TR81	9.1 b	11.6 	13.5 	11.1 	12.8 	12.9 	9.6 	13.6 b	12.4 	11.6 	10.7 	11.5 
A,ED5-8,T,Y15-74,PC,TR82	8.8 b	9.3 	7.5 	8.0 	7.6 	9.1 	9.2 	8.4 b	8.0 	7.5 	6.5 	7.9 
A,ED5-8,T,Y15-74,PC,TR83	8.6 b	11.1 	13.5 	10.7 	9.0 	9.6 	11.1 	12.2 b	13.6 	11.6 	10.0 	9.5 
A,ED5-8,T,Y15-74,PC,TR90	10.0 b	8.6 	6.5 	7.0 	9.0 	15.3 	11.3 	14.9 b	13.0 	11.5 	10.8 	9.5 
A,ED5-8,T,Y15-74,PC,TRA1	8.4 b	7.0 	6.3 	7.1 	11.3 	11.8 	11.2 	10.9 b	12.6 	11.7 	8.0 	8.1 
A,ED5-8,T,Y15-74,PC,TRA2	4.1 bu	5.2 u	7.8 	10.9 	12.7 	15.0 	14.6 	15.7 b	13.9 	11.4 	10.7 	10.2 
A,ED5-8,T,Y15-74,PC,TRB1	8.8 b	8.7 	11.3 	11.3 	13.1 	12.6 	10.5 	11.2 b	11.0 	10.4 	8.7 	9.1 
A,ED5-8,T,Y15-74,PC,TRB2	18.5 b	9.3 	9.4 	16.6 	24.7 	26.0 	22.1 	21.6 b	21.5 	17.0 	13.2 	11.8 
A,ED5-8,T,Y15-74,PC,TRC1	7.5 b	8.2 	14.9 	15.8 	16.9 	15.5 	13.6 	14.2 b	13.2 	11.6 	10.4 	10.6 
A,ED5-8,T,Y15-74,PC,TRC2	18.0 b	15.6 	15.7 	17.2 	22.1 	21.1 	16.1 	13.5 b	11.2 	11.4 	10.9 	10.0 
A,ED5-8,T,Y15-74,PC,TRC3	24.7 b	26.7 	25.3 	24.9 	20.6 	28.3 	29.9 	30.5 b	20.1 	14.3 	15.9 	11.5 
A,ED5-8,T,Y15-74,PC,UKC1	5.6 bu	2.7 u	4.8 u	3.7 u	: u	2.6 u	: 	: 	: 	: 	: 	: 
A,ED5-8,T,Y15-74,PC,UKC2	3.7 bu	4.2 	3.9 	3.6 u	2.1 u	3.0 u	: 	: 	: 	: 	: 	: 
A,ED5-8,T,Y15-74,PC,UKD1	: bu	: u	: u	: u	: u	: u	: 	: 	: 	: 	: 	: 
A,ED5-8,T,Y15-74,PC,UKD3	4.3 b	3.7 	4.1 	3.4 	2.7 	2.7 	: 	: 	: 	: 	: 	: 
A,ED5-8,T,Y15-74,PC,UKD4	3.0 bu	: u	1.9 u	1.9 u	2.5 u	3.2 u	: 	: 	: 	: 	: 	: 
A,ED5-8,T,Y15-74,PC,UKD6	1.9 bu	2.1 u	2.9 u	2.2 u	2.0 u	: u	: 	: 	: 	: 	: 	: 
A,ED5-8,T,Y15-74,PC,UKD7	3.6 bu	2.3 u	2.8 u	3.0 u	3.3 u	1.9 u	: 	: 	: 	: 	: 	: 
A,ED5-8,T,Y15-74,PC,UKE1	: bu	: u	3.2 u	: u	: u	: u	: 	: 	: 	: 	: 	: 
A,ED5-8,T,Y15-74,PC,UKE2	2.4 bu	: u	: u	2.7 u	2.8 u	: u	: 	: 	: 	: 	: 	: 
A,ED5-8,T,Y15-74,PC,UKE3	4.2 bu	3.6 u	3.1 u	3.1 u	2.3 u	2.8 u	: 	: 	: 	: 	: 	: 
A,ED5-8,T,Y15-74,PC,UKE4	3.3 b	2.4 u	2.6 	2.0 u	2.8 	3.3 	: 	: 	: 	: 	: 	: 
A,ED5-8,T,Y15-74,PC,UKF1	2.3 bu	2.7 	2.5 	1.5 u	2.3 u	2.6 	: 	: 	: 	: 	: 	: 
A,ED5-8,T,Y15-74,PC,UKF2	3.5 b	2.5 u	2.6 u	3.9 	3.0 	2.4 u	: 	: 	: 	: 	: 	: 
A,ED5-8,T,Y15-74,PC,UKF3	: bu	: u	: u	: u	3.3 u	: u	: 	: 	: 	: 	: 	: 
A,ED5-8,T,Y15-74,PC,UKG1	3.1 bu	2.6 u	2.4 u	1.7 u	2.7 u	2.5 u	: 	: 	: 	: 	: 	: 
A,ED5-8,T,Y15-74,PC,UKG2	2.5 bu	2.1 u	2.0 u	2.1 u	1.9 u	2.3 u	: 	: 	: 	: 	: 	: 
A,ED5-8,T,Y15-74,PC,UKG3	4.2 b	4.4 	3.9 	3.6 	3.5 	4.0 	: 	: 	: 	: 	: 	: 
A,ED5-8,T,Y15-74,PC,UKH1	3.2 b	1.9 u	2.3 	2.3 	1.9 u	1.8 u	: 	: 	: 	: 	: 	: 
A,ED5-8,T,Y15-74,PC,UKH2	2.8 b	1.9 u	3.0 	3.2 	2.0 u	1.9 u	: 	: 	: 	: 	: 	: 
A,ED5-8,T,Y15-74,PC,UKH3	4.2 b	3.1 u	1.9 u	3.6 	1.9 u	2.8 u	: 	: 	: 	: 	: 	: 
A,ED5-8,T,Y15-74,PC,UKI3	4.7 b	3.2 	3.0 	3.7 	3.7 	2.2 	: 	: 	: 	: 	: 	: 
A,ED5-8,T,Y15-74,PC,UKI4	3.6 b	3.7 	3.9 	3.6 	2.5 	1.9 	: 	: 	: 	: 	: 	: 
A,ED5-8,T,Y15-74,PC,UKI5	5.1 b	6.3 	3.8 	3.2 	3.5 	3.7 	: 	: 	: 	: 	: 	: 
A,ED5-8,T,Y15-74,PC,UKI6	2.9 bu	3.2 	2.9 	3.5 	2.5 u	2.3 u	: 	: 	: 	: 	: 	: 
A,ED5-8,T,Y15-74,PC,UKI7	3.8 b	2.9 	4.0 	3.9 	2.7 	4.2 	: 	: 	: 	: 	: 	: 
A,ED5-8,T,Y15-74,PC,UKJ1	2.4 b	2.7 	2.2 	2.1 	1.8 	2.1 	: 	: 	: 	: 	: 	: 
A,ED5-8,T,Y15-74,PC,UKJ2	2.3 b	2.3 	2.8 	2.1 	2.9 	1.3 u	: 	: 	: 	: 	: 	: 
A,ED5-8,T,Y15-74,PC,UKJ3	2.0 bu	2.7 	2.2 u	2.0 u	2.0 u	2.8 	: 	: 	: 	: 	: 	: 
A,ED5-8,T,Y15-74,PC,UKJ4	3.6 b	3.8 	2.4 u	1.7 u	2.1 u	2.7 	: 	: 	: 	: 	: 	: 
A,ED5-8,T,Y15-74,PC,UKK1	2.2 b	2.1 	2.2 	2.2 	1.9 	2.1 	: 	: 	: 	: 	: 	: 
A,ED5-8,T,Y15-74,PC,UKK2	2.2 bu	3.3 u	2.6 u	2.1 u	2.4 u	: u	: 	: 	: 	: 	: 	: 
A,ED5-8,T,Y15-74,PC,UKK3	: bu	: u	: u	: u	: u	: u	: 	: 	: 	: 	: 	: 
A,ED5-8,T,Y15-74,PC,UKK4	: bu	: u	2.0 u	3.0 u	2.5 u	: u	: 	: 	: 	: 	: 	: 
A,ED5-8,T,Y15-74,PC,UKL1	4.4 b	3.5 	2.7 u	2.4 u	2.8 u	2.8 	: 	: 	: 	: 	: 	: 
A,ED5-8,T,Y15-74,PC,UKL2	3.5 bu	2.2 u	: u	3.0 u	1.8 u	1.6 u	: 	: 	: 	: 	: 	: 
A,ED5-8,T,Y15-74,PC,UKM5	: bu	: u	3.5 u	3.9 u	: u	3.8 u	: 	: 	: 	: 	: 	: 
A,ED5-8,T,Y15-74,PC,UKM6	: bu	: u	: u	: u	: u	: u	: 	: 	: 	: 	: 	: 
A,ED5-8,T,Y15-74,PC,UKM7	3.1 b	3.0 	3.2 	2.8 	2.9 	3.1 	: 	: 	: 	: 	: 	: 
A,ED5-8,T,Y15-74,PC,UKM8	2.6 bu	4.7 	3.1 	3.6 	4.1 	3.6 	: 	: 	: 	: 	: 	: 
A,ED5-8,T,Y15-74,PC,UKM9	3.3 bu	2.7 u	4.9 	3.5 u	: u	2.2 u	: 	: 	: 	: 	: 	: 
A,ED5-8,T,Y15-74,PC,UKN0	2.0 bu	2.5 u	2.8 u	2.2 u	1.9 u	1.1 u	: 	: 	: 	: 	: 	: 
A,NRP,F,Y15-74,PC,CH01	: bu	: u	: u	: u	: u	: u	: u	: bu	: u	: u	: u	: u
A,NRP,F,Y15-74,PC,CH02	: bu	: u	: u	: u	: u	: u	: u	: bu	: u	: u	: u	: u
A,NRP,F,Y15-74,PC,CH03	: bu	: u	: u	: u	: u	: u	: u	: bu	: u	: u	: u	: u
A,NRP,F,Y15-74,PC,CH04	: bu	: u	: u	: u	: u	: u	: u	: bu	: u	: u	: u	: u
A,NRP,F,Y15-74,PC,CH05	: bu	: u	: u	: u	: u	: u	: u	: bu	: u	: u	: u	: u
A,NRP,F,Y15-74,PC,CH06	: bu	: u	: u	: u	: u	: u	: u	: bu	: u	: u	: u	: u
A,NRP,F,Y15-74,PC,CH07	: bu	: u	: u	: u	: u	: u	: u	: bu	: u	: u	: u	: u
A,NRP,F,Y15-74,PC,CZ01	: 	: 	: 	: 	: 	: 	: 	: 	: u	: 	: 	: 
A,NRP,F,Y15-74,PC,CZ02	: bu	: 	: 	: u	: 	: u	: u	: bu	: 	: 	: 	: 
A,NRP,F,Y15-74,PC,CZ03	: 	: 	: u	: u	: 	: 	: u	: 	: 	: 	: 	: 
A,NRP,F,Y15-74,PC,CZ04	: bu	: u	: 	: u	: 	: 	: u	: bu	: u	: u	: 	: u
A,NRP,F,Y15-74,PC,CZ05	: 	: u	: u	: u	: u	: u	: u	: bu	: u	: 	: u	: 
A,NRP,F,Y15-74,PC,CZ06	: 	: 	: 	: 	: 	: 	: u	: 	: u	: u	: u	: 
A,NRP,F,Y15-74,PC,CZ07	: bu	: u	: u	: u	: u	: u	: u	: bu	: u	: u	: 	: u
A,NRP,F,Y15-74,PC,CZ08	: 	: 	: 	: u	: u	: u	: u	: bu	: u	: 	: 	: u
A,NRP,F,Y15-74,PC,DE11	: bu	: u	: u	: u	: u	: u	: bu	: bu	: 	: u	: u	: u
A,NRP,F,Y15-74,PC,DE12	: bu	: u	: u	: u	: u	: u	: bu	: bu	: 	: u	: u	: u
A,NRP,F,Y15-74,PC,DE13	: bu	: u	: u	: u	: u	: u	: bu	: bu	: u	: u	: u	: u
A,NRP,F,Y15-74,PC,DE14	: bu	: u	: u	: u	: u	: u	: bu	: bu	: 	: u	: u	: u
A,NRP,F,Y15-74,PC,DE21	: bu	: u	: u	: u	: u	: u	: bu	: bu	: 	: u	: u	: u
A,NRP,F,Y15-74,PC,DE22	: bu	: u	: u	: u	: u	: u	: bu	: 	: 	: u	: u	: u
A,NRP,F,Y15-74,PC,DE23	: bu	: u	: u	: u	: u	: u	: bu	: bu	: 	: u	: u	: u
A,NRP,F,Y15-74,PC,DE24	: bu	: u	: u	: u	: u	: u	: bu	: bu	: 	: u	: u	: u
A,NRP,F,Y15-74,PC,DE25	: bu	: u	: u	: u	: u	: u	: bu	: bu	: 	: 	: u	: u
A,NRP,F,Y15-74,PC,DE26	: bu	: u	: u	: u	: u	: u	: bu	: bu	: 	: 	: u	: u
A,NRP,F,Y15-74,PC,DE27	: bu	: u	: u	: u	: u	: u	: bu	: bu	: 	: u	: u	: u
A,NRP,F,Y15-74,PC,DE30	: 	: u	: u	: u	: u	: u	: bu	: bu	: 	: u	: u	: u
A,NRP,F,Y15-74,PC,DE40	: 	: u	: u	: u	: u	: u	: bu	: bu	: 	: u	: u	: u
A,NRP,F,Y15-74,PC,DE50	: bu	: u	: u	: u	: u	: u	: bu	: bu	: 	: u	: u	: u
A,NRP,F,Y15-74,PC,DE60	: bu	: u	: u	: u	: u	: u	: bu	: bu	: 	: u	: u	: u
A,NRP,F,Y15-74,PC,DE71	: bu	: u	: u	: u	: u	: u	: bu	: bu	: u	: u	: u	: u
A,NRP,F,Y15-74,PC,DE72	: bu	: u	: u	: u	: u	: u	: bu	: bu	: 	: u	: u	: u
A,NRP,F,Y15-74,PC,DE73	: 	: u	: u	: u	: u	: u	: bu	: bu	: 	: u	: u	: 
A,NRP,F,Y15-74,PC,DE80	: bu	: u	: u	: u	: u	: u	: bu	: bu	: 	: u	: u	: u
A,NRP,F,Y15-74,PC,DE91	: bu	: u	: u	: u	: u	: u	: bu	: bu	: 	: u	: u	: u
A,NRP,F,Y15-74,PC,DE92	: bu	: u	: u	: u	: u	: u	: bu	: bu	: u	: u	: u	: u
A,NRP,F,Y15-74,PC,DE93	: bu	: u	: u	: u	: u	: u	: bu	: bu	: 	: u	: u	: u
A,NRP,F,Y15-74,PC,DE94	: bu	: u	: u	: u	: u	: u	: bu	: bu	: 	: u	: u	: u
A,NRP,F,Y15-74,PC,DEA1	: bu	: u	: u	: u	: u	: u	: bu	: bu	: 	: u	: u	: u
A,NRP,F,Y15-74,PC,DEA2	: bu	: u	: u	: u	: u	: u	: bu	: bu	: 	: u	: u	: u
A,NRP,F,Y15-74,PC,DEA3	: bu	: u	: u	: u	: u	: u	: bu	: bu	: 	: u	: u	: u
A,NRP,F,Y15-74,PC,DEA4	: bu	: u	: u	: u	: u	: u	: bu	: 	: 	: u	: u	: u
A,NRP,F,Y15-74,PC,DEA5	: bu	: u	: u	: u	: u	: u	: bu	: bu	: 	: u	: u	: u
A,NRP,F,Y15-74,PC,DEB1	: bu	: u	: u	: u	: u	: u	: bu	: bu	: 	: 	: u	: u
A,NRP,F,Y15-74,PC,DEB2	: 	: u	: u	: u	: u	: u	: bu	: bu	: 	: u	: u	: 
A,NRP,F,Y15-74,PC,DEB3	: bu	: u	: u	: u	: u	: u	: bu	: bu	: 	: u	: 	: u
A,NRP,F,Y15-74,PC,DEC0	: bu	: 	: u	: u	: u	: u	: bu	: bu	: 	: u	: 	: u
A,NRP,F,Y15-74,PC,DED2	: 	: 	: u	: u	: u	: u	: bu	: 	: 	: u	: 	: u
A,NRP,F,Y15-74,PC,DED4	: 	: 	: u	: u	: u	: u	: bu	: bu	: 	: u	: u	: u
A,NRP,F,Y15-74,PC,DED5	: 	: 	: u	: 	: 	: u	: bu	: 	: 	: 	: 	: u
A,NRP,F,Y15-74,PC,DEE0	: bu	: u	: u	: u	: u	: u	: bu	: bu	: 	: u	: u	: u
A,NRP,F,Y15-74,PC,DEF0	: bu	: u	: u	: u	: u	: u	: bu	: bu	: 	: u	: u	: u
A,NRP,F,Y15-74,PC,DEG0	: bu	: 	: u	: u	: u	: u	: bu	: bu	: 	: u	: u	: 
A,NRP,F,Y15-74,PC,DK01	: bu	: u	: bu	: bu	: u	: u	: u	: bu	: u	: bu	: u	: u
A,NRP,F,Y15-74,PC,DK02	: bu	: u	: bu	: bu	: u	: u	: u	: bu	: u	: bu	: u	: u
A,NRP,F,Y15-74,PC,DK03	: bu	: u	: bu	: bu	: u	: u	: u	: bu	: u	: bu	: u	: u
A,NRP,F,Y15-74,PC,DK04	: bu	: u	: bu	: bu	: u	: u	: u	: bu	: u	: bu	: u	: u
A,NRP,F,Y15-74,PC,DK05	: bu	: u	: bu	: bu	: u	: u	: u	: bu	: u	: bu	: u	: u
A,NRP,F,Y15-74,PC,EE00	: bu	: 	: 	: 	: 	: 	: 	: 	: 	: 	: 	: 
A,NRP,F,Y15-74,PC,ES11	: bu	: u	: u	: u	: u	: u	: u	: 	: 	: 	: 	: 
A,NRP,F,Y15-74,PC,ES12	: bu	: u	: u	: u	: u	: u	: u	: 	: 	: 	: 	: 
A,NRP,F,Y15-74,PC,ES13	: bu	: u	: u	: u	: u	: u	: u	: 	: 	: 	: 	: 
A,NRP,F,Y15-74,PC,ES21	: bu	: u	: u	: u	: u	: u	: u	: 	: 	: 	: 	: 
A,NRP,F,Y15-74,PC,ES22	: bu	: u	: u	: u	: u	: u	: u	: 	: 	: 	: 	: 
A,NRP,F,Y15-74,PC,ES23	: bu	: u	: u	: u	: u	: u	: u	: 	: 	: 	: 	: 
A,NRP,F,Y15-74,PC,ES24	: bu	: u	: u	: u	: u	: u	: u	: 	: 	: 	: 	: 
A,NRP,F,Y15-74,PC,ES30	: bu	: u	: u	: u	: u	: u	: u	: 	: 	: 	: 	: 
A,NRP,F,Y15-74,PC,ES41	: bu	: u	: u	: u	: u	: u	: u	: 	: 	: 	: 	: 
A,NRP,F,Y15-74,PC,ES42	: bu	: u	: u	: u	: u	: u	: u	: 	: 	: 	: 	: 
A,NRP,F,Y15-74,PC,ES43	: bu	: u	: u	: u	: u	: u	: u	: 	: 	: 	: 	: 
A,NRP,F,Y15-74,PC,ES51	: bu	: u	: u	: u	: u	: u	: u	: 	: 	: 	: 	: 
A,NRP,F,Y15-74,PC,ES52	: bu	: u	: u	: u	: u	: u	: u	: 	: 	: 	: 	: 
A,NRP,F,Y15-74,PC,ES53	: bu	: u	: u	: u	: u	: u	: u	: 	: 	: 	: 	: 
A,NRP,F,Y15-74,PC,ES61	: bu	: u	: u	: u	: u	: u	: u	: 	: 	: 	: 	: 
A,NRP,F,Y15-74,PC,ES62	: bu	: u	: u	: u	: u	: u	: u	: 	: 	: 	: 	: 
A,NRP,F,Y15-74,PC,ES63	: bu	: u	: u	: u	: u	: u	: u	: 	: 	: 	: 	: 
A,NRP,F,Y15-74,PC,ES64	: bu	: u	: u	: u	: u	: u	: u	: 	: 	: 	: 	: 
A,NRP,F,Y15-74,PC,ES70	: bu	: u	: u	: u	: u	: u	: u	: 	: 	: 	: 	: 
A,NRP,F,Y15-74,PC,FI19	: 	: 	: 	: 	: 	: 	: 	: bu	: u	: u	: u	: 
A,NRP,F,Y15-74,PC,FI1B	: 	: 	: 	: 	: 	: 	: 	: bu	: u	: 	: u	: u
A,NRP,F,Y15-74,PC,FI1C	: 	: 	: 	: 	: 	: 	: 	: bu	: u	: u	: 	: u
A,NRP,F,Y15-74,PC,FI1D	: 	: 	: u	: 	: 	: 	: 	: bu	: u	: u	: u	: u
A,NRP,F,Y15-74,PC,FI20	: 	: 	: 	: 	: 	: 	: 	: bu	: 	: 	: 	: 
A,NRP,F,Y15-74,PC,FR10	23.6 u	30.0 u	21.2 u	14.4 u	: u	: u	: u	: bu	: u	: u	: u	: u
A,NRP,F,Y15-74,PC,FRB0	: u	: u	: u	: u	: u	: u	: u	: bu	: u	: u	: u	: u
A,NRP,F,Y15-74,PC,FRC1	: u	: u	: u	: u	: u	: u	: u	: bu	: u	: u	: u	: u
A,NRP,F,Y15-74,PC,FRC2	: u	: u	: u	: u	: u	: u	: u	: bu	: u	: u	: u	: u
A,NRP,F,Y15-74,PC,FRD1	: u	: u	: u	: u	: u	: u	: u	: bu	: u	: u	: u	: u
A,NRP,F,Y15-74,PC,FRD2	35.3 u	: u	: u	: u	: u	: u	: u	: bu	: u	: u	: u	: u
A,NRP,F,Y15-74,PC,FRE1	: u	: u	: u	: u	: u	: u	: u	: bu	: u	: u	: u	: u
A,NRP,F,Y15-74,PC,FRE2	: u	: u	: u	: u	: u	: u	: u	: bu	: u	: u	: u	: u
A,NRP,F,Y15-74,PC,FRF1	: u	: u	: u	: u	: u	: u	: u	: bu	: u	: 	: u	: u
A,NRP,F,Y15-74,PC,FRF2	: u	: u	: u	: u	: u	: u	: 	: bu	: 	: u	: u	: u
A,NRP,F,Y15-74,PC,FRF3	: u	: u	64.1 u	: u	: u	: u	: u	: bu	: u	: u	: u	: u
A,NRP,F,Y15-74,PC,FRG0	: u	: u	44.0 u	57.0 u	: u	: u	: u	: bu	: u	: u	: u	: u
A,NRP,F,Y15-74,PC,FRH0	: u	: u	: u	: u	: u	: u	: u	: bu	: u	: u	: u	: u
A,NRP,F,Y15-74,PC,FRI1	: u	: u	: u	: u	: u	: u	: u	: bu	: u	: u	: u	: u
A,NRP,F,Y15-74,PC,FRI2	: u	: u	: u	: 	: u	: u	: u	: bu	: u	: u	: u	: u
A,NRP,F,Y15-74,PC,FRI3	: u	: u	: u	: u	: u	: u	: u	: bu	: u	: u	: u	: u
A,NRP,F,Y15-74,PC,FRJ1	: u	: u	: u	: u	: u	: u	: u	: bu	: u	: u	: u	: u
A,NRP,F,Y15-74,PC,FRJ2	: u	: u	: u	: u	: u	: u	: u	: bu	: u	: u	: u	: u
A,NRP,F,Y15-74,PC,FRK1	: u	: u	: u	: u	: u	: u	: u	: bu	: u	: u	: u	: u
A,NRP,F,Y15-74,PC,FRK2	39.7 u	24.4 u	: u	: u	: u	: u	: u	: bu	: u	: u	: u	: u
A,NRP,F,Y15-74,PC,FRL0	: u	: u	15.2 u	: u	: u	: u	: u	: bu	: u	: u	: u	: u
A,NRP,F,Y15-74,PC,FRM0	: u	: 	: u	: 	: 	: u	: 	: 	: u	: u	: u	: 
A,NRP,F,Y15-74,PC,FRY1	: u	: u	: u	: u	: u	: u	: u	: bu	: u	: u	: u	: u
A,NRP,F,Y15-74,PC,FRY2	: u	: u	: u	: u	: u	: u	: u	: bu	: u	: u	: u	: u
A,NRP,F,Y15-74,PC,FRY3	: u	: u	: u	: u	: u	: u	: u	: bu	: u	: u	: u	: u
A,NRP,F,Y15-74,PC,FRY4	: u	: u	: u	: u	: u	: u	: u	: bu	: u	: u	: u	: u
A,NRP,F,Y15-74,PC,FRY5	: u	: u	: u	: u	: u	: u	: u	: 	: 	: 	: 	: 
A,NRP,F,Y15-74,PC,IE04	: bu	: u	: u	: bu	: u	: u	: u	: bu	: u	: u	: u	: u
A,NRP,F,Y15-74,PC,IE05	: bu	: u	: u	: bu	: u	: u	: u	: bu	: u	: u	: u	: u
A,NRP,F,Y15-74,PC,IE06	: bu	: u	: u	: bu	: u	: u	: u	: bu	: u	: u	: u	: u
A,NRP,F,Y15-74,PC,IS00	: bu	: u	: 	: u	: u	: u	: 	: 	: u	: u	: u	: 
A,NRP,F,Y15-74,PC,LU00	: bu	11.6 bu	9.0 	6.0 	: u	14.2 u	: u	: bu	: u	: u	: u	: u
A,NRP,F,Y15-74,PC,LV00	: bu	: u	: u	: u	: u	: u	: u	: 	: u	: u	: u	: u
A,NRP,F,Y15-74,PC,NL11	: bu	: u	: u	: u	: u	: bu	: u	: bu	: u	: u	: u	: u
A,NRP,F,Y15-74,PC,NL12	: bu	: u	: u	: u	: u	: bu	: u	: 	: u	: u	: u	: u
A,NRP,F,Y15-74,PC,NL13	: bu	: u	: u	: u	: u	: bu	: u	: bu	: u	: u	: u	: u
A,NRP,F,Y15-74,PC,NL21	: bu	: u	: u	: u	: u	: bu	: u	: bu	: u	: u	: u	: u
A,NRP,F,Y15-74,PC,NL22	: bu	: u	: u	: u	: u	: bu	: u	: bu	: u	: u	: u	: u
A,NRP,F,Y15-74,PC,NL23	: bu	: u	: u	: u	: u	: bu	: u	: bu	: u	: u	: u	: u
A,NRP,F,Y15-74,PC,NL31	: bu	: u	: u	: u	: u	: 	: 	: 	: 	: 	: 	: 
A,NRP,F,Y15-74,PC,NL32	: bu	: u	: u	: u	: u	: bu	: u	: bu	: u	: u	: u	: u
A,NRP,F,Y15-74,PC,NL33	: bu	: u	: u	: u	: u	: 	: 	: 	: 	: 	: 	: 
A,NRP,F,Y15-74,PC,NL34	: bu	: u	: u	: u	: u	: bu	: u	: bu	: u	: u	: u	: u
A,NRP,F,Y15-74,PC,NL35	: 	: 	: 	: 	: 	: bu	: u	: bu	: u	: u	: u	: u
A,NRP,F,Y15-74,PC,NL36	: 	: 	: 	: 	: 	: bu	: u	: bu	: u	: u	: u	: u
A,NRP,F,Y15-74,PC,NL41	: bu	: u	: u	: u	: u	: bu	: u	: bu	: u	: u	: u	: u
A,NRP,F,Y15-74,PC,NL42	: bu	: u	: u	: u	: u	: bu	: u	: bu	: u	: u	: u	: u
A,NRP,F,Y15-74,PC,NO01	: bu	: u	: 	: 	: 	: 	: 	: 	: 	: 	: 	: 
A,NRP,F,Y15-74,PC,NO02	: bu	: u	: 	: 	: 	: 	: u	: bu	: u	: u	: u	: u
A,NRP,F,Y15-74,PC,NO03	: bu	: u	: 	: 	: 	: 	: 	: 	: 	: 	: 	: 
A,NRP,F,Y15-74,PC,NO04	: bu	: u	: 	: 	: 	: 	: 	: 	: 	: 	: 	: 
A,NRP,F,Y15-74,PC,NO05	: bu	: u	: 	: 	: 	: 	: 	: 	: 	: 	: 	: 
A,NRP,F,Y15-74,PC,NO06	: bu	: u	: 	: 	: 	: 	: u	: bu	: u	: u	: u	: u
A,NRP,F,Y15-74,PC,NO07	: bu	: 	: 	: 	: 	: 	: u	: bu	: u	: u	: u	: u
A,NRP,F,Y15-74,PC,NO08	: 	: 	: 	: 	: 	: 	: u	: bu	: u	: u	: u	: u
A,NRP,F,Y15-74,PC,NO09	: 	: 	: 	: 	: 	: 	: u	: bu	: u	: u	: u	: u
A,NRP,F,Y15-74,PC,NO0A	: 	: 	: 	: 	: 	: 	: u	: bu	: u	: u	: u	: u
A,NRP,F,Y15-74,PC,SE11	: bu	: u	: u	: u	: bu	: u	: u	: bu	: u	: u	: u	: u
A,NRP,F,Y15-74,PC,SE12	: bu	: u	: u	: u	: bu	: u	: u	: bu	: u	: u	: u	: u
A,NRP,F,Y15-74,PC,SE21	: bu	: u	: u	: u	: bu	: u	: u	: bu	: u	: u	: u	: u
A,NRP,F,Y15-74,PC,SE22	: bu	: u	: u	: u	: bu	: u	: u	: bu	: u	: u	: u	: u
A,NRP,F,Y15-74,PC,SE23	: bu	: u	: u	: u	: bu	: u	: u	: bu	: u	: u	: u	: u
A,NRP,F,Y15-74,PC,SE31	: bu	: u	: u	: u	: bu	: u	: u	: bu	: u	: u	: u	: u
A,NRP,F,Y15-74,PC,SE32	: bu	: u	: u	: u	: bu	: 	: 	: bu	: u	: u	: u	: u
A,NRP,F,Y15-74,PC,SE33	: bu	: u	: u	: u	: bu	: u	: u	: bu	: u	: u	: u	: u
A,NRP,F,Y15-74,PC,UKC1	: bu	: u	: u	: u	: u	: u	: 	: 	: 	: 	: 	: 
A,NRP,F,Y15-74,PC,UKC2	: bu	: u	: u	: u	: u	: u	: 	: 	: 	: 	: 	: 
A,NRP,F,Y15-74,PC,UKD1	: bu	: u	: u	: u	: u	: u	: 	: 	: 	: 	: 	: 
A,NRP,F,Y15-74,PC,UKD3	: bu	: u	: u	: u	: u	: u	: 	: 	: 	: 	: 	: 
A,NRP,F,Y15-74,PC,UKD4	: bu	: u	: u	: u	: u	: u	: 	: 	: 	: 	: 	: 
A,NRP,F,Y15-74,PC,UKD6	: bu	: u	: u	: u	: u	: u	: 	: 	: 	: 	: 	: 
A,NRP,F,Y15-74,PC,UKD7	: bu	: u	: u	: u	: u	: u	: 	: 	: 	: 	: 	: 
A,NRP,F,Y15-74,PC,UKE1	: bu	: u	: u	: u	: u	: u	: 	: 	: 	: 	: 	: 
A,NRP,F,Y15-74,PC,UKE2	: bu	: u	: u	: u	: u	: u	: 	: 	: 	: 	: 	: 
A,NRP,F,Y15-74,PC,UKE3	: bu	: u	: u	: u	: u	: u	: 	: 	: 	: 	: 	: 
A,NRP,F,Y15-74,PC,UKE4	: bu	: u	: u	: u	: u	: u	: 	: 	: 	: 	: 	: 
A,NRP,F,Y15-74,PC,UKF1	: bu	: u	: u	: u	: u	: u	: 	: 	: 	: 	: 	: 
A,NRP,F,Y15-74,PC,UKF2	: bu	: u	: u	: u	: u	: u	: 	: 	: 	: 	: 	: 
A,NRP,F,Y15-74,PC,UKF3	: bu	: u	: u	: u	: u	: u	: 	: 	: 	: 	: 	: 
A,NRP,F,Y15-74,PC,UKG1	: bu	: u	: u	: u	: u	: u	: 	: 	: 	: 	: 	: 
A,NRP,F,Y15-74,PC,UKG2	: bu	: u	: u	: u	: u	: u	: 	: 	: 	: 	: 	: 
A,NRP,F,Y15-74,PC,UKG3	: bu	: u	: u	: u	: u	: u	: 	: 	: 	: 	: 	: 
A,NRP,F,Y15-74,PC,UKH1	: bu	: u	: u	: u	: u	: u	: 	: 	: 	: 	: 	: 
A,NRP,F,Y15-74,PC,UKH2	: bu	: u	: u	: u	: u	: u	: 	: 	: 	: 	: 	: 
A,NRP,F,Y15-74,PC,UKH3	: bu	: u	: u	: u	: u	: u	: 	: 	: 	: 	: 	: 
A,NRP,F,Y15-74,PC,UKI3	: bu	: u	: u	: u	: u	: u	: 	: 	: 	: 	: 	: 
A,NRP,F,Y15-74,PC,UKI4	: bu	: u	: u	: u	: u	: u	: 	: 	: 	: 	: 	: 
A,NRP,F,Y15-74,PC,UKI5	: bu	: u	: u	: u	: u	: u	: 	: 	: 	: 	: 	: 
A,NRP,F,Y15-74,PC,UKI6	: bu	: u	: u	: u	: u	: u	: 	: 	: 	: 	: 	: 
A,NRP,F,Y15-74,PC,UKI7	: bu	: u	: u	: u	: u	: u	: 	: 	: 	: 	: 	: 
A,NRP,F,Y15-74,PC,UKJ1	: bu	: u	: u	: u	: u	: u	: 	: 	: 	: 	: 	: 
A,NRP,F,Y15-74,PC,UKJ2	: bu	: u	: u	: u	: u	: u	: 	: 	: 	: 	: 	: 
A,NRP,F,Y15-74,PC,UKJ3	: bu	: u	: u	: u	: u	: u	: 	: 	: 	: 	: 	: 
A,NRP,F,Y15-74,PC,UKJ4	: bu	: u	: u	: u	: u	: u	: 	: 	: 	: 	: 	: 
A,NRP,F,Y15-74,PC,UKK1	: bu	: u	: u	: u	: u	: u	: 	: 	: 	: 	: 	: 
A,NRP,F,Y15-74,PC,UKK2	: bu	: u	: u	: u	: u	: u	: 	: 	: 	: 	: 	: 
A,NRP,F,Y15-74,PC,UKK3	: bu	: u	: u	: u	: u	: u	: 	: 	: 	: 	: 	: 
A,NRP,F,Y15-74,PC,UKK4	: bu	: u	: u	: u	: u	: u	: 	: 	: 	: 	: 	: 
A,NRP,F,Y15-74,PC,UKL1	: bu	: u	: u	: u	: u	: u	: 	: 	: 	: 	: 	: 
A,NRP,F,Y15-74,PC,UKL2	: bu	: u	: u	: u	: u	: u	: 	: 	: 	: 	: 	: 
A,NRP,F,Y15-74,PC,UKM5	: bu	: u	: u	: u	: u	: u	: 	: 	: 	: 	: 	: 
A,NRP,F,Y15-74,PC,UKM6	: bu	: u	: u	: u	: u	: u	: 	: 	: 	: 	: 	: 
A,NRP,F,Y15-74,PC,UKM7	: bu	: u	: u	: u	: u	: u	: 	: 	: 	: 	: 	: 
A,NRP,F,Y15-74,PC,UKM8	: bu	: u	: u	: u	: u	: u	: 	: 	: 	: 	: 	: 
A,NRP,F,Y15-74,PC,UKM9	: bu	: u	: u	: u	: u	: u	: 	: 	: 	: 	: 	: 
A,NRP,F,Y15-74,PC,UKN0	: bu	: u	: u	: u	: u	: u	: 	: 	: 	: 	: 	: 
A,NRP,M,Y15-74,PC,CH01	: bu	: u	: u	: u	: u	: u	: u	: bu	: u	: u	: u	: u
A,NRP,M,Y15-74,PC,CH02	: bu	: u	: u	: u	: u	: u	: u	: bu	: u	: u	: u	: u
A,NRP,M,Y15-74,PC,CH03	: bu	: u	: u	: u	: u	: u	: u	: bu	: u	: u	: u	: u
A,NRP,M,Y15-74,PC,CH04	: bu	: u	: u	: u	: u	: u	: u	: bu	: u	: u	: u	: u
A,NRP,M,Y15-74,PC,CH05	: bu	: u	: u	: u	: u	: u	: u	: bu	: u	: u	: u	: u
A,NRP,M,Y15-74,PC,CH06	: bu	: u	: u	: u	: u	: u	: u	: bu	: u	: u	: u	: u
A,NRP,M,Y15-74,PC,CH07	: bu	: u	: u	: u	: u	: u	: u	: bu	: u	: u	: u	: u
A,NRP,M,Y15-74,PC,CZ01	: 	: 	: u	: 	: 	: 	: 	: 	: u	: 	: u	: u
A,NRP,M,Y15-74,PC,CZ02	: bu	: 	: 	: u	: u	: u	: u	: bu	: 	: 	: 	: 
A,NRP,M,Y15-74,PC,CZ04	: bu	: u	: 	: u	: 	: 	: 	: bu	: u	: u	: u	: u
A,NRP,M,Y15-74,PC,CZ05	: bu	: u	: u	: u	: u	: u	: 	: bu	: u	: u	: u	: u
A,NRP,M,Y15-74,PC,CZ06	: 	: u	: 	: u	: u	: 	: u	: 	: u	: 	: u	: u
A,NRP,M,Y15-74,PC,CZ07	: bu	: u	: 	: u	: u	: u	: u	: 	: 	: u	: u	: u
A,NRP,M,Y15-74,PC,CZ08	: 	: 	: 	: 	: 	: 	: u	: 	: u	: 	: 	: u
A,NRP,M,Y15-74,PC,DE11	: bu	: u	: u	: u	: u	: u	: bu	: bu	: 	: u	: u	: u
A,NRP,M,Y15-74,PC,DE12	: bu	: u	: u	: u	: u	: u	: bu	: bu	: 	: u	: u	: u
A,NRP,M,Y15-74,PC,DE13	: bu	: u	: u	: u	: u	: u	: bu	: bu	: 	: u	: u	: u
A,NRP,M,Y15-74,PC,DE14	: bu	: u	: u	: u	: u	: u	: bu	: bu	: 	: u	: u	: u
A,NRP,M,Y15-74,PC,DE21	: bu	: u	: u	: u	: u	: u	: bu	: bu	: 	: u	: u	: u
A,NRP,M,Y15-74,PC,DE22	: bu	: u	: u	: u	: u	: u	: bu	: bu	: 	: u	: 	: u
A,NRP,M,Y15-74,PC,DE23	: bu	: u	: u	: u	: u	: u	: bu	: bu	: 	: u	: u	: u
A,NRP,M,Y15-74,PC,DE24	: bu	: u	: u	: u	: u	: u	: bu	: bu	: 	: u	: 	: u
A,NRP,M,Y15-74,PC,DE25	: bu	: u	: u	: u	: u	: u	: bu	: bu	: 	: u	: u	: u
A,NRP,M,Y15-74,PC,DE26	: bu	: u	: u	: u	: u	: u	: bu	: 	: 	: 	: 	: 
A,NRP,M,Y15-74,PC,DE27	: bu	: u	: u	: u	: u	: u	: bu	: bu	: 	: u	: u	: u
A,NRP,M,Y15-74,PC,DE30	: bu	: u	: u	: u	: u	: u	: bu	: bu	: 	: u	: u	: u
A,NRP,M,Y15-74,PC,DE40	: 	: u	: u	: u	: u	: u	: bu	: bu	: 	: 	: u	: u
A,NRP,M,Y15-74,PC,DE50	: bu	: u	: u	: u	: u	: u	: bu	: bu	: 	: u	: u	: u
A,NRP,M,Y15-74,PC,DE60	: bu	: u	: u	: u	: u	: u	: bu	: bu	: 	: u	: u	: 
A,NRP,M,Y15-74,PC,DE71	: bu	: u	: u	: u	: u	: u	: bu	: bu	: 	: u	: u	: u
A,NRP,M,Y15-74,PC,DE72	: 	: u	: u	: u	: u	: u	: bu	: bu	: 	: u	: u	: u
A,NRP,M,Y15-74,PC,DE73	: 	: 	: u	: u	: u	: u	: bu	: bu	: 	: u	: u	: u
A,NRP,M,Y15-74,PC,DE80	: bu	: u	: u	: u	: u	: u	: bu	: bu	: 	: u	: u	: 
A,NRP,M,Y15-74,PC,DE91	: bu	: u	: u	: u	: u	: u	: bu	: bu	: 	: u	: u	: u
A,NRP,M,Y15-74,PC,DE92	: bu	: u	: u	: u	: u	: u	: bu	: bu	: 	: u	: u	: u
A,NRP,M,Y15-74,PC,DE93	: bu	: u	: u	: u	: u	: u	: bu	: bu	: 	: 	: u	: u
A,NRP,M,Y15-74,PC,DE94	: bu	: u	: u	: u	: u	: u	: bu	: bu	: 	: u	: u	: u
A,NRP,M,Y15-74,PC,DEA1	: bu	: u	: u	: u	: u	: u	: bu	: bu	: 	: u	: u	: u
A,NRP,M,Y15-74,PC,DEA2	: bu	: u	: u	: u	: u	: u	: bu	: bu	: 	: u	: u	: u
A,NRP,M,Y15-74,PC,DEA3	: bu	: u	: u	: u	: u	: u	: bu	: bu	: 	: u	: u	: u
A,NRP,M,Y15-74,PC,DEA4	: bu	: u	: u	: u	: u	: u	: bu	: 	: 	: u	: 	: u
A,NRP,M,Y15-74,PC,DEA5	: bu	: u	: u	: u	: u	: u	: bu	: bu	: 	: u	: u	: u
A,NRP,M,Y15-74,PC,DEB1	: bu	: u	: u	: u	: u	: u	: bu	: bu	: 	: u	: u	: u
A,NRP,M,Y15-74,PC,DEB2	: 	: u	: 	: u	: u	: u	: bu	: bu	: 	: 	: 	: u
A,NRP,M,Y15-74,PC,DEB3	: bu	: u	: u	: u	: u	: u	: bu	: bu	: 	: u	: u	: u
A,NRP,M,Y15-74,PC,DEC0	: 	: u	: u	: u	: u	: u	: bu	: bu	: u	: u	: u	: u
A,NRP,M,Y15-74,PC,DED2	: 	: 	: u	: u	: u	: u	: bu	: bu	: 	: u	: 	: 
A,NRP,M,Y15-74,PC,DED4	: 	: 	: u	: u	: u	: u	: bu	: bu	: 	: u	: 	: u
A,NRP,M,Y15-74,PC,DED5	: 	: u	: u	: u	: u	: u	: bu	: bu	: 	: 	: u	: u
A,NRP,M,Y15-74,PC,DEE0	: bu	: u	: u	: u	: u	: u	: bu	: bu	: 	: u	: u	: u
A,NRP,M,Y15-74,PC,DEF0	: bu	: u	: u	: u	: u	: u	: bu	: bu	: 	: u	: 	: u
A,NRP,M,Y15-74,PC,DEG0	: bu	: u	: u	: u	: u	: u	: bu	: bu	: 	: u	: u	: u
A,NRP,M,Y15-74,PC,DK01	: bu	: u	: bu	: bu	: u	: u	: u	: bu	: u	: bu	: u	: u
A,NRP,M,Y15-74,PC,DK02	: bu	: u	: bu	: bu	: u	: u	: u	: bu	: u	: bu	: u	: u
A,NRP,M,Y15-74,PC,DK03	: bu	: u	: bu	: bu	: u	: u	: u	: bu	: u	: bu	: u	: u
A,NRP,M,Y15-74,PC,DK04	: bu	: u	: bu	: bu	: u	: u	: u	: bu	: u	: bu	: u	: u
A,NRP,M,Y15-74,PC,DK05	: bu	: u	: bu	: bu	: u	: u	: u	: bu	: u	: bu	: u	: u
A,NRP,M,Y15-74,PC,EE00	: bu	: 	: 	: 	: 	: 	: 	: 	: 	: 	: 	: 
A,NRP,M,Y15-74,PC,ES11	: bu	: u	: u	: u	: u	: u	: u	: 	: 	: 	: 	: 
A,NRP,M,Y15-74,PC,ES12	: bu	: u	: u	: u	: u	: u	: u	: 	: 	: 	: 	: 
A,NRP,M,Y15-74,PC,ES13	: bu	: u	: u	: u	: u	: u	: u	: 	: 	: 	: 	: 
A,NRP,M,Y15-74,PC,ES21	: bu	: u	: u	: u	: u	: u	: u	: 	: 	: 	: 	: 
A,NRP,M,Y15-74,PC,ES22	: bu	: u	: u	: u	: u	: u	: u	: 	: 	: 	: 	: 
A,NRP,M,Y15-74,PC,ES23	: bu	: u	: u	: u	: u	: u	: u	: 	: 	: 	: 	: 
A,NRP,M,Y15-74,PC,ES24	: bu	: u	: u	: u	: u	: u	: u	: 	: 	: 	: 	: 
A,NRP,M,Y15-74,PC,ES30	: bu	: u	: u	: u	: u	: u	: u	: 	: 	: 	: 	: 
A,NRP,M,Y15-74,PC,ES41	: bu	: u	: u	: u	: u	: u	: u	: 	: 	: 	: 	: 
A,NRP,M,Y15-74,PC,ES42	: bu	: u	: u	: u	: u	: u	: u	: 	: 	: 	: 	: 
A,NRP,M,Y15-74,PC,ES43	: bu	: u	: u	: u	: u	: u	: u	: 	: 	: 	: 	: 
A,NRP,M,Y15-74,PC,ES51	: bu	: u	: u	: u	: u	: u	: u	: 	: 	: 	: 	: 
A,NRP,M,Y15-74,PC,ES52	: bu	: u	: u	: u	: u	: u	: u	: 	: 	: 	: 	: 
A,NRP,M,Y15-74,PC,ES53	: bu	: u	: u	: u	: u	: u	: u	: 	: 	: 	: 	: 
A,NRP,M,Y15-74,PC,ES61	: bu	: u	: u	: u	: u	: u	: u	: 	: 	: 	: 	: 
A,NRP,M,Y15-74,PC,ES62	: bu	: u	: u	: u	: u	: u	: u	: 	: 	: 	: 	: 
A,NRP,M,Y15-74,PC,ES63	: bu	: u	: u	: u	: u	: u	: u	: 	: 	: 	: 	: 
A,NRP,M,Y15-74,PC,ES64	: bu	: u	: u	: u	: u	: u	: u	: 	: 	: 	: 	: 
A,NRP,M,Y15-74,PC,ES70	: bu	: u	: u	: u	: u	: u	: u	: 	: 	: 	: 	: 
A,NRP,M,Y15-74,PC,FI19	: 	: 	: u	: 	: 	: 	: 	: bu	: u	: u	: u	: u
A,NRP,M,Y15-74,PC,FI1B	: 	: 	: u	: 	: 	: 	: 	: bu	: u	: u	: u	: u
A,NRP,M,Y15-74,PC,FI1C	: 	: 	: u	: 	: 	: 	: 	: bu	: u	: u	: u	: u
A,NRP,M,Y15-74,PC,FI1D	: 	: 	: 	: 	: 	: 	: 	: bu	: u	: u	: u	: u
A,NRP,M,Y15-74,PC,FI20	: 	: 	: 	: 	: 	: 	: 	: bu	: 	: 	: 	: 
A,NRP,M,Y15-74,PC,FR10	12.3 u	19.9 u	21.9 u	23.9 u	: u	: u	: u	: bu	: u	: u	: u	: u
A,NRP,M,Y15-74,PC,FRB0	: u	: u	: u	: u	: u	: u	: u	: bu	: u	: u	: u	: u
A,NRP,M,Y15-74,PC,FRC1	: u	: u	: u	: u	: u	: u	: u	: bu	: u	: u	: u	: u
A,NRP,M,Y15-74,PC,FRC2	: u	: u	: u	: u	: u	: u	: u	: bu	: u	: u	: u	: u
A,NRP,M,Y15-74,PC,FRD1	: u	: u	: u	: u	: u	: u	: 	: bu	: u	: u	: u	: u
A,NRP,M,Y15-74,PC,FRD2	: u	: u	: u	: u	: u	: u	: u	: bu	: u	: u	: u	: u
A,NRP,M,Y15-74,PC,FRE1	: u	: u	38.4 u	25.6 u	: u	: u	: u	: bu	: u	: u	: u	: u
A,NRP,M,Y15-74,PC,FRE2	: u	: u	: u	: u	: u	: u	: u	: bu	: u	: u	: u	: u
A,NRP,M,Y15-74,PC,FRF1	: u	: u	: u	: u	: u	: u	: u	: bu	: u	: u	: u	: u
A,NRP,M,Y15-74,PC,FRF2	: u	: u	43.2 u	: u	: u	: u	: u	: bu	: u	: u	: u	: u
A,NRP,M,Y15-74,PC,FRF3	42.2 u	: u	55.4 u	: u	: u	: u	: u	: bu	: u	: u	: u	: u
A,NRP,M,Y15-74,PC,FRG0	: u	43.8 u	: u	: u	: u	: u	: u	: bu	: u	: u	: u	: u
A,NRP,M,Y15-74,PC,FRH0	: u	37.4 u	: u	: u	: u	: u	: u	: bu	: u	: u	: u	: u
A,NRP,M,Y15-74,PC,FRI1	: u	: u	: u	14.2 u	: u	: u	: u	: bu	: u	: u	: u	: u
A,NRP,M,Y15-74,PC,FRI2	: u	: u	: u	: u	: u	: u	: u	: bu	: u	: u	: u	: u
A,NRP,M,Y15-74,PC,FRI3	: u	: 	: u	: u	: u	: u	: u	: bu	: u	: u	: u	: u
A,NRP,M,Y15-74,PC,FRJ1	: u	: u	53.6 u	: u	: u	: u	: u	: bu	: u	: u	: u	: u
A,NRP,M,Y15-74,PC,FRJ2	: u	: u	17.5 u	: u	: u	: u	: u	: bu	: u	: u	: u	: u
A,NRP,M,Y15-74,PC,FRK1	: u	43.3 u	: u	: u	: u	: u	: u	: bu	: u	: u	: u	: u
A,NRP,M,Y15-74,PC,FRK2	16.7 u	: u	11.6 u	: u	: u	: u	: u	: bu	: u	: u	: u	: u
A,NRP,M,Y15-74,PC,FRL0	29.1 u	: u	10.7 u	: u	: u	: u	: u	: bu	: u	: u	: u	: u
A,NRP,M,Y15-74,PC,FRM0	: u	: 	: u	: u	: 	: 	: 	: bu	: u	: u	: u	: u
A,NRP,M,Y15-74,PC,FRY1	: u	: u	: u	: u	: u	: u	: u	: bu	: u	: u	: u	: u
A,NRP,M,Y15-74,PC,FRY2	: u	: u	: u	: u	: u	: u	: u	: bu	: u	: u	: u	: u
A,NRP,M,Y15-74,PC,FRY3	: u	: u	: u	: u	: u	: u	: u	: bu	: u	: u	: u	: u
A,NRP,M,Y15-74,PC,FRY4	: u	: u	: u	: u	: u	: u	: u	: bu	: u	: u	: u	: u
A,NRP,M,Y15-74,PC,FRY5	: u	: u	: u	: u	: u	: u	: u	: 	: 	: 	: 	: 
A,NRP,M,Y15-74,PC,IE04	: bu	: u	: u	: bu	: u	: u	: u	: bu	: u	: u	: u	: u
A,NRP,M,Y15-74,PC,IE05	12.6 bu	: u	: u	: bu	: u	: u	: u	: bu	: u	: u	: u	: u
A,NRP,M,Y15-74,PC,IE06	: bu	: u	9.2 u	: bu	: u	: u	: u	: bu	: u	: u	: u	: u
A,NRP,M,Y15-74,PC,IS00	: bu	: u	: 	: 	: u	: u	: bu	: 	: u	: u	: u	: 
A,NRP,M,Y15-74,PC,LU00	: bu	: bu	7.0 	6.0 	7.6 u	: u	: u	: bu	: u	: u	: u	: u
A,NRP,M,Y15-74,PC,LV00	: bu	: u	: u	: u	: u	: u	: u	: bu	: u	: u	: u	: u
A,NRP,M,Y15-74,PC,NL11	: bu	: u	: u	: u	: u	: bu	: u	: bu	: u	: u	: u	: u
A,NRP,M,Y15-74,PC,NL12	: bu	: u	: u	: u	: u	: bu	: u	: bu	: u	: u	: u	: u
A,NRP,M,Y15-74,PC,NL13	: bu	: u	: u	: u	: u	: bu	: u	: bu	: u	: u	: u	: u
A,NRP,M,Y15-74,PC,NL21	: bu	: u	: u	: u	: u	: bu	: u	: bu	: u	: u	: u	: u
A,NRP,M,Y15-74,PC,NL22	: bu	: u	: u	: u	: u	: bu	: u	: bu	: u	: u	: u	: u
A,NRP,M,Y15-74,PC,NL23	: bu	: u	: u	: u	: u	: bu	: u	: bu	: u	: u	: u	: u
A,NRP,M,Y15-74,PC,NL31	: bu	: u	: u	: u	: u	: 	: 	: 	: 	: 	: 	: 
A,NRP,M,Y15-74,PC,NL32	: bu	: u	: u	: u	: u	: bu	: u	: bu	: u	: u	: u	: u
A,NRP,M,Y15-74,PC,NL33	12.6 bu	: u	9.6 u	: u	: u	: 	: 	: 	: 	: 	: 	: 
A,NRP,M,Y15-74,PC,NL34	: bu	: u	: u	: u	: u	: bu	: u	: bu	: u	: u	: u	: u
A,NRP,M,Y15-74,PC,NL35	: 	: 	: 	: 	: 	: bu	: u	: bu	: u	: u	: u	: u
A,NRP,M,Y15-74,PC,NL36	: 	: 	: 	: 	: 	: bu	: u	: bu	: u	: u	: u	: u
A,NRP,M,Y15-74,PC,NL41	: bu	: u	: u	: u	: u	: bu	: u	: bu	: u	: u	: u	: u
A,NRP,M,Y15-74,PC,NL42	: bu	: u	: u	: u	: u	: bu	: u	: bu	: u	: u	: u	: u
A,NRP,M,Y15-74,PC,NO01	: bu	: u	: 	: 	: 	: 	: 	: 	: 	: 	: 	: 
A,NRP,M,Y15-74,PC,NO02	: 	: 	: 	: 	: 	: 	: u	: bu	: u	: u	: u	: u
A,NRP,M,Y15-74,PC,NO03	: bu	: u	: 	: 	: 	: 	: 	: 	: 	: 	: 	: 
A,NRP,M,Y15-74,PC,NO04	: bu	: u	: 	: 	: 	: 	: 	: 	: 	: 	: 	: 
A,NRP,M,Y15-74,PC,NO05	: bu	: u	: 	: 	: 	: 	: 	: 	: 	: 	: 	: 
A,NRP,M,Y15-74,PC,NO06	: bu	: u	: 	: 	: 	: 	: u	: bu	: u	: u	: u	: u
A,NRP,M,Y15-74,PC,NO07	: bu	: 	: 	: 	: 	: 	: u	: bu	: u	: u	: u	: u
A,NRP,M,Y15-74,PC,NO08	: 	: 	: 	: 	: 	: 	: u	: bu	: u	: u	: u	: u
A,NRP,M,Y15-74,PC,NO09	: 	: 	: 	: 	: 	: 	: u	: bu	: u	: u	: u	: u
A,NRP,M,Y15-74,PC,NO0A	: 	: 	: 	: 	: 	: 	: u	: bu	: u	: u	: u	: u
A,NRP,M,Y15-74,PC,SE11	: bu	: u	: u	: u	: bu	: u	: u	: bu	: u	: u	: u	: u
A,NRP,M,Y15-74,PC,SE12	: bu	: u	: u	: u	: bu	: u	: u	: bu	: u	: u	: u	: u
A,NRP,M,Y15-74,PC,SE21	: bu	: u	: u	: u	: bu	: u	: u	: bu	: u	: u	: u	: u
A,NRP,M,Y15-74,PC,SE22	: bu	: u	: u	: u	: bu	: u	: u	: bu	: u	: u	: u	: u
A,NRP,M,Y15-74,PC,SE23	: bu	: u	: u	: u	: bu	: u	: u	: bu	: u	: u	: u	: u
A,NRP,M,Y15-74,PC,SE31	: bu	: u	: u	: u	: bu	: u	: u	: bu	: u	: u	: u	: u
A,NRP,M,Y15-74,PC,SE32	: bu	: u	: u	: u	: bu	: u	: u	: bu	: u	: u	: u	: u
A,NRP,M,Y15-74,PC,SE33	: bu	: u	: u	: u	: bu	: u	: u	: bu	: u	: u	: u	: u
A,NRP,M,Y15-74,PC,TRC3	: bu	: 	: 	: 	: 	: 	: 	: 	: 	: 	: 	: 
A,NRP,M,Y15-74,PC,UKC1	: bu	: u	: u	: u	: u	: u	: 	: 	: 	: 	: 	: 
A,NRP,M,Y15-74,PC,UKC2	: bu	: u	: u	: u	: u	: u	: 	: 	: 	: 	: 	: 
A,NRP,M,Y15-74,PC,UKD1	: bu	: u	: u	: u	: u	: u	: 	: 	: 	: 	: 	: 
A,NRP,M,Y15-74,PC,UKD3	: bu	: u	: u	: u	: u	: u	: 	: 	: 	: 	: 	: 
A,NRP,M,Y15-74,PC,UKD4	: bu	: u	: u	: u	: u	: u	: 	: 	: 	: 	: 	: 
A,NRP,M,Y15-74,PC,UKD6	: bu	: u	: u	: u	: u	: u	: 	: 	: 	: 	: 	: 
A,NRP,M,Y15-74,PC,UKD7	: bu	: u	: u	: u	: u	: u	: 	: 	: 	: 	: 	: 
A,NRP,M,Y15-74,PC,UKE1	: bu	: u	: u	: u	: u	: u	: 	: 	: 	: 	: 	: 
A,NRP,M,Y15-74,PC,UKE2	: bu	: u	: u	: u	: u	: u	: 	: 	: 	: 	: 	: 
A,NRP,M,Y15-74,PC,UKE3	: bu	: u	: u	: u	: u	: u	: 	: 	: 	: 	: 	: 
A,NRP,M,Y15-74,PC,UKE4	: bu	: u	: u	: u	: u	: u	: 	: 	: 	: 	: 	: 
A,NRP,M,Y15-74,PC,UKF1	: bu	: u	: u	: u	: u	: u	: 	: 	: 	: 	: 	: 
A,NRP,M,Y15-74,PC,UKF2	: bu	: u	: u	: u	: u	: u	: 	: 	: 	: 	: 	: 
A,NRP,M,Y15-74,PC,UKF3	: bu	: u	: u	: u	: u	: u	: 	: 	: 	: 	: 	: 
A,NRP,M,Y15-74,PC,UKG1	: bu	: u	: u	: u	: u	: u	: 	: 	: 	: 	: 	: 
A,NRP,M,Y15-74,PC,UKG2	: bu	: u	: u	: u	: u	: u	: 	: 	: 	: 	: 	: 
A,NRP,M,Y15-74,PC,UKG3	: bu	: u	: u	: u	: u	: u	: 	: 	: 	: 	: 	: 
A,NRP,M,Y15-74,PC,UKH1	: bu	: u	: u	: u	: u	: u	: 	: 	: 	: 	: 	: 
A,NRP,M,Y15-74,PC,UKH2	: bu	: u	: u	: u	: u	: u	: 	: 	: 	: 	: 	: 
A,NRP,M,Y15-74,PC,UKH3	: bu	: u	: u	: u	: u	: u	: 	: 	: 	: 	: 	: 
A,NRP,M,Y15-74,PC,UKI3	: bu	: u	: u	: u	: u	: u	: 	: 	: 	: 	: 	: 
A,NRP,M,Y15-74,PC,UKI4	: bu	: u	: u	: u	: u	: u	: 	: 	: 	: 	: 	: 
A,NRP,M,Y15-74,PC,UKI5	: bu	: u	: u	: u	: u	: u	: 	: 	: 	: 	: 	: 
A,NRP,M,Y15-74,PC,UKI6	: bu	: u	: u	: u	: u	: u	: 	: 	: 	: 	: 	: 
A,NRP,M,Y15-74,PC,UKI7	: bu	: u	: u	: u	: u	: u	: 	: 	: 	: 	: 	: 
A,NRP,M,Y15-74,PC,UKJ1	: bu	: u	: u	: u	: u	: u	: 	: 	: 	: 	: 	: 
A,NRP,M,Y15-74,PC,UKJ2	: bu	: u	: u	: u	: u	: u	: 	: 	: 	: 	: 	: 
A,NRP,M,Y15-74,PC,UKJ3	: bu	: u	: u	: u	: u	: u	: 	: 	: 	: 	: 	: 
A,NRP,M,Y15-74,PC,UKJ4	: bu	: u	: u	: u	: u	: u	: 	: 	: 	: 	: 	: 
A,NRP,M,Y15-74,PC,UKK1	: bu	: u	: u	: u	: u	: u	: 	: 	: 	: 	: 	: 
A,NRP,M,Y15-74,PC,UKK2	: bu	: u	: u	: u	: u	: u	: 	: 	: 	: 	: 	: 
A,NRP,M,Y15-74,PC,UKK3	: bu	: u	: u	: u	: u	: u	: 	: 	: 	: 	: 	: 
A,NRP,M,Y15-74,PC,UKK4	: bu	: u	: u	: u	: u	: u	: 	: 	: 	: 	: 	: 
A,NRP,M,Y15-74,PC,UKL1	: bu	: u	: u	: u	: u	: u	: 	: 	: 	: 	: 	: 
A,NRP,M,Y15-74,PC,UKL2	: bu	: u	: u	: u	: u	: u	: 	: 	: 	: 	: 	: 
A,NRP,M,Y15-74,PC,UKM5	: bu	: u	: u	: u	: u	: u	: 	: 	: 	: 	: 	: 
A,NRP,M,Y15-74,PC,UKM6	: bu	: u	: u	: u	: u	: u	: 	: 	: 	: 	: 	: 
A,NRP,M,Y15-74,PC,UKM7	: bu	: u	: u	: u	: u	: u	: 	: 	: 	: 	: 	: 
A,NRP,M,Y15-74,PC,UKM8	: bu	: u	: u	: u	: u	: u	: 	: 	: 	: 	: 	: 
A,NRP,M,Y15-74,PC,UKM9	: bu	: u	: u	: u	: u	: u	: 	: 	: 	: 	: 	: 
A,NRP,M,Y15-74,PC,UKN0	: bu	: u	: u	: u	: u	: u	: 	: 	: 	: 	: 	: 
A,NRP,T,Y15-74,PC,CH01	: bu	: u	22.0 u	: u	: u	: u	: u	17.2 bu	11.8 u	12.5 u	: u	: u
A,NRP,T,Y15-74,PC,CH02	: bu	: u	: u	: u	: u	: u	: u	: bu	: u	: u	: u	: u
A,NRP,T,Y15-74,PC,CH03	: bu	: u	: u	: u	: u	: u	: u	: bu	: u	: u	: u	: u
A,NRP,T,Y15-74,PC,CH04	: bu	: u	: u	: u	: u	: u	: u	: bu	: u	: u	: u	: u
A,NRP,T,Y15-74,PC,CH05	: bu	: u	: u	: u	: u	: u	: u	: bu	: u	: u	: u	: u
A,NRP,T,Y15-74,PC,CH06	: bu	: u	: u	: u	: u	: u	: u	: bu	: u	: u	: u	: u
A,NRP,T,Y15-74,PC,CH07	: bu	: u	: u	: u	: u	: u	: u	: bu	: u	: u	: u	: u
A,NRP,T,Y15-74,PC,CZ01	: 	: 	: u	: 	: 	: 	: 	: 	: u	: 	: u	: u
A,NRP,T,Y15-74,PC,CZ02	: bu	: 	: 	: u	: u	: u	: u	: bu	: 	: 	: 	: 
A,NRP,T,Y15-74,PC,CZ03	: 	: 	: u	: u	: 	: 	: u	: 	: 	: 	: 	: 
A,NRP,T,Y15-74,PC,CZ04	: bu	: u	: 	: u	: 	: 	: u	: bu	: u	: u	: u	: u
A,NRP,T,Y15-74,PC,CZ05	: bu	: u	: u	: u	: u	: u	: u	: bu	: u	: u	: u	: u
A,NRP,T,Y15-74,PC,CZ06	: 	: u	: 	: u	: u	: 	: u	: 	: u	: u	: u	: u
A,NRP,T,Y15-74,PC,CZ07	: bu	: u	: u	: u	: u	: u	: u	: bu	: u	: u	: u	: u
A,NRP,T,Y15-74,PC,CZ08	: 	: 	: 	: u	: u	: u	: u	: bu	: u	: 	: 	: u
A,NRP,T,Y15-74,PC,DE11	: bu	: u	: u	: u	: u	: u	: bu	: bu	: 	: u	: u	: u
A,NRP,T,Y15-74,PC,DE12	: bu	: u	: u	: u	: u	: u	: bu	: bu	: 	: u	: u	: u
A,NRP,T,Y15-74,PC,DE13	: bu	: u	: u	: u	: u	: u	: bu	: bu	: u	: u	: u	: u
A,NRP,T,Y15-74,PC,DE14	: bu	: u	: u	: u	: u	: u	: bu	: bu	: 	: u	: u	: u
A,NRP,T,Y15-74,PC,DE21	: bu	: u	: u	: u	: u	: u	: bu	: bu	: 	: u	: u	: u
A,NRP,T,Y15-74,PC,DE22	: bu	: u	: u	: u	: u	: u	: bu	: bu	: 	: u	: u	: u
A,NRP,T,Y15-74,PC,DE23	: bu	: u	: u	: u	: u	: u	: bu	: bu	: 	: u	: u	: u
A,NRP,T,Y15-74,PC,DE24	: bu	: u	: u	: u	: u	: u	: bu	: bu	: 	: u	: u	: u
A,NRP,T,Y15-74,PC,DE25	: bu	: u	: u	: u	: u	: u	: bu	: bu	: 	: u	: u	: u
A,NRP,T,Y15-74,PC,DE26	: bu	: u	: u	: u	: u	: u	: bu	: bu	: 	: 	: u	: u
A,NRP,T,Y15-74,PC,DE27	: bu	: u	: u	: u	: u	: u	: bu	: bu	: 	: u	: u	: u
A,NRP,T,Y15-74,PC,DE30	: bu	: u	: u	: u	: u	: u	: bu	: bu	: 	: u	: u	: u
A,NRP,T,Y15-74,PC,DE40	: 	: u	: u	: u	: u	: u	: bu	: bu	: 	: u	: u	: u
A,NRP,T,Y15-74,PC,DE50	: bu	: u	: u	: u	: u	: u	: bu	: bu	: 	: u	: u	: u
A,NRP,T,Y15-74,PC,DE60	: bu	: u	: u	: u	: u	: u	: bu	: bu	: 	: u	: u	: u
A,NRP,T,Y15-74,PC,DE71	: bu	: u	: u	: u	: u	: u	: bu	: bu	: u	: u	: u	: u
A,NRP,T,Y15-74,PC,DE72	: bu	: u	: u	: u	: u	: u	: bu	: bu	: 	: u	: u	: u
A,NRP,T,Y15-74,PC,DE73	: 	: u	: u	: u	: u	: u	: bu	: bu	: 	: u	: u	: u
A,NRP,T,Y15-74,PC,DE80	: bu	: u	: u	: u	: u	: u	: bu	: bu	: 	: u	: u	: u
A,NRP,T,Y15-74,PC,DE91	: bu	: u	: u	: u	: u	: u	: bu	: bu	: 	: u	: u	: u
A,NRP,T,Y15-74,PC,DE92	: bu	: u	: u	: u	: u	: u	: bu	: bu	: u	: u	: u	: u
A,NRP,T,Y15-74,PC,DE93	: bu	: u	: u	: u	: u	: u	: bu	: bu	: 	: u	: u	: u
A,NRP,T,Y15-74,PC,DE94	: bu	: u	: u	: u	: u	: u	: bu	: bu	: 	: u	: u	: u
A,NRP,T,Y15-74,PC,DEA1	: bu	: u	: u	: u	: u	: u	: bu	: bu	: 	: u	: u	: u
A,NRP,T,Y15-74,PC,DEA2	: bu	: u	: u	: u	: u	: u	: bu	: bu	: 	: u	: u	: u
A,NRP,T,Y15-74,PC,DEA3	: bu	: u	: u	: u	: u	: u	: bu	: bu	: 	: u	: u	: u
A,NRP,T,Y15-74,PC,DEA4	: bu	: u	: u	: u	: u	: u	: bu	: 	: 	: u	: u	: u
A,NRP,T,Y15-74,PC,DEA5	: bu	: u	: u	: u	: u	: u	: bu	: bu	: 	: u	: u	: u
A,NRP,T,Y15-74,PC,DEB1	: bu	: u	: u	: u	: u	: u	: bu	: bu	: 	: u	: u	: u
A,NRP,T,Y15-74,PC,DEB2	: 	: u	: u	: u	: u	: u	: bu	: bu	: 	: u	: u	: u
A,NRP,T,Y15-74,PC,DEB3	: bu	: u	: u	: u	: u	: u	: bu	: bu	: 	: u	: u	: u
A,NRP,T,Y15-74,PC,DEC0	: bu	: u	: u	: u	: u	: u	: bu	: bu	: u	: u	: u	: u
A,NRP,T,Y15-74,PC,DED2	: 	: 	: u	: u	: u	: u	: bu	: bu	: 	: u	: 	: u
A,NRP,T,Y15-74,PC,DED4	: 	: 	: u	: u	: u	: u	: bu	: bu	: 	: u	: u	: u
A,NRP,T,Y15-74,PC,DED5	: 	: u	: u	: u	: u	: u	: bu	: bu	: 	: 	: u	: u
A,NRP,T,Y15-74,PC,DEE0	: bu	: u	: u	: u	: u	: u	: bu	: bu	: 	: u	: u	: u
A,NRP,T,Y15-74,PC,DEF0	: bu	: u	: u	: u	: u	: u	: bu	: bu	: 	: u	: u	: u
A,NRP,T,Y15-74,PC,DEG0	: bu	: u	: u	: u	: u	: u	: bu	: bu	: 	: u	: u	: u
A,NRP,T,Y15-74,PC,DK01	11.1 bu	19.0 u	12.3 bu	11.5 bu	10.2 u	: u	: u	: bu	: u	: bu	: u	: u
A,NRP,T,Y15-74,PC,DK02	: bu	: u	: bu	: bu	: u	: u	: u	: bu	: u	: bu	: u	: u
A,NRP,T,Y15-74,PC,DK03	: bu	: u	: bu	13.5 bu	: u	: u	: u	: bu	: u	: bu	: u	: u
A,NRP,T,Y15-74,PC,DK04	: bu	: u	19.9 bu	12.9 bu	: u	: u	: u	: bu	: u	: bu	: u	: u
A,NRP,T,Y15-74,PC,DK05	: bu	: u	: bu	: bu	: u	: u	: u	: bu	: u	: bu	: u	: u
A,NRP,T,Y15-74,PC,EE00	: bu	: 	: 	: 	: 	: 	: 	: 	: 	: 	: 	: 
A,NRP,T,Y15-74,PC,ES11	: bu	: u	: u	: u	: u	: u	: u	: 	: 	: 	: 	: 
A,NRP,T,Y15-74,PC,ES12	: bu	: u	: u	: u	: u	: u	: u	: 	: 	: 	: 	: 
A,NRP,T,Y15-74,PC,ES13	: bu	: u	: u	: u	: u	: u	: u	: 	: 	: 	: 	: 
A,NRP,T,Y15-74,PC,ES21	: bu	: u	: u	: u	: u	: u	: u	: 	: 	: 	: 	: 
A,NRP,T,Y15-74,PC,ES22	: bu	: u	: u	: u	: u	: u	: u	: 	: 	: 	: 	: 
A,NRP,T,Y15-74,PC,ES23	: bu	: u	: u	: u	: u	: u	: u	: 	: 	: 	: 	: 
A,NRP,T,Y15-74,PC,ES24	: bu	: u	: u	: u	: u	: u	: u	: 	: 	: 	: 	: 
A,NRP,T,Y15-74,PC,ES30	: bu	: u	: u	: u	: u	: u	: u	: 	: 	: 	: 	: 
A,NRP,T,Y15-74,PC,ES41	: bu	: u	: u	: u	: u	: u	: u	: 	: 	: 	: 	: 
A,NRP,T,Y15-74,PC,ES42	: bu	: u	: u	: u	: u	: u	: u	: 	: 	: 	: 	: 
A,NRP,T,Y15-74,PC,ES43	: bu	: u	: u	: u	: u	: u	: u	: 	: 	: 	: 	: 
A,NRP,T,Y15-74,PC,ES51	: bu	: u	: u	: u	: u	: u	: u	: 	: 	: 	: 	: 
A,NRP,T,Y15-74,PC,ES52	: bu	: u	: u	: u	: u	: u	: u	: 	: 	: 	: 	: 
A,NRP,T,Y15-74,PC,ES53	: bu	: u	: u	: u	: u	: u	: u	: 	: 	: 	: 	: 
A,NRP,T,Y15-74,PC,ES61	: bu	: u	: u	: u	: u	: u	: u	: 	: 	: 	: 	: 
A,NRP,T,Y15-74,PC,ES62	: bu	: u	: u	: u	: u	: u	: u	: 	: 	: 	: 	: 
A,NRP,T,Y15-74,PC,ES63	: bu	: u	: u	: u	: u	: u	: u	: 	: 	: 	: 	: 
A,NRP,T,Y15-74,PC,ES64	: bu	: u	: u	: u	: u	: u	: u	: 	: 	: 	: 	: 
A,NRP,T,Y15-74,PC,ES70	: bu	: u	: u	: u	: u	: u	: u	: 	: 	: 	: 	: 
A,NRP,T,Y15-74,PC,FI19	: 	: 	: u	: 	: 	: 	: 	: bu	: u	: u	: u	: u
A,NRP,T,Y15-74,PC,FI1B	: 	: 	: u	: 	: 	: 	: 	: bu	: u	: u	: u	: u
A,NRP,T,Y15-74,PC,FI1C	: 	: 	: u	: 	: 	: 	: 	: bu	: u	: u	: u	: u
A,NRP,T,Y15-74,PC,FI1D	: 	: 	: u	: 	: 	: 	: 	: bu	: u	: u	: u	: u
A,NRP,T,Y15-74,PC,FI20	: 	: 	: 	: 	: 	: 	: 	: bu	: 	: 	: 	: 
A,NRP,T,Y15-74,PC,FR10	16.4 u	24.0 u	21.6 u	19.4 u	: u	: u	: u	: bu	: u	: u	: u	: u
A,NRP,T,Y15-74,PC,FRB0	: u	22.5 u	: u	: u	: u	: u	: u	: bu	: u	: u	: u	: u
A,NRP,T,Y15-74,PC,FRC1	: u	: u	: u	: u	: u	: u	: u	: bu	: u	: u	: u	: u
A,NRP,T,Y15-74,PC,FRC2	: u	: u	: u	: u	: u	: u	: u	: bu	: u	: u	: u	: u
A,NRP,T,Y15-74,PC,FRD1	: u	: u	: u	: u	: u	: u	: u	: bu	: u	: u	: u	: u
A,NRP,T,Y15-74,PC,FRD2	31.0 u	: u	: u	: u	: u	: u	: u	: bu	: u	: u	: u	: u
A,NRP,T,Y15-74,PC,FRE1	: u	16.9 u	19.4 u	15.8 u	: u	: u	: u	: bu	: u	: u	: u	: u
A,NRP,T,Y15-74,PC,FRE2	: u	: u	: u	: u	: u	: u	: u	: bu	: u	: u	: u	: u
A,NRP,T,Y15-74,PC,FRF1	: u	: u	: u	: u	: u	: u	: u	: bu	: u	: u	: u	: u
A,NRP,T,Y15-74,PC,FRF2	: u	: u	43.2 u	: u	: u	: u	: u	: bu	: u	: u	: u	: u
A,NRP,T,Y15-74,PC,FRF3	25.2 u	: u	59.8 u	: u	: u	: u	: u	: bu	: u	: u	: u	: u
A,NRP,T,Y15-74,PC,FRG0	: u	31.1 u	27.5 u	46.1 u	: u	: u	: u	: bu	: u	: u	: u	: u
A,NRP,T,Y15-74,PC,FRH0	: u	29.5 u	: u	: u	: u	: u	: u	: bu	: u	: u	: u	: u
A,NRP,T,Y15-74,PC,FRI1	14.0 u	: u	13.6 u	10.7 u	: u	: u	: u	: bu	: u	: u	: u	: u
A,NRP,T,Y15-74,PC,FRI2	: u	: u	: u	: u	: u	: u	: u	: bu	: u	: u	: u	: u
A,NRP,T,Y15-74,PC,FRI3	: u	: u	: u	: u	: u	: u	: u	: bu	: u	: u	: u	: u
A,NRP,T,Y15-74,PC,FRJ1	: u	: u	36.0 u	: u	: u	: u	: u	: bu	: u	: u	: u	: u
A,NRP,T,Y15-74,PC,FRJ2	: u	: u	12.3 u	9.6 u	: u	: u	: u	: bu	: u	: u	: u	: u
A,NRP,T,Y15-74,PC,FRK1	: u	29.0 u	: u	: u	: u	: u	: u	: bu	: u	: u	: u	: u
A,NRP,T,Y15-74,PC,FRK2	25.8 u	17.5 u	9.7 u	: u	: u	: u	: u	: bu	: u	: u	: u	: u
A,NRP,T,Y15-74,PC,FRL0	27.8 u	9.9 u	12.7 u	: u	: u	: u	: u	: bu	: u	: u	: u	: u
A,NRP,T,Y15-74,PC,FRM0	: u	: 	: u	: u	: 	: u	: 	: bu	: u	: u	: u	: u
A,NRP,T,Y15-74,PC,FRY1	: u	: u	: u	: u	: u	: u	: u	: bu	: u	: u	: u	: u
A,NRP,T,Y15-74,PC,FRY2	: u	: u	: u	: u	: u	: u	: u	: bu	: u	: u	: u	: u
A,NRP,T,Y15-74,PC,FRY3	: u	: u	: u	: u	: u	: u	: u	: bu	: u	: u	: u	: u
A,NRP,T,Y15-74,PC,FRY4	: u	: u	: u	: u	: u	: u	: u	: bu	: u	: u	: u	: u
A,NRP,T,Y15-74,PC,FRY5	: u	: u	: u	: u	: u	: u	: u	: 	: 	: 	: 	: 
A,NRP,T,Y15-74,PC,IE04	: bu	: u	: u	: bu	: u	: u	: u	: bu	: u	: u	: u	: u
A,NRP,T,Y15-74,PC,IE05	11.9 b	10.6 u	7.8 u	: bu	: u	: u	: u	: bu	: u	: u	: u	: u
A,NRP,T,Y15-74,PC,IE06	7.4 bu	7.1 u	9.1 	6.8 bu	: u	: u	: u	: bu	: u	: u	: u	: u
A,NRP,T,Y15-74,PC,IS00	: bu	: u	: 	: u	: u	: u	: bu	: 	: u	: u	18.8 	: 
A,NRP,T,Y15-74,PC,LU00	: bu	9.1 b	8.0 	6.0 	8.0 	10.2 	14.0 u	8.8 bu	: u	: u	: u	: u
A,NRP,T,Y15-74,PC,LV00	: bu	: u	: u	: u	: u	: u	: u	: bu	: u	: u	: u	: u
A,NRP,T,Y15-74,PC,NL11	: bu	: u	: u	: u	: u	: bu	: u	: bu	: u	: u	: u	: u
A,NRP,T,Y15-74,PC,NL12	: bu	: u	: u	: u	: u	: bu	: u	: bu	: u	: u	: u	: u
A,NRP,T,Y15-74,PC,NL13	: bu	: u	: u	: u	: u	: bu	: u	: bu	: u	: u	: u	: u
A,NRP,T,Y15-74,PC,NL21	: bu	: u	: u	: u	: u	: bu	: u	: bu	: u	: u	: u	: u
A,NRP,T,Y15-74,PC,NL22	: bu	: u	: u	: u	: u	: bu	: u	: bu	: u	: u	: u	: u
A,NRP,T,Y15-74,PC,NL23	: bu	: u	: u	: u	: u	: bu	: u	: bu	: u	: u	: u	: u
A,NRP,T,Y15-74,PC,NL31	: bu	: u	: u	: u	: u	: 	: 	: 	: 	: 	: 	: 
A,NRP,T,Y15-74,PC,NL32	8.8 bu	: u	: u	: u	: u	: bu	: u	16.7 bu	: u	: u	: u	: u
A,NRP,T,Y15-74,PC,NL33	11.8 bu	8.9 u	9.3 	6.4 u	: u	: 	: 	: 	: 	: 	: 	: 
A,NRP,T,Y15-74,PC,NL34	: bu	: u	: u	: u	: u	: bu	: u	: bu	: u	: u	: u	: u
A,NRP,T,Y15-74,PC,NL35	: 	: 	: 	: 	: 	: bu	: u	: bu	: u	: u	: u	: u
A,NRP,T,Y15-74,PC,NL36	: 	: 	: 	: 	: 	5.0 bu	: u	: bu	: u	: u	: u	: u
A,NRP,T,Y15-74,PC,NL41	: bu	: u	: u	: u	: u	: bu	: u	: bu	: u	: u	: u	: u
A,NRP,T,Y15-74,PC,NL42	: bu	: u	: u	: u	: u	: bu	: u	: bu	: u	: u	: u	: u
A,NRP,T,Y15-74,PC,NO01	: bu	: u	: 	: 	: 	: 	: 	: 	: 	: 	: 	: 
A,NRP,T,Y15-74,PC,NO02	: bu	: u	: 	: 	: 	: 	: u	: bu	: u	: u	: u	: u
A,NRP,T,Y15-74,PC,NO03	: bu	: u	: 	: 	: 	: 	: 	: 	: 	: 	: 	: 
A,NRP,T,Y15-74,PC,NO04	: bu	: u	: 	: 	: 	: 	: 	: 	: 	: 	: 	: 
A,NRP,T,Y15-74,PC,NO05	: bu	: u	: 	: 	: 	: 	: 	: 	: 	: 	: 	: 
A,NRP,T,Y15-74,PC,NO06	: bu	: u	: 	: 	: 	: 	: u	: bu	: u	: u	: u	: u
A,NRP,T,Y15-74,PC,NO07	: bu	: 	: 	: 	: 	: 	: u	: bu	: u	: u	: u	: u
A,NRP,T,Y15-74,PC,NO08	: 	: 	: 	: 	: 	: 	: u	: bu	: u	: u	: u	: u
A,NRP,T,Y15-74,PC,NO09	: 	: 	: 	: 	: 	: 	: u	: bu	: u	: u	: u	: u
A,NRP,T,Y15-74,PC,NO0A	: 	: 	: 	: 	: 	: 	: u	: bu	: u	: u	: u	: u
A,NRP,T,Y15-74,PC,SE11	: bu	: u	: u	: u	: bu	: u	: u	: bu	: u	: u	: u	: u
A,NRP,T,Y15-74,PC,SE12	: bu	: u	: u	: u	: bu	: u	: u	: bu	: u	: u	: u	: u
A,NRP,T,Y15-74,PC,SE21	: bu	: u	: u	: u	: bu	: u	: u	: bu	: u	: u	: u	: u
A,NRP,T,Y15-74,PC,SE22	: bu	: u	: u	: u	: bu	: u	: u	: bu	: u	: u	: u	: u
A,NRP,T,Y15-74,PC,SE23	: bu	: u	: u	: u	: bu	: u	: u	: bu	: u	: u	: u	: u
A,NRP,T,Y15-74,PC,SE31	: bu	: u	: u	: u	: bu	: u	: u	: bu	: u	: u	: u	: u
A,NRP,T,Y15-74,PC,SE32	: bu	: u	: u	: u	: bu	: u	: u	: bu	: u	: u	: u	: u
A,NRP,T,Y15-74,PC,SE33	: bu	: u	: u	: u	: bu	: u	: u	: bu	: u	: u	: u	: u
A,NRP,T,Y15-74,PC,TRC3	: bu	: 	: 	: 	: 	: 	: 	: 	: 	: 	: 	: 
A,NRP,T,Y15-74,PC,UKC1	: bu	: u	: u	: u	: u	: u	: 	: 	: 	: 	: 	: 
A,NRP,T,Y15-74,PC,UKC2	: bu	: u	: u	: u	: u	: u	: 	: 	: 	: 	: 	: 
A,NRP,T,Y15-74,PC,UKD1	: bu	: u	: u	: u	: u	: u	: 	: 	: 	: 	: 	: 
A,NRP,T,Y15-74,PC,UKD3	: bu	: u	: u	: u	: u	: u	: 	: 	: 	: 	: 	: 
A,NRP,T,Y15-74,PC,UKD4	: bu	: u	: u	: u	: u	: u	: 	: 	: 	: 	: 	: 
A,NRP,T,Y15-74,PC,UKD6	: bu	: u	: u	: u	: u	: u	: 	: 	: 	: 	: 	: 
A,NRP,T,Y15-74,PC,UKD7	: bu	: u	: u	: u	: u	: u	: 	: 	: 	: 	: 	: 
A,NRP,T,Y15-74,PC,UKE1	: bu	: u	: u	: u	: u	: u	: 	: 	: 	: 	: 	: 
A,NRP,T,Y15-74,PC,UKE2	: bu	: u	: u	: u	: u	: u	: 	: 	: 	: 	: 	: 
A,NRP,T,Y15-74,PC,UKE3	: bu	: u	: u	: u	: u	: u	: 	: 	: 	: 	: 	: 
A,NRP,T,Y15-74,PC,UKE4	: bu	: u	: u	: u	: u	: u	: 	: 	: 	: 	: 	: 
A,NRP,T,Y15-74,PC,UKF1	: bu	: u	: u	: u	: u	: u	: 	: 	: 	: 	: 	: 
A,NRP,T,Y15-74,PC,UKF2	: bu	: u	: u	: u	: u	: u	: 	: 	: 	: 	: 	: 
A,NRP,T,Y15-74,PC,UKF3	: bu	: u	: u	: u	: u	: u	: 	: 	: 	: 	: 	: 
A,NRP,T,Y15-74,PC,UKG1	: bu	: u	: u	: u	: u	: u	: 	: 	: 	: 	: 	: 
A,NRP,T,Y15-74,PC,UKG2	: bu	: u	: u	: u	: u	: u	: 	: 	: 	: 	: 	: 
A,NRP,T,Y15-74,PC,UKG3	: bu	: u	: u	: u	: u	: u	: 	: 	: 	: 	: 	: 
A,NRP,T,Y15-74,PC,UKH1	: bu	: u	: u	: u	: u	: u	: 	: 	: 	: 	: 	: 
A,NRP,T,Y15-74,PC,UKH2	: bu	: u	: u	: u	: u	: u	: 	: 	: 	: 	: 	: 
A,NRP,T,Y15-74,PC,UKH3	: bu	: u	: u	: u	: u	: u	: 	: 	: 	: 	: 	: 
A,NRP,T,Y15-74,PC,UKI3	: bu	: u	: u	: u	: u	: u	: 	: 	: 	: 	: 	: 
A,NRP,T,Y15-74,PC,UKI4	: bu	: u	: u	: u	: u	: u	: 	: 	: 	: 	: 	: 
A,NRP,T,Y15-74,PC,UKI5	: bu	: u	: u	: u	: u	: u	: 	: 	: 	: 	: 	: 
A,NRP,T,Y15-74,PC,UKI6	: bu	: u	: u	: u	: u	: u	: 	: 	: 	: 	: 	: 
A,NRP,T,Y15-74,PC,UKI7	: bu	: u	: u	: u	: u	: u	: 	: 	: 	: 	: 	: 
A,NRP,T,Y15-74,PC,UKJ1	: bu	: u	: u	: u	: u	: u	: 	: 	: 	: 	: 	: 
A,NRP,T,Y15-74,PC,UKJ2	: bu	: u	: u	: u	: u	: u	: 	: 	: 	: 	: 	: 
A,NRP,T,Y15-74,PC,UKJ3	: bu	: u	: u	: u	: u	: u	: 	: 	: 	: 	: 	: 
A,NRP,T,Y15-74,PC,UKJ4	: bu	: u	: u	: u	: u	: u	: 	: 	: 	: 	: 	: 
A,NRP,T,Y15-74,PC,UKK1	: bu	: u	: u	: u	: u	: u	: 	: 	: 	: 	: 	: 
A,NRP,T,Y15-74,PC,UKK2	: bu	: u	: u	: u	: u	: u	: 	: 	: 	: 	: 	: 
A,NRP,T,Y15-74,PC,UKK3	: bu	: u	: u	: u	: u	: u	: 	: 	: 	: 	: 	: 
A,NRP,T,Y15-74,PC,UKK4	: bu	: u	: u	: u	: u	: u	: 	: 	: 	: 	: 	: 
A,NRP,T,Y15-74,PC,UKL1	: bu	: u	: u	: u	: u	: u	: 	: 	: 	: 	: 	: 
A,NRP,T,Y15-74,PC,UKL2	: bu	: u	: u	: u	: u	: u	: 	: 	: 	: 	: 	: 
A,NRP,T,Y15-74,PC,UKM5	: bu	: u	: u	: u	: u	: u	: 	: 	: 	: 	: 	: 
A,NRP,T,Y15-74,PC,UKM6	: bu	: u	: u	: u	: u	: u	: 	: 	: 	: 	: 	: 
A,NRP,T,Y15-74,PC,UKM7	: bu	: u	: u	: u	: u	: u	: 	: 	: 	: 	: 	: 
A,NRP,T,Y15-74,PC,UKM8	: bu	: u	: u	: u	: u	: u	: 	: 	: 	: 	: 	: 
A,NRP,T,Y15-74,PC,UKM9	: bu	: u	: u	: u	: u	: u	: 	: 	: 	: 	: 	: 
A,NRP,T,Y15-74,PC,UKN0	: bu	: u	: u	: u	: u	: u	: 	: 	: 	: 	: 	: 
A,TOTAL,F,Y15-74,PC,AT11	4.9 u	5.9 u	5.9 u	5.8 u	4.5 u	: u	: u	6.0 bu	4.3 u	5.3 u	5.2 u	4.8 u
A,TOTAL,F,Y15-74,PC,AT12	5.0 	4.9 	4.6 	4.2 	3.3 	4.0 	4.0 	4.9 b	4.1 	4.4 	4.0 	4.1 
A,TOTAL,F,Y15-74,PC,AT13	9.1 	8.8 	9.6 	8.9 	8.7 	8.3 	10.0 	11.4 b	8.6 	8.8 	8.1 	9.5 
A,TOTAL,F,Y15-74,PC,AT21	5.9 	5.9 	6.0 	4.8 	4.5 u	4.4 u	5.1 	5.2 b	3.9 u	4.2 u	3.8 u	4.1 u
A,TOTAL,F,Y15-74,PC,AT22	4.9 	4.8 	5.1 	4.1 	4.5 	3.5 	4.5 	4.5 b	3.2 	3.9 	3.8 	4.5 
A,TOTAL,F,Y15-74,PC,AT31	4.3 	4.0 	4.3 	3.7 	3.5 	2.9 	3.8 	3.7 b	2.7 	3.2 	3.7 	4.5 
A,TOTAL,F,Y15-74,PC,AT32	3.3 u	3.4 u	2.9 u	2.8 u	2.8 u	2.2 u	3.0 u	4.7 b	3.3 u	3.2 u	3.3 u	2.9 u
A,TOTAL,F,Y15-74,PC,AT33	2.8 u	3.0 u	3.5 	4.0 	2.3 u	2.2 u	3.3 	5.5 b	3.3 	3.1 	3.2 	3.9 
A,TOTAL,F,Y15-74,PC,AT34	: u	3.7 u	3.5 u	3.5 u	3.8 u	3.2 u	3.5 u	4.0 bu	3.2 u	3.5 u	4.1 u	4.2 u
A,TOTAL,F,Y15-74,PC,BE10	16.1 	15.8 	16.0 	14.7 b	11.8 	12.5 	12.8 	12.1 b	11.1 	11.1 	11.4 	11.5 
A,TOTAL,F,Y15-74,PC,BE21	6.2 	5.7 	5.9 	6.6 b	4.1 	3.2 	3.9 	4.7 b	3.4 	3.1 	4.3 	3.6 
A,TOTAL,F,Y15-74,PC,BE22	5.2 	4.6 	5.2 	4.6 b	3.8 	3.7 	4.3 	3.3 b	3.9 	3.4 	4.2 	4.5 
A,TOTAL,F,Y15-74,PC,BE23	4.2 	4.0 	4.2 	3.6 b	2.7 	2.5 	3.0 	2.7 b	1.9 	2.7 	2.5 	3.4 
A,TOTAL,F,Y15-74,PC,BE24	4.8 	4.9 	4.4 	5.1 b	2.9 	3.6 	3.4 	3.3 bu	3.0 u	2.7 u	3.5 u	4.5 
A,TOTAL,F,Y15-74,PC,BE25	4.1 	3.4 	3.5 	3.5 b	3.1 	3.1 	3.5 	3.5 b	2.8 	2.6 	2.3 	2.4 
A,TOTAL,F,Y15-74,PC,BE31	9.2 	7.8 	8.2 	6.6 b	6.2 	5.0 u	5.2 u	7.3 b	5.6 	5.2 u	6.1 	6.9 
A,TOTAL,F,Y15-74,PC,BE32	12.3 	12.1 	11.3 	10.9 b	9.6 	7.1 	6.8 	9.6 b	9.9 	8.5 	7.9 	8.8 
A,TOTAL,F,Y15-74,PC,BE33	11.3 	12.5 	10.6 	9.5 b	7.2 	5.7 	7.6 	9.3 b	7.7 	7.5 	6.5 	7.5 
A,TOTAL,F,Y15-74,PC,BE34	9.6 	10.3 	8.9 	6.4 bu	5.5 u	4.8 u	5.0 u	6.6 bu	5.6 u	6.9 u	5.9 u	7.3 u
A,TOTAL,F,Y15-74,PC,BE35	9.2 	10.5 	9.5 	6.4 b	8.9 	5.6 	5.2 	5.6 b	6.8 	6.3 	6.8 	6.8 
A,TOTAL,F,Y15-74,PC,BG31	11.5 	10.5 	10.5 	10.4 	9.1 	9.2 b	11.0 	9.8 b	6.9 	7.6 	8.5 b	6.8 
A,TOTAL,F,Y15-74,PC,BG32	11.7 	9.8 	8.4 	6.0 	5.9 	4.7 b	5.2 u	5.5 b	4.9 	5.6 	4.3 bu	3.8 
A,TOTAL,F,Y15-74,PC,BG33	12.2 	10.9 	10.4 	10.7 	7.7 	6.6 b	6.2 	5.6 b	4.6 	5.1 	4.4 b	4.4 
A,TOTAL,F,Y15-74,PC,BG34	12.2 	10.2 	7.8 	6.8 	4.8 	3.3 b	4.1 u	6.0 b	4.6 	4.9 	4.7 b	5.1 
A,TOTAL,F,Y15-74,PC,BG41	7.6 	5.4 	4.5 	3.2 	2.4 	1.9 b	3.3 	3.1 b	2.8 	3.1 	2.7 b	1.8 
A,TOTAL,F,Y15-74,PC,BG42	11.4 	8.9 	6.0 	4.8 	3.7 	2.8 b	3.5 	4.3 b	3.3 	3.0 	2.9 b	2.3 
A,TOTAL,F,Y15-74,PC,CH01	7.7 	7.5 	7.5 	8.2 	7.7 	7.6 	7.6 	7.9 b	7.1 	6.8 	7.8 	7.7 
A,TOTAL,F,Y15-74,PC,CH02	4.8 	4.3 	4.6 	4.9 	4.7 	3.8 	4.2 	4.4 b	4.0 	4.0 	4.2 	4.6 
A,TOTAL,F,Y15-74,PC,CH03	4.1 	4.3 	5.4 	4.4 	4.8 	4.1 	5.3 	5.2 b	4.1 	3.9 	4.0 	4.5 
A,TOTAL,F,Y15-74,PC,CH04	3.7 	4.1 	4.1 	4.2 	4.6 	4.7 	4.7 	4.6 b	3.7 	3.4 	4.0 	4.2 
A,TOTAL,F,Y15-74,PC,CH05	4.2 	4.5 	4.2 	3.5 	4.1 	3.8 	3.9 	4.6 b	3.8 	3.2 	3.0 	3.5 
A,TOTAL,F,Y15-74,PC,CH06	4.3 	3.7 	3.3 	3.9 	3.5 	2.9 	3.3 	3.5 b	2.1 u	3.2 	3.0 	3.2 
A,TOTAL,F,Y15-74,PC,CH07	8.0 	7.6 	7.3 	6.9 	7.4 	7.8 	7.3 	9.1 b	7.2 	7.7 	6.9 	7.4 
A,TOTAL,F,Y15-74,PC,CY00	15.1 	14.8 	13.4 	11.3 	8.8 	7.7 	7.5 	7.3 b	6.8 	5.9 	5.1 	4.8 
A,TOTAL,F,Y15-74,PC,CZ01	2.7 	3.3 	2.1 	2.1 	1.9 	1.5 	2.6 	2.9 b	1.6 	2.1 	1.9 	1.9 
A,TOTAL,F,Y15-74,PC,CZ02	6.1 	4.2 	4.0 	2.7 	2.7 	1.5 	2.6 	3.3 b	1.6 	2.4 	1.8 	1.9 
A,TOTAL,F,Y15-74,PC,CZ03	7.4 	5.0 	3.9 	2.6 	1.7 	1.9 	2.5 	2.8 b	2.3 	2.6 	2.8 	2.6 
A,TOTAL,F,Y15-74,PC,CZ04	10.4 	8.8 	5.7 	4.3 	3.7 	3.7 	4.7 	5.2 b	4.2 	4.7 	4.8 	5.5 
A,TOTAL,F,Y15-74,PC,CZ05	8.1 	6.3 	4.6 	3.7 	2.5 	1.9 	2.6 	2.8 b	2.6 	3.3 	3.5 	3.7 
A,TOTAL,F,Y15-74,PC,CZ06	6.9 	5.9 	4.6 	4.2 	3.2 	2.6 	3.1 	3.2 b	2.2 	2.8 	2.8 	3.0 
A,TOTAL,F,Y15-74,PC,CZ07	8.4 	6.7 	4.1 	3.4 	2.5 	2.4 	2.8 	2.8 b	3.4 	2.6 	2.9 	2.6 
A,TOTAL,F,Y15-74,PC,CZ08	10.2 	9.3 	8.8 	5.7 	4.3 	4.0 	3.3 	5.1 b	5.2 	4.5 	4.6 	4.4 
A,TOTAL,F,Y15-74,PC,DE11	2.9 	3.3 	3.1 	2.9 	2.0 	2.0 	3.1 bu	2.9 b	2.6 	2.9 	3.0 	3.2 
A,TOTAL,F,Y15-74,PC,DE12	3.2 	3.3 	3.3 	3.3 	2.9 	2.8 	3.6 bu	2.6 bu	2.8 u	2.8 u	2.9 u	3.3 u
A,TOTAL,F,Y15-74,PC,DE13	3.0 	2.3 	3.0 	2.7 	2.2 	1.9 	: bu	3.1 bu	: u	2.0 u	2.5 u	2.9 u
A,TOTAL,F,Y15-74,PC,DE14	2.5 	2.8 	2.5 	2.0 	1.8 	1.6 	: bu	2.8 bu	: u	: u	2.7 u	2.5 u
A,TOTAL,F,Y15-74,PC,DE21	2.4 	2.4 	2.4 	2.0 	2.0 	1.8 	3.0 bu	2.6 b	2.5 	2.3 	2.9 	3.0 
A,TOTAL,F,Y15-74,PC,DE22	3.0 	2.6 	1.9 	1.7 	1.9 	1.8 	: bu	: bu	: u	: u	: u	: u
A,TOTAL,F,Y15-74,PC,DE23	2.3 	2.7 	2.9 	2.0 	2.0 	2.1 	: bu	: bu	: u	: u	: u	: u
A,TOTAL,F,Y15-74,PC,DE24	3.9 	3.8 	2.9 	2.9 	2.4 	1.9 	: bu	: bu	: u	: u	: u	: u
A,TOTAL,F,Y15-74,PC,DE25	3.3 	3.1 	2.2 	2.2 	1.6 	2.2 	: bu	: bu	2.9 u	: u	: u	3.5 u
A,TOTAL,F,Y15-74,PC,DE26	3.5 	3.1 	2.5 	2.1 	2.1 	2.1 	: bu	: bu	: u	: u	: u	: u
A,TOTAL,F,Y15-74,PC,DE27	3.3 	3.2 	3.0 	3.2 	2.7 	2.1 	: bu	: bu	: u	: u	: u	2.8 u
A,TOTAL,F,Y15-74,PC,DE30	8.5 	8.1 	7.0 	6.4 	5.5 	4.8 	6.1 b	5.0 b	4.6 	5.0 	4.9 	5.9 
A,TOTAL,F,Y15-74,PC,DE40	6.6 	5.5 	3.6 	3.6 	3.1 	2.6 	: bu	2.5 bu	3.2 u	3.1 u	3.2 u	3.4 u
A,TOTAL,F,Y15-74,PC,DE50	5.8 	4.9 	4.6 	3.3 	: u	: u	: bu	: bu	: u	: u	: u	: u
A,TOTAL,F,Y15-74,PC,DE60	4.7 	3.9 	3.6 	3.8 	3.6 	3.2 	: bu	3.9 bu	3.3 u	3.7 u	4.3 u	4.6 u
A,TOTAL,F,Y15-74,PC,DE71	4.2 	4.0 	3.7 	2.8 	2.6 	2.9 	3.4 bu	3.5 b	3.6 	2.7 	3.2 	3.1 
A,TOTAL,F,Y15-74,PC,DE72	4.2 	3.5 	3.9 	2.9 	3.0 	2.6 	: bu	: bu	: u	: u	: u	: u
A,TOTAL,F,Y15-74,PC,DE73	4.3 	2.7 	3.7 	2.3 	1.9 	2.3 	: bu	: bu	: u	: u	: u	: u
A,TOTAL,F,Y15-74,PC,DE80	8.6 	7.5 	5.8 	4.7 	4.0 	3.5 	: bu	: bu	3.3 u	3.9 u	3.6 u	4.1 u
A,TOTAL,F,Y15-74,PC,DE91	4.8 	4.1 	4.0 	3.7 	3.6 	3.0 	: bu	: bu	: u	: u	3.7 u	: u
A,TOTAL,F,Y15-74,PC,DE92	4.7 	4.2 	3.6 	4.0 	3.5 	2.5 	: bu	2.6 bu	2.8 u	2.6 u	2.8 u	3.3 u
A,TOTAL,F,Y15-74,PC,DE93	3.7 	3.1 	3.2 	3.0 	2.5 	2.1 	: bu	: bu	: u	: u	: u	3.2 u
A,TOTAL,F,Y15-74,PC,DE94	3.6 	4.1 	3.0 	2.6 	2.3 	2.7 	: bu	3.4 bu	2.3 u	2.3 u	3.1 u	2.3 u
A,TOTAL,F,Y15-74,PC,DEA1	5.7 	5.1 	3.9 	3.4 	3.4 	3.1 	4.5 b	3.6 b	3.2 	3.3 	3.7 	4.2 
A,TOTAL,F,Y15-74,PC,DEA2	4.7 	4.2 	3.3 	3.0 	2.7 	2.7 	3.4 bu	3.4 b	3.0 	3.1 	3.7 	3.5 
A,TOTAL,F,Y15-74,PC,DEA3	4.1 	3.9 	3.7 	3.1 	2.7 	2.7 	: bu	3.5 bu	2.8 u	2.7 u	2.8 u	3.2 u
A,TOTAL,F,Y15-74,PC,DEA4	4.8 	4.2 	3.4 	3.3 	3.1 	2.6 	: bu	3.6 bu	: u	: u	3.0 u	3.7 u
A,TOTAL,F,Y15-74,PC,DEA5	5.1 	4.8 	4.3 	3.8 	3.2 	3.3 	4.8 b	3.8 b	3.4 	3.2 	2.9 u	4.1 
A,TOTAL,F,Y15-74,PC,DEB1	3.8 	3.5 	3.1 	2.7 	2.6 	1.9 	: bu	: bu	: u	: u	: u	: u
A,TOTAL,F,Y15-74,PC,DEB2	: u	: u	: u	: u	: u	: u	: bu	: bu	: u	: u	: u	: u
A,TOTAL,F,Y15-74,PC,DEB3	3.7 	3.5 	3.6 	3.4 	2.7 	2.9 	: bu	3.7 bu	3.2 u	2.6 u	2.5 u	4.1 u
A,TOTAL,F,Y15-74,PC,DEC0	5.5 	4.4 	4.1 	3.5 	3.1 	3.1 	: bu	: bu	: u	: u	: u	: u
A,TOTAL,F,Y15-74,PC,DED2	7.2 	5.4 	4.2 	4.1 	3.8 	3.4 	: bu	: bu	3.5 u	: u	3.4 u	5.0 u
A,TOTAL,F,Y15-74,PC,DED4	6.5 	5.1 	4.6 	4.5 	2.9 	3.2 	: bu	: bu	: u	: u	: u	: u
A,TOTAL,F,Y15-74,PC,DED5	7.4 	6.7 	5.7 	4.6 	4.4 	4.4 	: bu	: bu	: u	: u	5.1 u	4.6 u
A,TOTAL,F,Y15-74,PC,DEE0	8.4 	7.6 	7.2 	6.2 	4.6 	4.2 	: bu	3.5 bu	3.5 u	3.1 u	3.4 u	4.2 u
A,TOTAL,F,Y15-74,PC,DEF0	4.2 	3.4 	3.5 	2.8 	2.6 	2.3 	: bu	2.9 bu	2.6 u	3.0 u	3.2 u	3.7 
A,TOTAL,F,Y15-74,PC,DEG0	6.0 	5.8 	5.0 	4.2 	4.1 	3.4 	: bu	3.3 bu	2.7 u	3.0 u	3.3 u	3.5 u
A,TOTAL,F,Y15-74,PC,DK01	7.6 	6.9 	6.5 b	6.3 b	5.6 	5.2 	6.1 	5.5 b	4.9 	5.3 b	6.6 	6.6 
A,TOTAL,F,Y15-74,PC,DK02	6.6 	6.5 	6.6 b	5.6 b	5.1 	5.3 	6.0 	5.2 b	4.1 	5.0 b	6.1 	5.8 
A,TOTAL,F,Y15-74,PC,DK03	7.1 	6.3 	6.6 b	6.1 b	5.2 	4.8 	5.2 	4.5 b	4.3 	5.3 b	6.8 	6.1 
A,TOTAL,F,Y15-74,PC,DK04	6.9 	6.1 	5.6 b	6.0 b	4.9 	5.1 	6.1 	5.1 b	4.2 	5.2 b	6.4 	6.9 
A,TOTAL,F,Y15-74,PC,DK05	6.9 	6.7 	7.2 b	5.8 b	5.9 	6.7 	7.0 	5.4 b	4.7 	5.8 b	6.3 	5.5 
A,TOTAL,F,Y15-74,PC,EE00	6.8 	6.3 	6.2 	5.2 	5.3 	4.9 	6.8 	5.6 b	5.1 	6.7 	7.5 	6.6 
A,TOTAL,F,Y15-74,PC,EL30	29.5 	27.4 	26.3 	24.8 	24.9 	20.1 	15.8 	14.9 b	12.3 	11.5 	10.2 	9.0 
A,TOTAL,F,Y15-74,PC,EL41	28.1 	25.2 	26.1 	28.2 	28.4 	23.8 	22.3 	19.1 b	15.8 	12.2 	8.9 u	8.5 u
A,TOTAL,F,Y15-74,PC,EL42	21.2 	16.4 	21.8 	19.2 	21.1 	18.1 	21.5 	21.3 b	14.1 	8.7 	12.0 	9.7 
A,TOTAL,F,Y15-74,PC,EL43	27.9 	28.9 	27.6 	21.4 	17.2 	14.6 	21.6 	22.1 b	16.8 	14.2 	11.5 	7.7 
A,TOTAL,F,Y15-74,PC,EL51	27.8 	27.8 	27.6 	25.0 	18.9 	20.4 	21.0 	21.4 b	18.5 	15.7 	15.4 	13.6 
A,TOTAL,F,Y15-74,PC,EL52	33.2 	30.1 	28.4 	28.2 	25.8 	24.3 	22.5 	21.1 b	20.3 	18.8 	16.3 	14.9 
A,TOTAL,F,Y15-74,PC,EL53	34.6 	39.7 	40.4 	37.2 	32.9 	32.9 	25.7 	24.1 b	24.4 	21.6 	19.0 	21.2 
A,TOTAL,F,Y15-74,PC,EL54	30.1 	28.9 	29.1 	29.4 	22.2 	18.6 	22.0 	18.9 b	16.0 	17.8 	13.6 	12.1 
A,TOTAL,F,Y15-74,PC,EL61	32.0 	33.0 	30.6 	26.1 	23.3 	23.6 	21.3 	23.5 b	23.1 	16.2 	13.6 	9.1 
A,TOTAL,F,Y15-74,PC,EL62	27.9 	24.4 	17.4 	21.5 	19.9 	16.5 	17.9 	16.0 b	17.5 	18.7 	21.6 	12.7 
A,TOTAL,F,Y15-74,PC,EL63	34.3 	34.1 	38.5 	35.4 	31.6 	30.6 	27.9 	21.7 b	15.7 	13.9 	13.6 	12.0 
A,TOTAL,F,Y15-74,PC,EL64	30.9 	32.5 	33.8 	26.7 	25.6 	25.5 	26.2 	25.6 b	21.1 	14.8 	13.5 	14.5 
A,TOTAL,F,Y15-74,PC,EL65	28.6 	27.4 	23.7 	21.5 	19.0 	15.5 	16.2 	18.3 b	17.7 	13.6 	11.1 	11.2 
A,TOTAL,F,Y15-74,PC,ES11	21.7 	20.0 	17.8 	16.4 	14.4 	12.8 	13.3 	12.7 bd	12.1 d	10.5 d	10.0 d	8.7 d
A,TOTAL,F,Y15-74,PC,ES12	22.2 	18.6 	16.3 	13.9 	14.9 	15.2 	14.4 	13.5 bd	13.4 d	12.9 d	11.1 d	9.9 d
A,TOTAL,F,Y15-74,PC,ES13	18.7 	19.0 	15.5 	13.9 	12.4 	11.0 	12.7 	12.8 bd	11.5 d	10.0 d	9.2 d	7.8 d
A,TOTAL,F,Y15-74,PC,ES21	16.1 	14.7 	13.1 	12.2 	9.9 	9.4 	10.5 	10.4 bd	9.0 d	8.6 d	7.4 d	7.5 d
A,TOTAL,F,Y15-74,PC,ES22	16.0 	15.2 	14.3 	13.2 	11.1 	9.2 	10.1 	9.8 bd	10.3 d	10.8 d	8.4 d	9.1 d
A,TOTAL,F,Y15-74,PC,ES23	21.2 	16.9 	15.1 	14.9 	11.9 	9.8 	12.6 	14.8 bd	10.3 d	11.1 d	10.2 d	9.3 d
A,TOTAL,F,Y15-74,PC,ES24	22.5 	19.9 	17.8 	14.8 	12.2 	11.5 	13.6 	12.1 bd	11.7 d	11.0 d	9.8 d	9.9 d
A,TOTAL,F,Y15-74,PC,ES30	19.6 	17.3 	16.5 	13.9 	12.9 	11.5 	13.5 	12.6 bd	13.0 d	11.2 d	9.5 d	8.1 d
A,TOTAL,F,Y15-74,PC,ES41	22.7 	21.1 	17.9 	16.6 	14.2 	13.6 	13.8 	13.9 bd	11.5 d	11.6 d	11.3 d	9.8 d
A,TOTAL,F,Y15-74,PC,ES42	32.9 	31.3 	28.2 	26.0 	24.1 	21.3 	22.9 	20.8 bd	19.1 d	17.0 d	17.5 d	16.6 d
A,TOTAL,F,Y15-74,PC,ES43	33.2 	33.5 	32.4 	30.7 	29.1 	27.7 	26.3 	25.2 bd	20.9 d	21.0 d	18.0 d	17.6 d
A,TOTAL,F,Y15-74,PC,ES51	20.0 	19.4 	16.9 	14.4 	12.1 	11.5 	13.4 	13.0 bd	10.6 d	9.8 d	9.5 d	9.2 d
A,TOTAL,F,Y15-74,PC,ES52	26.8 	23.8 	22.6 	20.2 	17.5 	16.9 	18.4 	18.2 bd	15.5 d	14.9 d	14.2 d	13.7 d
A,TOTAL,F,Y15-74,PC,ES53	18.4 	17.3 	14.4 	12.5 	10.9 	13.4 	17.5 	15.6 bd	11.8 d	10.8 d	10.7 d	9.3 d
A,TOTAL,F,Y15-74,PC,ES61	37.3 	34.5 	32.1 	28.7 	27.0 	25.2 	26.5 	25.6 bd	22.7 d	21.3 d	19.2 d	18.2 d
A,TOTAL,F,Y15-74,PC,ES62	29.2 	28.4 	23.0 	21.6 	21.0 	18.2 	19.5 	17.7 bd	15.8 d	15.0 d	14.3 d	13.6 d
A,TOTAL,F,Y15-74,PC,ES63	36.4 	36.5 	32.0 u	29.6 u	36.3 	29.7 u	28.3 u	35.5 bd	34.9 d	36.5 d	37.1 d	31.9 d
A,TOTAL,F,Y15-74,PC,ES64	35.4 	40.1 	37.7 	37.5 	31.6 	32.7 	27.2 u	31.2 bd	32.4 d	26.6 du	29.5 d	30.3 d
A,TOTAL,F,Y15-74,PC,ES70	33.1 	30.6 	28.0 	26.0 	21.4 	21.9 	24.0 	24.6 bd	19.4 d	18.4 d	15.5 d	15.1 d
A,TOTAL,F,Y15-74,PC,FI19	8.0 	9.4 	9.3 	8.9 	7.6 	5.6 	7.5 	6.7 b	6.1 	6.0 	7.5 	8.3 
A,TOTAL,F,Y15-74,PC,FI1B	6.5 	7.5 	7.2 	7.8 	6.6 	6.3 	7.1 	7.6 b	6.5 	7.1 	8.6 	10.2 
A,TOTAL,F,Y15-74,PC,FI1C	9.2 	9.2 	8.9 	8.0 	7.4 	6.2 	7.4 	6.6 b	7.1 	6.6 	7.1 	8.9 
A,TOTAL,F,Y15-74,PC,FI1D	9.1 	10.1 	9.7 	9.2 	8.0 	6.8 	8.3 	7.3 b	6.0 	6.0 	6.6 	8.4 
A,TOTAL,F,Y15-74,PC,FI20	: u	: u	: u	: u	: u	: u	: u	: bu	: u	: u	: u	: u
A,TOTAL,F,Y15-74,PC,FR10	9.1 	8.5 	8.9 	8.7 	8.4 	7.5 	7.8 	7.7 bd	7.5 d	7.1 d	7.8 d	8.8 d
A,TOTAL,F,Y15-74,PC,FRB0	9.8 	10.4 	10.3 	8.4 	8.2 	8.6 	8.1 	7.7 bd	6.7 d	6.0 d	5.7 d	6.2 d
A,TOTAL,F,Y15-74,PC,FRC1	9.8 	8.8 	8.3 	10.3 	8.4 	7.6 	7.9 	7.0 bd	6.8 d	6.9 d	6.2 d	6.6 d
A,TOTAL,F,Y15-74,PC,FRC2	8.7 	8.7 	8.0 	6.7 	7.5 	9.3 	5.4 	8.5 bd	6.0 d	5.7 d	5.0 d	8.9 d
A,TOTAL,F,Y15-74,PC,FRD1	8.2 	8.5 	8.6 	8.3 	8.3 	7.4 	6.3 	6.4 bd	4.8 d	6.0 d	7.2 d	6.1 d
A,TOTAL,F,Y15-74,PC,FRD2	12.4 	9.7 	10.8 	10.6 	8.4 	11.3 	9.0 	7.0 bd	8.0 d	7.6 d	7.4 d	8.4 d
A,TOTAL,F,Y15-74,PC,FRE1	12.6 	13.1 	12.5 	11.7 	11.4 	10.3 	8.4 	8.1 bd	8.1 d	9.9 d	9.7 d	9.0 d
A,TOTAL,F,Y15-74,PC,FRE2	11.8 	11.5 	11.4 	10.3 	8.0 	9.3 	7.4 	9.7 bd	9.1 d	8.2 d	7.6 d	7.1 d
A,TOTAL,F,Y15-74,PC,FRF1	11.3 	8.9 	9.6 	8.5 	7.9 	6.6 	6.9 	7.2 bd	6.1 d	5.9 d	6.1 d	4.7 d
A,TOTAL,F,Y15-74,PC,FRF2	11.0 	11.3 	11.2 	9.6 	9.4 	9.2 	12.1 	8.0 bd	8.1 d	7.4 d	6.8 d	7.3 d
A,TOTAL,F,Y15-74,PC,FRF3	11.8 	11.3 	10.6 	10.4 	10.4 	8.4 	9.8 	8.2 bd	6.4 d	7.6 d	8.4 d	7.3 d
A,TOTAL,F,Y15-74,PC,FRG0	8.7 	8.9 	9.0 	7.1 	8.6 	8.0 	7.2 	5.9 bd	5.5 d	6.1 d	5.9 d	6.0 d
A,TOTAL,F,Y15-74,PC,FRH0	7.4 	7.2 	9.5 	7.7 	7.0 	6.4 	6.8 	6.6 bd	6.2 d	4.7 d	5.5 d	5.5 d
A,TOTAL,F,Y15-74,PC,FRI1	8.0 	9.7 	10.1 	9.8 	9.2 	9.0 	7.1 	7.2 bd	7.1 d	6.9 d	6.4 d	8.3 d
A,TOTAL,F,Y15-74,PC,FRI2	8.8 	8.0 	6.9 	5.1 u	7.0 	7.7 	5.5 u	5.0 bdu	5.0 du	7.0 d	5.4 du	6.1 du
A,TOTAL,F,Y15-74,PC,FRI3	11.3 	8.9 	8.6 	10.4 	9.6 	8.7 	9.7 	9.3 bd	6.7 d	8.0 d	6.0 d	6.1 d
A,TOTAL,F,Y15-74,PC,FRJ1	12.5 	12.2 	11.4 	12.5 	11.9 	10.4 	8.8 	10.5 bd	8.2 d	9.2 d	8.9 d	8.9 d
A,TOTAL,F,Y15-74,PC,FRJ2	9.0 	8.2 	8.5 	7.7 	9.5 	7.2 	6.0 	6.1 bd	6.0 d	6.1 d	6.5 d	6.8 d
A,TOTAL,F,Y15-74,PC,FRK1	7.3 	8.0 	7.3 	8.4 	8.4 	5.8 	5.4 	8.0 bd	7.4 d	5.9 d	7.2 d	6.4 d
A,TOTAL,F,Y15-74,PC,FRK2	8.4 	9.0 	8.1 	7.5 	7.3 	7.3 	7.2 	6.9 bd	6.4 d	6.5 d	6.7 d	6.7 d
A,TOTAL,F,Y15-74,PC,FRL0	9.5 	11.2 	10.4 	9.9 	9.0 	7.8 	8.5 	7.9 bd	6.8 d	7.2 d	6.7 d	6.9 d
A,TOTAL,F,Y15-74,PC,FRM0	14.1 u	16.5 u	9.9 u	13.5 u	: u	: u	10.8 u	11.8 bdu	: u	6.5 du	: u	8.7 du
A,TOTAL,F,Y15-74,PC,FRY1	25.6 	25.7 	25.4 	23.3 	24.1 	22.3 	18.8 	17.3 bd	19.7 d	18.6 d	16.4 d	16.0 d
A,TOTAL,F,Y15-74,PC,FRY2	19.7 	16.7 	17.9 	20.0 	16.9 	12.8 	12.5 	13.5 bd	12.7 d	10.4 d	10.6 d	11.7 d
A,TOTAL,F,Y15-74,PC,FRY3	28.3 	26.5 	25.1 	24.4 	20.8 	20.0 	19.7 	15.9 bd	14.6 d	16.2 d	20.6 d	18.3 d
A,TOTAL,F,Y15-74,PC,FRY4	26.0 	24.6 	22.5 	22.8 	24.6 	21.6 	16.6 	17.1 bd	16.2 d	18.2 d	15.7 d	15.4 d
A,TOTAL,F,Y15-74,PC,FRY5	30.2 	32.0 	35.6 	33.5 	41.8 	35.3 	35.3 u	: 	: 	: 	: 	: 
A,TOTAL,F,Y15-74,PC,HR02	: 	: 	19.9 	20.0 	15.5 	11.8 	13.7 	11.7 b	14.5 	12.7 	7.7 	7.2 
A,TOTAL,F,Y15-74,PC,HR03	17.5 	17.0 	13.8 	11.7 	9.8 	7.7 	7.7 	9.5 b	6.8 	6.1 	6.3 	4.9 
A,TOTAL,F,Y15-74,PC,HR04	18.7 	17.0 	: 	: 	: 	: 	: 	: 	: 	: 	: 	: 
A,TOTAL,F,Y15-74,PC,HR05	: 	: 	8.3 	6.4 	5.2 u	4.2 u	3.6 u	4.1 bu	5.4 	2.9 u	1.9 u	1.9 u
A,TOTAL,F,Y15-74,PC,HR06	: 	: 	11.8 	8.4 	6.1 u	4.0 u	4.8 u	5.6 bu	4.9 u	5.2 u	3.5 u	2.7 u
A,TOTAL,F,Y15-74,PC,HU11	7.0 	5.5 	3.7 	3.1 	3.4 b	2.9 	3.8 	3.1 b	2.2 	2.2 	2.0 	3.1 
A,TOTAL,F,Y15-74,PC,HU12	6.2 	5.2 	3.5 	2.9 	2.0 b	2.6 	4.2 	3.4 b	2.1 	3.8 	3.2 	2.8 
A,TOTAL,F,Y15-74,PC,HU21	5.7 	5.0 	3.2 	2.5 	2.3 b	2.0 u	2.9 	2.1 b	1.5 u	1.9 u	2.6 	3.3 
A,TOTAL,F,Y15-74,PC,HU22	5.1 	4.2 	3.1 	3.1 	2.8 b	2.1 u	2.7 	2.4 b	2.3 	2.4 	3.1 	3.0 
A,TOTAL,F,Y15-74,PC,HU23	7.1 	8.5 	5.8 	6.5 	5.5 b	4.6 	5.1 	4.6 b	4.6 	5.6 	6.8 	6.2 
A,TOTAL,F,Y15-74,PC,HU31	10.3 	8.8 	6.5 	6.3 	5.0 b	4.4 	4.4 	6.6 b	6.6 	7.0 	7.7 	7.2 
A,TOTAL,F,Y15-74,PC,HU32	12.3 	11.0 	9.0 	8.0 	6.7 b	6.2 	7.0 	7.1 b	5.7 	6.9 	7.9 	6.0 
A,TOTAL,F,Y15-74,PC,HU33	8.7 	8.3 	6.0 	4.7 	3.8 b	3.4 	5.2 	4.8 b	4.0 	4.7 	4.2 	4.3 
A,TOTAL,F,Y15-74,PC,IE04	10.6 	8.7 	7.5 	5.5 b	5.4 	4.5 	4.9 	5.2 b	4.4 	4.0 	4.0 	4.8 
A,TOTAL,F,Y15-74,PC,IE05	11.6 	9.6 	7.9 	6.5 b	6.0 	5.1 	5.4 	6.2 b	4.0 	3.9 	4.3 	4.3 
A,TOTAL,F,Y15-74,PC,IE06	10.5 	8.6 	7.5 	6.4 b	5.7 	4.5 	6.1 	6.4 b	4.9 	4.5 	4.4 	4.7 
A,TOTAL,F,Y15-74,PC,IS00	4.8 	4.1 	3.0 	2.7 	2.5 	3.1 	5.3 b	6.4 b	3.4 	3.1 	3.3 	: 
A,TOTAL,F,Y15-74,PC,ITC1	12.1 	10.5 	10.0 	10.2 	9.0 b	9.2 	8.7 	8.7 b	7.2 	7.1 	6.0 	6.8 
A,TOTAL,F,Y15-74,PC,ITC2	8.4 u	8.1 u	8.5 u	7.7 u	7.3 bu	7.2 u	: u	7.5 bu	6.4 u	: u	: u	: u
A,TOTAL,F,Y15-74,PC,ITC3	11.7 	9.5 	11.5 	11.6 	12.1 b	12.2 	9.6 	10.4 b	8.8 	7.5 	6.3 	4.8 
A,TOTAL,F,Y15-74,PC,ITC4	8.8 	8.7 	8.6 	7.7 	7.1 b	6.7 	5.9 	6.6 b	6.2 	4.8 	4.3 	3.4 
A,TOTAL,F,Y15-74,PC,ITF1	14.9 	15.5 	15.3 	15.3 	14.6 b	13.3 	12.6 	12.2 b	12.9 	8.8 	7.7 	7.1 
A,TOTAL,F,Y15-74,PC,ITF2	15.4 	14.8 	14.0 	14.4 	15.2 b	14.6 	11.1 	14.2 b	11.2 	11.0 	10.1 	6.8 u
A,TOTAL,F,Y15-74,PC,ITF3	25.3 	23.0 	23.6 	24.0 	23.3 b	22.8 	20.5 	22.2 b	20.0 	20.7 	17.8 	15.8 
A,TOTAL,F,Y15-74,PC,ITF4	25.4 	21.8 	22.7 	22.2 	18.8 b	17.4 	16.7 	17.4 b	15.6 	15.4 	11.1 	11.5 
A,TOTAL,F,Y15-74,PC,ITF5	16.1 	15.8 	15.4 	14.9 	14.3 b	12.9 	10.5 	9.1 b	9.5 	9.7 	9.3 	6.0 
A,TOTAL,F,Y15-74,PC,ITF6	26.5 	23.7 	26.3 	24.2 	24.7 b	22.5 	22.4 	20.4 b	16.6 	19.0 	14.8 	10.7 
A,TOTAL,F,Y15-74,PC,ITG1	24.2 	22.7 	24.0 	23.4 	24.1 b	22.5 	20.7 	21.3 b	19.0 	18.0 	15.0 	14.3 
A,TOTAL,F,Y15-74,PC,ITG2	19.0 	18.3 	17.8 	17.1 	15.0 b	15.1 	13.0 	13.7 b	13.3 	9.9 	8.8 	9.0 
A,TOTAL,F,Y15-74,PC,ITH1	4.4 	4.2 	4.1 	3.9 	3.0 b	3.2 	4.4 	4.6 b	3.0 	2.3 u	1.9 u	2.1 u
A,TOTAL,F,Y15-74,PC,ITH2	8.0 	7.3 	7.1 	5.7 	5.4 b	6.1 	5.9 	5.3 b	5.0 	4.7 	3.0 u	3.1 
A,TOTAL,F,Y15-74,PC,ITH3	9.8 	8.8 	8.3 	7.9 	7.8 b	7.3 	7.5 	6.2 b	5.3 	5.2 	4.1 	5.2 
A,TOTAL,F,Y15-74,PC,ITH4	8.9 	9.7 	9.5 	8.1 	8.1 b	7.9 	7.4 	7.4 b	6.6 	5.7 	5.1 	4.9 
A,TOTAL,F,Y15-74,PC,ITH5	9.5 	9.1 	8.1 	8.0 	7.3 b	6.6 	6.9 	7.2 b	6.2 	6.2 	5.4 	4.7 
A,TOTAL,F,Y15-74,PC,ITI1	11.9 	9.8 	10.9 	9.5 	8.4 b	7.7 	7.9 	9.3 b	7.1 	6.3 	5.1 	5.0 
A,TOTAL,F,Y15-74,PC,ITI2	12.6 	12.2 	10.6 	11.8 	11.0 b	10.0 	9.5 	7.5 b	8.1 	7.9 	5.4 	5.7 
A,TOTAL,F,Y15-74,PC,ITI3	11.9 	11.1 	11.7 	12.4 	9.7 b	10.7 	8.9 	8.3 b	7.5 	6.1 	5.7 	5.5 
A,TOTAL,F,Y15-74,PC,ITI4	13.2 	12.3 	11.6 	11.6 	11.9 b	10.4 	9.7 	10.7 b	9.1 	8.7 	7.5 	5.9 
A,TOTAL,F,Y15-74,PC,LT01	6.5 	6.0 	4.8 	3.7 	3.9 	3.7 	5.4 	4.3 b	4.2 	4.7 	6.0 	4.2 
A,TOTAL,F,Y15-74,PC,LT02	10.4 	9.1 	7.5 	6.7 	6.2 	6.4 	8.9 	7.8 b	6.1 	7.2 	6.7 	6.6 
A,TOTAL,F,Y15-74,PC,LU00	5.8 	7.4 b	6.6 	5.5 	5.9 	5.5 	7.0 	5.6 b	4.7 	5.4 	6.3 	6.8 
A,TOTAL,F,Y15-74,PC,LV00	9.8 	8.6 	8.4 	7.7 	6.4 	5.4 	7.1 	6.6 b	5.6 	5.4 	5.8 	6.1 
A,TOTAL,F,Y15-74,PC,ME00	18.2 	17.3 	17.1 	17.0 	15.1 	15.7 	18.4 	: 	: 	: 	: 	: 
A,TOTAL,F,Y15-74,PC,MK00	28.6 	25.1 	22.8 	21.8 	19.9 	18.4 	15.9 	13.7 b	12.5 	11.4 	11.0 	10.6 
A,TOTAL,F,Y15-74,PC,MT00	5.1 	5.4 	5.2 	4.3 	3.7 	4.7 	5.1 	3.6 b	3.1 	3.2 	3.0 	3.0 
A,TOTAL,F,Y15-74,PC,NL11	7.8 	7.9 	7.7 	7.4 	5.4 	4.5 	5.1 	5.1 b	5.3 	3.8 	4.3 	4.7 
A,TOTAL,F,Y15-74,PC,NL12	7.7 	7.6 	6.2 	6.2 	5.2 	3.7 	4.6 	4.6 b	4.2 	4.2 	4.0 	3.8 
A,TOTAL,F,Y15-74,PC,NL13	7.4 	7.5 	7.7 	5.8 	4.2 	2.9 	3.8 	3.0 b	3.3 	3.9 	3.7 	4.1 
A,TOTAL,F,Y15-74,PC,NL21	7.1 	7.2 	7.1 	5.6 	4.1 	3.2 	3.5 	4.3 b	3.5 	3.0 	3.5 	3.6 
A,TOTAL,F,Y15-74,PC,NL22	7.0 	6.8 	6.1 	5.0 	3.5 	3.2 	3.5 	4.2 b	3.5 	3.2 	3.5 	3.4 
A,TOTAL,F,Y15-74,PC,NL23	12.2 	9.2 	8.5 	6.3 	5.4 	3.8 	4.4 	5.0 b	3.2 	5.0 	4.4 	3.9 
A,TOTAL,F,Y15-74,PC,NL31	6.4 	6.9 	5.1 	4.8 	3.5 	: 	: 	: 	: 	: 	: 	: 
A,TOTAL,F,Y15-74,PC,NL32	7.4 	6.5 	6.0 	4.6 	3.7 	2.9 	3.9 	5.0 b	3.9 	4.1 	3.9 	4.0 
A,TOTAL,F,Y15-74,PC,NL33	9.2 	8.6 	7.5 	6.1 	4.3 	: 	: 	: 	: 	: 	: 	: 
A,TOTAL,F,Y15-74,PC,NL34	4.4 	5.3 	4.8 	3.2 	3.4 	2.8 	2.6 u	5.0 b	3.2 	2.1 u	2.5 	2.1 u
A,TOTAL,F,Y15-74,PC,NL35	: 	: 	: 	: 	: 	2.8 	3.6 	4.8 b	4.1 	3.5 	3.9 	4.0 
A,TOTAL,F,Y15-74,PC,NL36	: 	: 	: 	: 	: 	4.2 	4.8 	5.1 b	4.3 	4.3 	4.3 	4.8 
A,TOTAL,F,Y15-74,PC,NL41	7.6 	7.2 	6.1 	4.5 	3.6 	3.2 	3.7 	3.3 b	3.3 	3.4 	3.6 	3.8 
A,TOTAL,F,Y15-74,PC,NL42	7.7 	6.3 	6.3 	5.2 	3.6 	2.9 	3.3 	4.0 b	3.5 	3.6 	3.4 	3.5 
A,TOTAL,F,Y15-74,PC,NO01	3.5 	4.6 	: 	: 	: 	: 	: 	: 	: 	: 	: 	: 
A,TOTAL,F,Y15-74,PC,NO02	2.4 	4.1 	3.3 	: u	: u	: u	: u	: bu	: u	: u	: u	: u
A,TOTAL,F,Y15-74,PC,NO03	3.7 	4.2 	: 	: 	: 	: 	: 	: 	: 	: 	: 	: 
A,TOTAL,F,Y15-74,PC,NO04	2.7 	4.2 	: 	: 	: 	: 	: 	: 	: 	: 	: 	: 
A,TOTAL,F,Y15-74,PC,NO05	3.0 	3.7 	: 	: 	: 	: 	: 	: 	: 	: 	: 	: 
A,TOTAL,F,Y15-74,PC,NO06	3.5 	3.5 	3.7 	: u	: u	: u	: u	: bu	: u	: u	: u	4.2 u
A,TOTAL,F,Y15-74,PC,NO07	3.4 	2.4 	2.2 	: u	: u	: u	: u	: bu	: u	: u	: u	: u
A,TOTAL,F,Y15-74,PC,NO08	: 	: 	4.3 	4.0 	3.8 	3.7 	4.6 	5.1 b	3.7 	4.2 	4.8 	4.4 
A,TOTAL,F,Y15-74,PC,NO09	: 	: 	4.4 	4.1 u	3.6 u	3.3 u	3.3 u	3.6 bu	3.4 u	3.3 u	3.9 u	4.2 u
A,TOTAL,F,Y15-74,PC,NO0A	: 	: 	4.0 	3.6 	3.6 	3.2 	4.5 	3.6 b	2.9 	2.8 	3.4 	4.1 
A,TOTAL,F,Y15-74,PC,PL21	9.8 	7.4 	5.6 b	3.4 	2.9 	3.3 b	3.4 	3.3 b	2.4 u	2.2 u	2.4 u	3.1 
A,TOTAL,F,Y15-74,PC,PL22	9.5 	7.4 	5.6 b	4.0 	3.4 	2.9 b	3.2 	2.9 b	2.5 	2.5 	2.7 	2.6 
A,TOTAL,F,Y15-74,PC,PL41	9.4 	6.7 	5.3 b	3.2 	2.4 	3.1 b	2.1 u	2.3 bu	1.4 u	2.6 u	2.5 u	3.6 
A,TOTAL,F,Y15-74,PC,PL42	7.9 	7.5 	7.3 b	4.3 u	4.0 u	3.6 bu	3.4 u	3.0 bu	: u	: u	3.7 u	4.1 u
A,TOTAL,F,Y15-74,PC,PL43	9.2 	6.6 u	5.0 bu	3.5 u	: u	: bu	: u	: bu	: u	: u	: u	: u
A,TOTAL,F,Y15-74,PC,PL51	9.5 	7.3 	5.7 b	5.5 	3.5 	3.4 b	2.5 u	3.0 bu	4.3 	2.9 u	3.8 	3.1 
A,TOTAL,F,Y15-74,PC,PL52	9.0 	7.3 u	5.4 bu	5.0 u	3.8 u	3.6 bu	: u	: bu	: u	: u	: u	: u
A,TOTAL,F,Y15-74,PC,PL61	12.5 	8.9 	7.8 b	5.3 	4.7 	5.0 b	3.9 u	5.5 b	3.8 u	4.4 u	5.6 	4.5 u
A,TOTAL,F,Y15-74,PC,PL62	10.0 	10.5 	8.8 b	7.9 	5.5 u	4.3 bu	: u	: bu	: u	: u	4.0 u	: u
A,TOTAL,F,Y15-74,PC,PL63	8.5 	6.2 	6.1 b	4.4 	3.0 u	3.4 b	3.4 u	2.7 bu	: u	2.3 u	: u	2.6 u
A,TOTAL,F,Y15-74,PC,PL71	9.3 	7.7 	5.5 b	4.3 	4.4 	3.6 b	2.9 u	5.2 b	3.7 u	4.3 	3.5 u	4.2 
A,TOTAL,F,Y15-74,PC,PL72	10.7 	9.8 	8.9 b	6.7 	5.3 u	3.7 bu	: u	4.6 bu	: u	: u	: u	4.8 u
A,TOTAL,F,Y15-74,PC,PL81	10.6 	9.5 	7.5 b	6.8 	6.5 	5.5 b	5.9 	5.5 b	4.8 	4.2 u	3.1 u	5.7 
A,TOTAL,F,Y15-74,PC,PL82	14.6 	12.4 	9.4 b	9.2 	6.9 	5.9 b	4.8 u	5.5 bu	5.3 u	4.5 u	3.8 u	3.4 u
A,TOTAL,F,Y15-74,PC,PL84	9.6 	6.8 	6.8 b	5.3 u	3.7 u	3.3 bu	: u	: bu	: u	: u	: u	: u
A,TOTAL,F,Y15-74,PC,PL91	6.1 	4.9 	3.8 b	3.4 	1.9 u	1.7 bu	2.1 u	1.5 bu	1.9 u	1.9 u	2.5 	2.3 
A,TOTAL,F,Y15-74,PC,PL92	10.0 	7.9 	6.9 b	6.7 	5.2 	4.8 b	5.0 	3.6 bu	3.6 u	2.9 u	4.0 u	4.5 
A,TOTAL,F,Y15-74,PC,PT11	16.2 	14.3 	12.7 	10.7 	7.8 	7.5 	7.2 	7.6 b	6.5 	7.5 	7.3 	7.2 
A,TOTAL,F,Y15-74,PC,PT15	14.0 	11.6 	8.4 	6.9 	6.0 	7.0 	8.7 	9.1 b	7.1 u	6.3 u	6.0 u	5.6 u
A,TOTAL,F,Y15-74,PC,PT16	11.2 	9.9 	9.0 	7.6 	6.4 	: 	: 	: 	: 	: 	: 	: 
A,TOTAL,F,Y15-74,PC,PT17	14.7 	12.9 	11.3 	9.9 	7.9 	: 	: 	: 	: 	: 	: 	: 
A,TOTAL,F,Y15-74,PC,PT18	14.1 	14.3 	12.8 	9.0 	7.6 	: 	: 	: 	: 	: 	: 	: 
A,TOTAL,F,Y15-74,PC,PT19	: 	: 	: 	: 	: 	5.0 	6.3 	5.5 b	5.0 	5.5 	6.4 	5.7 
A,TOTAL,F,Y15-74,PC,PT1A	: 	: 	: 	: 	: 	7.2 	8.0 	6.2 b	7.0 	6.8 	6.3 	6.3 
A,TOTAL,F,Y15-74,PC,PT1B	: 	: 	: 	: 	: 	9.4 	7.9 	8.6 b	10.7 	8.9 	8.3 	8.0 
A,TOTAL,F,Y15-74,PC,PT1C	: 	: 	: 	: 	: 	7.0 	6.0 	6.3 bu	4.9 u	6.3 u	6.2 u	5.6 u
A,TOTAL,F,Y15-74,PC,PT1D	: 	: 	: 	: 	: 	7.1 	5.2 	6.6 b	5.1 	5.5 	7.0 	5.8 
A,TOTAL,F,Y15-74,PC,PT20	16.1 	10.5 	9.4 	: u	8.6 	: u	: u	8.1 bu	6.5 u	7.0 u	6.4 u	: u
A,TOTAL,F,Y15-74,PC,PT30	13.9 	13.7 	11.8 	10.1 	8.2 	7.1 	8.3 	8.4 bu	7.1 u	6.2 u	5.9 u	6.3 u
A,TOTAL,F,Y15-74,PC,RO11	3.9 	4.5 	3.5 	3.2 	2.7 	2.9 	4.5 	3.0 b	3.1 	2.6 	3.8 	5.3 
A,TOTAL,F,Y15-74,PC,RO12	9.4 	6.9 	4.1 	3.1 	2.9 u	3.8 	6.4 	3.5 b	3.9 	3.4 	3.1 	3.5 
A,TOTAL,F,Y15-74,PC,RO21	3.3 	3.3 	2.8 	2.3 	2.3 	2.2 	3.6 	7.7 b	6.9 	6.7 	6.4 	7.7 
A,TOTAL,F,Y15-74,PC,RO22	9.4 	8.2 	6.5 	5.2 	5.5 	6.4 	6.8 	5.2 b	5.6 	6.5 	6.9 	9.5 
A,TOTAL,F,Y15-74,PC,RO31	8.1 	9.3 	9.1 	6.3 	5.4 	4.8 	5.9 	8.8 b	9.4 	10.1 	8.9 	10.2 
A,TOTAL,F,Y15-74,PC,RO32	7.0 	4.2 	3.8 	3.2 	3.0 	1.7 u	3.0 	2.2 b	2.3 	2.5 	2.4 	1.9 u
A,TOTAL,F,Y15-74,PC,RO41	4.7 	6.7 	7.3 	6.9 	4.5 	4.0 	4.0 	7.1 b	5.9 	6.9 	6.7 	6.3 
A,TOTAL,F,Y15-74,PC,RO42	4.1 	5.0 	3.6 u	2.8 u	: u	2.4 u	4.3 	3.0 bu	3.9 	: u	2.2 u	4.1 
A,TOTAL,F,Y15-74,PC,RS11	17.3 b	19.2 	15.4 	13.0 	11.6 	9.3 	7.3 	9.4 b	7.5 	7.1 	6.1 	6.8 
A,TOTAL,F,Y15-74,PC,RS12	19.4 b	16.5 	15.9 	13.0 	11.4 	9.5 	7.2 	10.2 b	8.0 	8.9 	8.6 	8.6 
A,TOTAL,F,Y15-74,PC,RS21	21.1 b	18.9 	16.3 	15.2 	15.5 	12.5 	11.5 	14.9 b	12.6 	10.8 	9.0 	8.8 
A,TOTAL,F,Y15-74,PC,RS22	25.2 b	21.3 	17.6 	16.9 	17.2 	14.0 	12.4 	15.3 b	13.0 	14.5 	13.3 	13.5 
A,TOTAL,F,Y15-74,PC,SE11	7.2 	7.3 	6.7 	6.5 	5.4 b	6.0 	7.7 	8.4 b	7.3 	7.5 	8.5 	8.8 
A,TOTAL,F,Y15-74,PC,SE12	8.3 	7.8 	7.4 	7.4 	7.6 b	7.3 	8.7 	9.6 b	9.9 	9.1 	9.2 	9.3 
A,TOTAL,F,Y15-74,PC,SE21	6.4 	5.7 	6.3 	5.5 	6.3 b	7.4 	7.4 	8.5 b	7.5 	8.7 	7.5 	8.2 
A,TOTAL,F,Y15-74,PC,SE22	9.2 	9.1 	7.1 	7.4 	7.8 b	9.1 	11.5 	11.7 b	9.9 	9.4 	10.6 	10.3 
A,TOTAL,F,Y15-74,PC,SE23	7.6 	6.6 	5.8 	5.7 	5.5 b	6.4 	7.6 	9.2 b	7.0 	7.4 	8.8 	8.4 
A,TOTAL,F,Y15-74,PC,SE31	8.3 	7.0 	6.7 	6.5 	6.0 b	7.1 	7.7 	10.1 b	7.5 	6.9 	6.9 	8.3 
A,TOTAL,F,Y15-74,PC,SE32	7.2 	7.2 	6.7 	5.7 	5.5 b	5.4 u	7.3 	5.9 bu	5.5 u	6.0 u	6.7 u	6.6 u
A,TOTAL,F,Y15-74,PC,SE33	6.4 	6.4 	5.0 	4.8 	5.6 b	6.7 	5.8 	6.9 b	5.9 	5.8 	4.5 u	6.9 
A,TOTAL,F,Y15-74,PC,SI03	12.6 	11.9 	10.2 	8.3 	6.0 	5.7 	7.0 	6.1 b	4.7 	4.1 	4.3 	4.7 
A,TOTAL,F,Y15-74,PC,SI04	8.4 	8.1 	6.9 	6.7 	5.4 	4.1 	4.2 	4.5 b	3.9 	3.3 	3.6 	3.8 
A,TOTAL,F,Y15-74,PC,SK01	6.4 	6.2 	6.7 	3.5 	2.0 u	2.2 u	4.2 	: bu	: u	: u	: u	2.3 u
A,TOTAL,F,Y15-74,PC,SK02	11.6 	11.4 	8.8 	6.2 	4.8 	4.2 	5.2 	5.6 b	4.3 	3.6 	3.8 	3.8 
A,TOTAL,F,Y15-74,PC,SK03	16.1 	13.9 	11.0 	9.7 	7.6 	6.1 	6.2 	7.0 b	6.5 	6.2 	5.4 	6.2 
A,TOTAL,F,Y15-74,PC,SK04	17.3 	17.0 	15.1 	12.6 	11.8 	9.8 	11.5 	11.0 b	11.0 	11.0 	11.3 	9.8 
A,TOTAL,F,Y15-74,PC,TR10	15.6 b	17.0 	17.2 	18.4 	15.4 	18.8 	16.8 	15.2 b	13.4 	11.6 	11.4 	11.6 
A,TOTAL,F,Y15-74,PC,TR21	11.4 b	11.2 	11.9 	13.1 	12.5 	15.8 	12.7 	13.7 b	12.2 	10.3 	9.6 	10.6 
A,TOTAL,F,Y15-74,PC,TR22	6.4 b	6.7 	10.0 	9.1 	8.7 	11.4 	9.6 	10.0 b	9.8 	9.1 	8.8 	8.5 
A,TOTAL,F,Y15-74,PC,TR31	19.9 b	20.5 	19.1 	18.7 	19.2 	20.9 	21.7 	20.1 b	17.8 	15.0 	14.9 	14.7 
A,TOTAL,F,Y15-74,PC,TR32	8.1 b	8.1 	8.6 	9.5 	9.6 	11.5 	11.3 	12.4 b	10.6 	11.2 	11.4 	9.2 
A,TOTAL,F,Y15-74,PC,TR33	5.2 b	4.5 	7.5 	8.4 	9.0 	11.8 	8.2 	8.7 b	8.9 	9.2 	7.8 	8.5 
A,TOTAL,F,Y15-74,PC,TR41	8.8 b	10.3 	11.8 	12.3 	13.0 	13.7 	11.0 	11.4 b	11.5 	12.2 	12.8 	11.5 
A,TOTAL,F,Y15-74,PC,TR42	13.6 b	13.7 	14.8 	15.0 	14.2 	16.7 	15.8 	13.6 b	14.8 	13.7 	11.6 	11.7 
A,TOTAL,F,Y15-74,PC,TR51	16.9 b	17.3 	16.4 	15.4 	14.6 	19.8 	19.9 	18.2 b	16.7 	17.2 	14.0 	11.8 
A,TOTAL,F,Y15-74,PC,TR52	7.2 b	9.3 	9.0 	6.9 	7.2 	9.4 	9.3 	11.5 b	11.0 	8.8 	11.4 	10.9 
A,TOTAL,F,Y15-74,PC,TR61	11.4 b	12.8 	15.8 	15.7 	15.9 	16.6 	13.7 	13.8 b	11.8 	9.8 	7.6 	7.1 
A,TOTAL,F,Y15-74,PC,TR62	13.9 b	13.5 	13.1 	14.4 	14.3 	14.8 	16.1 	17.3 b	17.0 	14.7 	13.6 	12.5 
A,TOTAL,F,Y15-74,PC,TR63	18.1 b	22.2 	19.8 	15.4 	18.6 	22.3 	18.3 	22.8 b	20.7 	22.6 	18.1 	14.9 
A,TOTAL,F,Y15-74,PC,TR71	7.0 b	13.5 	20.0 	18.4 	16.3 	17.0 	14.6 	15.6 b	12.4 	13.2 	12.6 	13.2 
A,TOTAL,F,Y15-74,PC,TR72	11.8 b	12.4 	11.3 	17.8 	18.8 	19.0 	14.9 	16.4 b	13.0 	14.3 	14.2 	10.6 
A,TOTAL,F,Y15-74,PC,TR81	6.4 b	8.9 	11.2 	8.3 	12.1 	13.1 	11.5 	14.2 b	16.0 	15.6 	13.6 	15.1 
A,TOTAL,F,Y15-74,PC,TR82	8.4 b	8.3 	6.8 	5.8 	7.2 	10.2 	7.7 	7.3 b	8.6 	7.4 	6.9 	7.3 
A,TOTAL,F,Y15-74,PC,TR83	6.4 b	7.6 	9.6 	8.6 	7.7 	8.8 	8.6 	9.4 b	10.4 	11.9 	9.9 	9.8 
A,TOTAL,F,Y15-74,PC,TR90	6.2 b	4.5 	4.4 	4.0 	6.7 	11.4 	9.6 	11.3 b	11.1 	11.5 	10.6 	9.5 
A,TOTAL,F,Y15-74,PC,TRA1	4.9 b	2.8 	3.2 	5.1 	7.1 	8.4 	8.9 	9.7 b	9.5 	8.9 	7.9 	9.5 
A,TOTAL,F,Y15-74,PC,TRA2	1.2 bu	3.3 	5.4 	4.8 	4.6 	6.9 	7.9 	10.4 b	8.7 	10.3 	9.4 	8.7 
A,TOTAL,F,Y15-74,PC,TRB1	9.7 b	9.1 	11.5 	11.2 	10.1 	11.5 	11.7 	13.3 b	11.4 	10.7 	8.6 	12.5 
A,TOTAL,F,Y15-74,PC,TRB2	6.6 b	3.6 	4.6 	9.8 	20.2 	26.7 	22.6 	21.3 b	23.8 	22.2 	19.5 	15.4 
A,TOTAL,F,Y15-74,PC,TRC1	7.9 b	10.4 	19.2 	17.5 	12.1 	15.5 	13.5 	12.7 b	13.4 	14.2 	14.2 	15.7 
A,TOTAL,F,Y15-74,PC,TRC2	10.5 b	11.6 	12.2 	11.2 	18.4 	18.1 	13.4 	11.6 b	6.5 	9.9 	9.8 	10.2 
A,TOTAL,F,Y15-74,PC,TRC3	24.5 b	25.2 	33.0 	36.2 	33.1 	42.1 	35.7 	30.9 b	19.9 	13.8 	14.6 	14.1 
A,TOTAL,F,Y15-74,PC,UKC1	10.6 	8.2 	6.8 	4.3 	4.8 	5.1 	: 	: 	: 	: 	: 	: 
A,TOTAL,F,Y15-74,PC,UKC2	7.7 	6.7 	6.2 	5.5 	4.8 	5.0 	: 	: 	: 	: 	: 	: 
A,TOTAL,F,Y15-74,PC,UKD1	4.0 u	4.1 u	: u	: u	: u	: u	: 	: 	: 	: 	: 	: 
A,TOTAL,F,Y15-74,PC,UKD3	7.4 	6.5 	5.6 	3.7 	3.8 	5.2 	: 	: 	: 	: 	: 	: 
A,TOTAL,F,Y15-74,PC,UKD4	5.4 	5.3 	3.2 	3.6 	4.5 	3.1 	: 	: 	: 	: 	: 	: 
A,TOTAL,F,Y15-74,PC,UKD6	3.6 u	4.2 u	3.9 u	3.1 u	2.9 u	3.1 u	: 	: 	: 	: 	: 	: 
A,TOTAL,F,Y15-74,PC,UKD7	6.6 	4.6 	4.2 	5.0 	4.0 	3.1 	: 	: 	: 	: 	: 	: 
A,TOTAL,F,Y15-74,PC,UKE1	8.7 	7.3 	5.4 	3.8 u	6.7 	4.2 u	: 	: 	: 	: 	: 	: 
A,TOTAL,F,Y15-74,PC,UKE2	4.6 u	2.2 u	3.1 u	3.7 u	3.2 u	2.3 u	: 	: 	: 	: 	: 	: 
A,TOTAL,F,Y15-74,PC,UKE3	9.9 	6.6 	6.0 	5.3 	5.5 	5.0 	: 	: 	: 	: 	: 	: 
A,TOTAL,F,Y15-74,PC,UKE4	6.6 	5.6 	5.2 	4.1 	4.9 	5.1 	: 	: 	: 	: 	: 	: 
A,TOTAL,F,Y15-74,PC,UKF1	4.8 	4.4 	4.2 	3.6 	3.9 	3.6 	: 	: 	: 	: 	: 	: 
A,TOTAL,F,Y15-74,PC,UKF2	6.0 	4.3 	4.9 	4.7 	4.2 	3.8 	: 	: 	: 	: 	: 	: 
A,TOTAL,F,Y15-74,PC,UKF3	4.3 u	4.9 u	5.4 u	3.4 u	5.4 u	4.3 u	: 	: 	: 	: 	: 	: 
A,TOTAL,F,Y15-74,PC,UKG1	4.6 	3.8 	4.0 	3.1 u	2.7 u	2.5 u	: 	: 	: 	: 	: 	: 
A,TOTAL,F,Y15-74,PC,UKG2	4.9 	4.6 	3.8 	5.6 	4.1 	3.1 	: 	: 	: 	: 	: 	: 
A,TOTAL,F,Y15-74,PC,UKG3	8.5 	7.2 	8.0 	7.0 	6.6 	6.1 	: 	: 	: 	: 	: 	: 
A,TOTAL,F,Y15-74,PC,UKH1	4.6 	4.5 	3.8 	3.5 	3.5 	2.7 	: 	: 	: 	: 	: 	: 
A,TOTAL,F,Y15-74,PC,UKH2	3.4 	2.7 	4.2 	3.5 	3.3 	2.8 	: 	: 	: 	: 	: 	: 
A,TOTAL,F,Y15-74,PC,UKH3	6.2 	4.4 	4.5 	4.2 	2.8 	3.4 	: 	: 	: 	: 	: 	: 
A,TOTAL,F,Y15-74,PC,UKI3	5.8 	5.6 	5.3 	7.3 	5.2 	4.6 	: 	: 	: 	: 	: 	: 
A,TOTAL,F,Y15-74,PC,UKI4	8.0 	7.2 	8.6 	5.5 	4.8 	3.8 	: 	: 	: 	: 	: 	: 
A,TOTAL,F,Y15-74,PC,UKI5	9.1 	9.3 	5.7 	6.3 	4.9 	3.8 	: 	: 	: 	: 	: 	: 
A,TOTAL,F,Y15-74,PC,UKI6	6.8 	5.4 	4.2 	4.4 	4.5 	4.5 	: 	: 	: 	: 	: 	: 
A,TOTAL,F,Y15-74,PC,UKI7	6.2 	5.3 	5.0 	5.2 	4.7 	3.7 	: 	: 	: 	: 	: 	: 
A,TOTAL,F,Y15-74,PC,UKJ1	4.7 	3.7 	2.9 	2.9 	3.4 	2.9 	: 	: 	: 	: 	: 	: 
A,TOTAL,F,Y15-74,PC,UKJ2	4.9 	3.6 	3.6 	3.3 	3.6 	2.1 	: 	: 	: 	: 	: 	: 
A,TOTAL,F,Y15-74,PC,UKJ3	4.2 	3.8 	4.3 	3.4 	2.6 	3.4 	: 	: 	: 	: 	: 	: 
A,TOTAL,F,Y15-74,PC,UKJ4	5.8 	6.2 	4.2 	3.9 	4.5 	3.4 	: 	: 	: 	: 	: 	: 
A,TOTAL,F,Y15-74,PC,UKK1	4.5 	4.0 	3.3 	4.3 	3.0 	2.6 	: 	: 	: 	: 	: 	: 
A,TOTAL,F,Y15-74,PC,UKK2	3.1 u	4.3 	4.7 	2.8 u	3.3 	2.5 u	: 	: 	: 	: 	: 	: 
A,TOTAL,F,Y15-74,PC,UKK3	: u	3.9 u	3.4 u	: u	: u	: u	: 	: 	: 	: 	: 	: 
A,TOTAL,F,Y15-74,PC,UKK4	5.3 	4.7 	3.6 	4.6 	2.9 u	2.1 u	: 	: 	: 	: 	: 	: 
A,TOTAL,F,Y15-74,PC,UKL1	5.6 	5.8 	4.3 	4.5 	4.5 	3.8 	: 	: 	: 	: 	: 	: 
A,TOTAL,F,Y15-74,PC,UKL2	5.6 	2.8 u	2.9 u	3.9 	2.3 u	3.3 u	: 	: 	: 	: 	: 	: 
A,TOTAL,F,Y15-74,PC,UKM5	4.8 u	3.1 u	5.1 u	3.9 u	: u	4.2 u	: 	: 	: 	: 	: 	: 
A,TOTAL,F,Y15-74,PC,UKM6	: u	: u	: u	: u	: u	: u	: 	: 	: 	: 	: 	: 
A,TOTAL,F,Y15-74,PC,UKM7	5.0 	5.6 	3.9 	3.1 	3.1 	3.4 	: 	: 	: 	: 	: 	: 
A,TOTAL,F,Y15-74,PC,UKM8	6.5 	6.0 	5.0 	4.4 	4.7 	3.5 	: 	: 	: 	: 	: 	: 
A,TOTAL,F,Y15-74,PC,UKM9	4.4 	5.0 	5.0 	4.1 u	2.3 u	2.9 u	: 	: 	: 	: 	: 	: 
A,TOTAL,F,Y15-74,PC,UKN0	4.7 	5.1 	4.4 	3.2 	2.5 	2.4 	: 	: 	: 	: 	: 	: 
A,TOTAL,M,Y15-74,PC,AT11	4.8 u	4.7 u	5.6 u	4.7 u	: u	: u	4.2 u	4.4 bu	4.2 u	5.1 u	4.7 u	5.1 u
A,TOTAL,M,Y15-74,PC,AT12	5.2 	5.6 	5.7 	5.4 	4.1 	4.0 	4.4 	5.2 b	3.8 	4.2 	4.4 	4.7 
A,TOTAL,M,Y15-74,PC,AT13	11.2 	12.2 	12.9 	11.7 	11.1 	10.2 	11.2 	12.7 b	9.8 	10.3 	10.5 	10.3 
A,TOTAL,M,Y15-74,PC,AT21	6.1 	6.3 	4.9 	4.8 	3.8 u	3.2 u	4.4 	5.9 b	5.0 	4.8 	4.7 	5.5 
A,TOTAL,M,Y15-74,PC,AT22	5.0 	4.7 	5.2 	4.9 	3.6 	3.0 	4.4 	4.2 b	4.1 	4.6 	5.0 	5.5 
A,TOTAL,M,Y15-74,PC,AT31	3.9 	4.2 	4.6 	4.2 	3.0 	2.9 	4.0 	3.8 b	3.0 	3.7 	4.0 	4.8 
A,TOTAL,M,Y15-74,PC,AT32	3.7 u	3.6 u	4.0 u	3.4 u	2.8 u	2.6 u	3.1 u	4.5 b	2.8 u	2.8 u	3.4 u	4.0 
A,TOTAL,M,Y15-74,PC,AT33	3.6 	3.0 	3.6 	2.8 u	2.5 u	2.1 u	2.8 u	4.2 b	3.1 	3.1 	3.1 	3.6 
A,TOTAL,M,Y15-74,PC,AT34	3.6 u	3.3 u	3.3 u	3.9 u	2.9 u	3.2 u	3.8 u	4.2 bu	3.2 u	3.3 u	4.2 u	4.4 u
A,TOTAL,M,Y15-74,PC,BE10	20.2 	18.6 	17.4 	15.0 b	14.4 	12.7 	12.0 	12.5 b	11.7 	10.2 	12.1 	13.4 
A,TOTAL,M,Y15-74,PC,BE21	6.0 	6.5 	6.4 	5.2 b	4.6 	3.8 	4.1 	5.7 b	4.4 	4.0 	4.8 	4.9 
A,TOTAL,M,Y15-74,PC,BE22	5.9 	7.1 	4.5 	3.7 b	3.7 	3.5 	3.0 	3.5 b	3.2 	3.0 	3.4 	4.2 
A,TOTAL,M,Y15-74,PC,BE23	4.3 	4.8 	4.3 	3.3 b	2.7 	3.3 	2.5 	3.0 b	2.1 	3.0 	4.1 	4.9 
A,TOTAL,M,Y15-74,PC,BE24	5.1 	5.3 	5.2 	4.3 b	4.3 	3.7 	4.3 	4.7 bu	4.2 u	5.6 u	4.8 u	6.5 
A,TOTAL,M,Y15-74,PC,BE25	4.2 	4.9 	3.9 	2.9 b	2.1 	2.1 	3.2 	3.7 b	2.6 	3.0 	3.1 	3.6 
A,TOTAL,M,Y15-74,PC,BE31	8.5 	7.9 	7.6 	8.4 b	7.6 	5.9 	7.1 	6.3 b	5.5 	6.2 	7.5 	6.5 
A,TOTAL,M,Y15-74,PC,BE32	16.1 	14.4 	12.3 	11.9 b	10.3 	9.9 	9.6 	10.9 b	11.1 	9.9 	9.4 	9.1 
A,TOTAL,M,Y15-74,PC,BE33	13.2 	13.2 	11.5 	11.4 b	9.0 	7.6 	8.0 	9.4 b	8.9 	10.5 	7.4 	6.9 
A,TOTAL,M,Y15-74,PC,BE34	7.7 	8.5 	6.8 u	6.9 bu	5.4 u	5.9 u	5.2 u	4.9 bu	4.1 u	6.1 u	4.9 u	6.1 u
A,TOTAL,M,Y15-74,PC,BE35	8.6 	11.2 	9.9 	8.4 b	8.1 	8.4 	7.0 	9.4 b	7.6 	6.9 	6.8 	8.6 
A,TOTAL,M,Y15-74,PC,BG31	16.6 	13.5 	10.7 	12.0 	13.0 	11.8 b	14.1 	11.9 b	6.7 	7.9 	10.9 b	7.7 
A,TOTAL,M,Y15-74,PC,BG32	14.5 	11.2 	10.1 	7.7 	7.4 	5.4 b	6.1 	7.6 b	6.7 	6.3 	6.1 b	4.2 
A,TOTAL,M,Y15-74,PC,BG33	13.0 	9.7 	9.3 	8.3 	7.1 	5.3 b	5.9 	6.2 b	5.9 	3.9 	3.7 b	3.5 
A,TOTAL,M,Y15-74,PC,BG34	11.7 	10.6 	7.9 	7.2 	5.9 	4.4 b	4.9 	5.0 b	4.2 	4.4 	5.0 b	4.2 
A,TOTAL,M,Y15-74,PC,BG41	10.1 	7.9 	6.3 	3.4 	2.9 	2.4 b	3.7 	3.7 b	3.4 	3.9 	2.9 b	2.1 
A,TOTAL,M,Y15-74,PC,BG42	12.4 	9.6 	8.0 	5.7 	4.6 	3.2 b	3.4 	3.6 b	2.6 	3.2 	3.0 b	4.0 
A,TOTAL,M,Y15-74,PC,CH01	7.3 	7.5 	7.7 	7.6 	7.4 	7.4 	7.8 	7.4 b	6.2 	6.6 	6.8 	7.9 
A,TOTAL,M,Y15-74,PC,CH02	4.3 	4.5 	4.6 	3.7 	4.0 	3.9 	4.3 	4.5 b	3.6 	3.1 	3.8 	4.5 
A,TOTAL,M,Y15-74,PC,CH03	5.0 	4.3 	4.7 	4.4 	3.8 	3.0 	4.2 	4.4 b	4.1 	4.0 	4.6 	4.7 
A,TOTAL,M,Y15-74,PC,CH04	4.5 	4.1 	3.8 	4.7 	4.1 	3.4 	4.1 	4.8 b	3.8 	3.4 	3.6 	4.7 
A,TOTAL,M,Y15-74,PC,CH05	3.0 	3.5 	3.9 	4.0 	3.2 	3.2 	3.8 	3.4 b	2.3 	2.9 	2.7 	3.2 
A,TOTAL,M,Y15-74,PC,CH06	3.1 	3.2 	3.5 	2.1 	2.3 	2.5 	2.6 	3.0 b	2.5 	2.2 	2.1 	2.8 
A,TOTAL,M,Y15-74,PC,CH07	6.5 	6.4 	6.6 	5.4 	6.0 	6.1 	5.9 	7.1 b	5.2 u	5.6 	6.5 	5.9 
A,TOTAL,M,Y15-74,PC,CY00	17.1 	15.1 	12.7 	10.9 	8.1 	6.7 	7.7 	7.0 b	5.8 	5.8 	4.6 	4.0 
A,TOTAL,M,Y15-74,PC,CZ01	2.3 	2.4 	2.4 	1.4 	0.8 u	1.2 	2.0 	1.8 b	1.6 	2.1 	1.6 	1.7 
A,TOTAL,M,Y15-74,PC,CZ02	4.4 	2.9 	2.4 	1.6 	1.3 	1.2 	1.5 	1.8 b	1.0 	1.2 	0.9 	1.1 u
A,TOTAL,M,Y15-74,PC,CZ03	4.0 	3.0 	2.4 	1.6 	1.3 	1.2 	1.6 	2.1 b	1.3 	1.3 	2.0 	1.9 
A,TOTAL,M,Y15-74,PC,CZ04	7.4 	6.2 	4.9 	2.8 	3.2 	2.5 	3.4 	3.5 b	2.5 	3.7 	3.5 	4.2 
A,TOTAL,M,Y15-74,PC,CZ05	4.9 	4.3 	3.6 	2.1 	1.6 	1.5 	2.2 	2.1 b	1.9 	2.4 	2.4 	3.0 
A,TOTAL,M,Y15-74,PC,CZ06	5.2 	4.1 	2.9 	2.3 	1.6 	1.3 	1.6 	1.8 b	1.4 	1.8 	2.1 	2.2 
A,TOTAL,M,Y15-74,PC,CZ07	5.8 	4.3 	3.7 	3.3 	2.0 	2.1 	2.3 	1.8 b	2.2 	2.5 	2.4 	2.8 
A,TOTAL,M,Y15-74,PC,CZ08	7.4 	7.2 	5.4 	3.9 	3.2 	3.4 	3.9 	4.2 b	3.0 	3.4 	3.7 	4.2 
A,TOTAL,M,Y15-74,PC,DE11	3.3 	3.4 	3.4 	3.0 	2.6 	2.7 	3.8 b	3.4 b	2.9 	3.0 	3.5 	3.9 
A,TOTAL,M,Y15-74,PC,DE12	3.8 	3.4 	3.0 	3.3 	3.0 	2.9 	3.3 bu	4.1 b	3.5 	3.0 u	3.5 	3.5 
A,TOTAL,M,Y15-74,PC,DE13	3.1 	2.8 	3.0 	3.2 	3.0 	2.3 	: bu	3.3 bu	2.5 u	2.3 u	2.6 u	3.3 u
A,TOTAL,M,Y15-74,PC,DE14	2.8 	3.2 	2.7 	2.3 	2.1 	2.2 	: bu	3.1 bu	: u	: u	2.9 u	3.2 u
A,TOTAL,M,Y15-74,PC,DE21	2.6 	2.9 	2.4 	2.4 	2.6 	2.0 	2.6 bu	2.9 b	2.0 	2.3 	2.6 	2.9 
A,TOTAL,M,Y15-74,PC,DE22	2.7 	2.5 	2.2 	2.4 	2.2 	2.2 	: bu	: bu	: u	: u	: u	3.3 u
A,TOTAL,M,Y15-74,PC,DE23	3.1 	2.8 	2.8 	2.5 	1.9 	2.4 	: bu	: bu	: u	: u	: u	: u
A,TOTAL,M,Y15-74,PC,DE24	4.1 	3.9 	3.7 	3.1 	2.2 	2.7 	: bu	: bu	: u	: u	: u	: u
A,TOTAL,M,Y15-74,PC,DE25	3.0 	3.0 	2.8 	2.0 	2.0 	2.0 	: bu	3.8 bu	3.0 u	2.8 u	3.0 u	4.0 u
A,TOTAL,M,Y15-74,PC,DE26	2.5 	3.0 	2.5 	2.4 	1.9 	1.9 	: bu	3.2 bu	: u	: u	: u	3.8 u
A,TOTAL,M,Y15-74,PC,DE27	2.8 	2.7 	2.4 	2.2 	2.1 	2.4 	: bu	3.0 bu	: u	: u	2.7 u	2.7 u
A,TOTAL,M,Y15-74,PC,DE30	11.0 	10.7 	8.5 	7.5 	6.6 	5.7 	6.1 b	6.3 b	4.9 	5.3 	5.9 	7.1 
A,TOTAL,M,Y15-74,PC,DE40	6.9 	5.9 	5.5 	5.3 	5.0 	4.2 	5.0 bu	3.5 bu	3.5 u	3.5 u	3.1 u	4.2 
A,TOTAL,M,Y15-74,PC,DE50	7.4 	6.2 	6.0 	5.2 	5.3 	6.6 	: bu	7.2 bu	: u	: u	: u	: u
A,TOTAL,M,Y15-74,PC,DE60	5.2 	4.8 	4.5 	4.5 	4.6 	4.0 	5.4 bu	5.0 b	4.7 u	4.5 u	5.3 	5.9 
A,TOTAL,M,Y15-74,PC,DE71	4.7 	4.3 	4.2 	4.0 	3.6 	3.2 	4.8 b	4.6 b	4.2 	3.5 	3.5 	4.0 
A,TOTAL,M,Y15-74,PC,DE72	4.7 	4.2 	4.1 	4.2 	4.1 	3.9 	: bu	: bu	: u	: u	4.6 u	: u
A,TOTAL,M,Y15-74,PC,DE73	4.5 	4.4 	3.7 	2.6 	3.8 	3.3 	: bu	: bu	: u	: u	: u	: u
A,TOTAL,M,Y15-74,PC,DE80	10.5 	8.1 	6.7 	5.5 	5.6 	4.4 	: bu	4.3 bu	4.2 u	4.7 u	3.8 u	3.0 u
A,TOTAL,M,Y15-74,PC,DE91	6.2 	5.6 	5.2 	5.1 	4.4 	3.6 	: bu	4.7 bu	3.7 u	3.3 u	3.3 u	4.5 u
A,TOTAL,M,Y15-74,PC,DE92	5.6 	5.2 	5.7 	4.9 	4.7 	4.4 	4.3 bu	3.0 bu	3.4 u	3.3 u	3.2 u	4.6 
A,TOTAL,M,Y15-74,PC,DE93	4.3 	3.8 	3.4 	3.7 	2.4 	3.1 	: bu	3.3 bu	2.8 u	2.9 u	2.7 u	3.3 u
A,TOTAL,M,Y15-74,PC,DE94	4.5 	3.9 	4.2 	3.3 	3.1 	3.2 	3.7 bu	3.7 bu	3.0 u	2.7 u	3.1 u	3.4 
A,TOTAL,M,Y15-74,PC,DEA1	6.9 	6.7 	5.7 	5.1 	5.0 	4.5 	5.7 b	5.1 b	4.5 	4.5 	4.6 	5.4 
A,TOTAL,M,Y15-74,PC,DEA2	5.9 	5.3 	4.4 	4.4 	4.5 	4.1 	4.7 b	4.8 b	3.5 	3.5 	3.6 	4.3 
A,TOTAL,M,Y15-74,PC,DEA3	5.6 	4.8 	4.8 	4.5 	4.4 	3.9 	3.9 bu	3.8 b	4.0 	3.4 u	4.0 	3.5 
A,TOTAL,M,Y15-74,PC,DEA4	5.2 	5.1 	4.6 	4.4 	3.4 	3.3 	: bu	4.2 bu	3.0 u	3.0 u	3.9 u	3.7 u
A,TOTAL,M,Y15-74,PC,DEA5	6.2 	6.4 	5.5 	5.4 	4.7 	4.5 	5.3 b	4.5 b	4.3 	3.8 	4.2 	5.2 
A,TOTAL,M,Y15-74,PC,DEB1	4.2 	3.4 	3.6 	3.5 	2.9 	2.6 	: bu	: bu	3.1 u	: u	3.6 u	3.4 u
A,TOTAL,M,Y15-74,PC,DEB2	3.5 	: u	: u	: u	: u	: u	: bu	: bu	: u	: u	: u	: u
A,TOTAL,M,Y15-74,PC,DEB3	4.2 	4.6 	4.4 	4.2 	4.2 	3.7 	4.9 bu	4.6 b	3.9 u	4.4 	3.8 u	4.0 u
A,TOTAL,M,Y15-74,PC,DEC0	6.2 	6.7 	5.5 	5.3 	4.1 	4.1 	: bu	: bu	: u	: u	: u	4.6 u
A,TOTAL,M,Y15-74,PC,DED2	7.6 	7.0 	5.5 	4.6 	4.3 	3.5 	: bu	3.8 bu	3.3 u	: u	3.3 u	4.5 u
A,TOTAL,M,Y15-74,PC,DED4	6.2 	5.6 	4.3 	3.8 	3.9 	4.1 	: bu	: bu	: u	: u	: u	5.1 u
A,TOTAL,M,Y15-74,PC,DED5	9.1 	8.6 	6.3 	5.5 	5.1 	5.0 	: bu	: bu	: u	5.0 u	5.3 u	5.8 u
A,TOTAL,M,Y15-74,PC,DEE0	9.2 	8.4 	7.5 	7.5 	5.9 	5.0 	5.5 bu	4.8 b	4.2 u	4.4 u	4.8 	5.5 
A,TOTAL,M,Y15-74,PC,DEF0	5.0 	4.9 	4.5 	4.3 	3.6 	3.3 	3.8 bu	3.4 b	3.1 	3.2 	3.5 	3.6 
A,TOTAL,M,Y15-74,PC,DEG0	5.9 	5.8 	5.2 	4.6 	4.2 	4.1 	: bu	3.6 bu	3.2 u	3.2 u	3.6 u	3.9 u
A,TOTAL,M,Y15-74,PC,DK01	7.4 	6.7 	6.0 b	6.0 b	5.2 	4.9 	6.2 	5.9 b	4.6 	5.1 b	6.6 	7.0 
A,TOTAL,M,Y15-74,PC,DK02	6.5 	5.6 	5.9 b	5.6 b	5.2 	4.6 	4.8 	4.8 b	3.8 	4.3 b	5.4 	5.2 
A,TOTAL,M,Y15-74,PC,DK03	6.9 	6.0 	5.7 b	6.0 b	4.7 	4.7 	5.0 	4.5 b	4.8 	5.0 b	5.3 	6.1 
A,TOTAL,M,Y15-74,PC,DK04	5.7 	5.3 	5.3 b	4.9 b	4.5 	4.7 	5.0 	4.5 b	4.1 	5.5 b	5.9 	6.1 
A,TOTAL,M,Y15-74,PC,DK05	6.9 	6.2 	5.0 b	5.4 b	5.1 	5.1 	4.9 	5.0 b	4.9 	3.8 b	5.5 	7.3 
A,TOTAL,M,Y15-74,PC,EE00	7.9 	6.5 	7.6 	6.3 	5.6 	4.1 	7.1 	6.8 b	6.1 	6.2 	7.6 	8.3 
A,TOTAL,M,Y15-74,PC,EL30	25.7 	23.3 	20.2 	18.9 	15.7 	14.3 	12.6 	9.2 b	8.0 	7.6 	8.1 	7.3 
A,TOTAL,M,Y15-74,PC,EL41	18.7 	13.5 	13.0 	18.2 	17.5 	13.0 	12.1 	9.8 b	8.3 	8.3 	5.8 u	4.9 u
A,TOTAL,M,Y15-74,PC,EL42	19.2 	13.9 	14.4 	13.7 	13.6 	10.3 	12.9 	16.8 b	8.4 	6.1 	8.3 	5.7 
A,TOTAL,M,Y15-74,PC,EL43	20.8 	20.5 	18.4 	14.6 	10.2 	9.3 	13.9 	11.6 b	8.2 	8.0 	6.4 	3.1 
A,TOTAL,M,Y15-74,PC,EL51	21.6 	20.0 	19.0 	15.3 	13.7 	13.0 	14.3 	16.4 b	11.9 	9.4 	8.8 	8.4 
A,TOTAL,M,Y15-74,PC,EL52	25.1 	22.6 	21.2 	18.7 	16.7 	15.8 	15.3 	12.3 b	10.3 	10.3 	9.9 	9.2 
A,TOTAL,M,Y15-74,PC,EL53	22.4 	23.9 	24.2 	22.9 	22.5 	18.0 	15.1 	16.4 b	12.7 	12.7 	7.2 	10.8 
A,TOTAL,M,Y15-74,PC,EL54	24.1 	21.2 	20.7 	21.1 	18.5 	14.6 	14.7 	12.4 b	11.3 	10.6 	8.2 	8.1 
A,TOTAL,M,Y15-74,PC,EL61	20.6 	22.2 	21.5 	16.4 	14.6 	14.9 	13.3 	11.1 b	11.0 	10.5 	7.4 	4.1 
A,TOTAL,M,Y15-74,PC,EL62	16.5 	14.2 	14.8 	18.2 	12.8 	9.2 	14.5 	11.0 b	9.6 	11.5 	11.8 	5.9 u
A,TOTAL,M,Y15-74,PC,EL63	24.8 	24.2 	23.3 	19.6 	18.7 	19.5 	17.1 	14.5 b	10.6 	7.1 	7.8 	8.2 
A,TOTAL,M,Y15-74,PC,EL64	24.2 	21.3 	18.9 	16.8 	14.4 	11.8 	14.7 	11.6 b	8.9 	6.7 	5.5 	4.4 
A,TOTAL,M,Y15-74,PC,EL65	19.2 	18.1 	15.7 	13.2 	10.8 	9.3 	7.5 	8.3 b	8.4 	6.4 	4.8 	5.9 
A,TOTAL,M,Y15-74,PC,ES11	21.6 	18.7 	16.6 	15.0 	12.4 	10.8 	10.9 	10.5 bd	10.1 d	8.9 d	8.8 d	8.0 d
A,TOTAL,M,Y15-74,PC,ES12	20.1 	19.6 	18.8 	13.5 	12.4 	13.3 	13.9 	11.3 bd	11.8 d	11.4 d	9.2 d	7.8 d
A,TOTAL,M,Y15-74,PC,ES13	20.1 	16.5 	14.4 	13.2 	9.2 	9.6 	11.7 	9.9 bd	7.8 d	6.5 d	6.6 d	6.9 d
A,TOTAL,M,Y15-74,PC,ES21	16.5 	14.9 	12.1 	10.5 	10.1 	8.9 	8.7 	10.1 bd	8.8 d	7.0 d	8.7 d	7.2 d
A,TOTAL,M,Y15-74,PC,ES22	15.5 	12.7 	10.9 	7.7 	9.1 	7.4 	10.0 	11.6 bd	9.3 d	9.2 d	7.0 d	6.4 d
A,TOTAL,M,Y15-74,PC,ES23	15.6 	14.1 	12.2 	9.5 	9.1 	10.1 	9.3 	8.8 bd	8.9 d	7.9 d	9.3 d	7.1 d
A,TOTAL,M,Y15-74,PC,ES24	18.3 	13.3 	12.1 	9.0 	9.3 	8.8 	10.1 	8.8 bd	7.8 d	6.4 d	6.7 d	6.4 d
A,TOTAL,M,Y15-74,PC,ES30	18.0 	16.8 	15.0 	12.8 	11.6 	9.8 	11.6 	10.8 bd	9.5 d	8.7 d	8.5 d	7.8 d
A,TOTAL,M,Y15-74,PC,ES41	19.2 	16.0 	14.1 	12.0 	10.4 	10.0 	10.6 	9.7 bd	8.6 d	8.1 d	7.8 d	7.5 d
A,TOTAL,M,Y15-74,PC,ES42	26.1 	22.5 	20.0 	16.8 	13.6 	12.2 	13.6 	11.6 bd	11.1 d	10.2 d	10.0 d	9.7 d
A,TOTAL,M,Y15-74,PC,ES43	27.2 	25.7 	23.7 	22.7 	19.4 	16.6 	18.0 	16.1 bd	14.3 d	14.4 d	13.4 d	12.3 d
A,TOTAL,M,Y15-74,PC,ES51	20.7 	17.9 	14.6 	12.5 	11.0 	10.6 	11.9 	10.5 bd	9.4 d	8.9 d	8.4 d	7.6 d
A,TOTAL,M,Y15-74,PC,ES52	25.0 	21.9 	18.9 	16.5 	14.0 	11.8 	14.3 	14.3 bd	11.4 d	11.0 d	11.3 d	9.7 d
A,TOTAL,M,Y15-74,PC,ES53	21.4 	17.4 	13.4 	12.4 	12.0 	10.3 	15.0 	13.2 bd	9.6 d	9.9 d	8.1 d	8.5 d
A,TOTAL,M,Y15-74,PC,ES61	32.7 	29.1 	26.2 	22.9 	19.8 	17.8 	18.8 	18.8 bd	16.1 d	15.6 d	14.1 d	12.7 d
A,TOTAL,M,Y15-74,PC,ES62	24.6 	21.7 	17.3 	15.2 	13.4 	11.9 	13.6 	12.4 bd	11.8 d	11.0 d	11.4 d	10.9 d
A,TOTAL,M,Y15-74,PC,ES63	28.9 	21.6 u	20.2 u	17.1 u	22.9 u	23.1 	21.8 u	26.9 bd	26.3 d	24.6 d	19.2 du	18.2 du
A,TOTAL,M,Y15-74,PC,ES64	23.0 u	29.6 	26.1 	20.7 u	21.6 u	22.4 u	20.8 u	21.0 bdu	20.6 du	26.6 d	27.3 d	20.3 du
A,TOTAL,M,Y15-74,PC,ES70	31.8 	27.9 	24.4 	21.2 	18.9 	19.3 	21.5 	22.5 bd	16.1 d	14.0 d	12.2 d	12.1 d
A,TOTAL,M,Y15-74,PC,FI19	9.3 	10.2 	9.5 	9.6 	7.1 	7.2 	8.0 	8.6 b	6.4 	7.5 	8.2 	9.9 
A,TOTAL,M,Y15-74,PC,FI1B	8.2 	8.6 	7.5 	7.6 	7.3 	6.6 	7.3 	7.9 b	7.0 	8.1 	9.3 	11.0 
A,TOTAL,M,Y15-74,PC,FI1C	9.6 	10.8 	9.3 	8.9 	7.4 	6.4 	8.0 	8.4 b	8.1 	8.4 	10.6 	10.2 
A,TOTAL,M,Y15-74,PC,FI1D	10.9 	10.7 	10.6 	9.9 	8.1 	8.7 	9.2 	8.2 b	7.4 	7.7 	8.9 	9.6 
A,TOTAL,M,Y15-74,PC,FI20	: u	: u	: u	: u	: u	: u	: u	: bu	: u	: u	: u	: u
A,TOTAL,M,Y15-74,PC,FR10	10.2 	10.7 	9.6 	8.7 	9.1 	8.3 	8.5 	8.2 bd	7.6 d	8.1 d	8.2 d	8.9 d
A,TOTAL,M,Y15-74,PC,FRB0	9.3 	10.9 	9.6 	8.7 	8.5 	7.8 	9.7 	6.6 bd	6.2 d	5.5 d	5.5 d	6.1 d
A,TOTAL,M,Y15-74,PC,FRC1	11.5 	8.8 	10.8 	11.1 	9.5 	7.5 	7.7 	7.2 bd	6.5 d	7.7 d	7.2 d	7.3 d
A,TOTAL,M,Y15-74,PC,FRC2	10.9 	9.8 	8.3 	7.1 	7.0 	7.3 	5.8 	5.6 bd	5.8 d	5.6 d	5.7 d	7.5 d
A,TOTAL,M,Y15-74,PC,FRD1	8.1 	8.0 	8.6 	7.8 	7.8 	9.1 	5.9 	6.5 bd	7.5 d	5.9 d	7.4 d	7.0 d
A,TOTAL,M,Y15-74,PC,FRD2	11.6 	11.4 	12.1 	12.0 	10.2 	8.5 	7.7 	8.2 bd	7.8 d	6.3 d	7.9 d	7.6 d
A,TOTAL,M,Y15-74,PC,FRE1	14.9 	14.4 	14.0 	14.0 	12.8 	12.0 	9.7 	9.5 bd	9.2 d	9.7 d	9.2 d	9.0 d
A,TOTAL,M,Y15-74,PC,FRE2	11.5 	10.3 	11.7 	9.7 	10.3 	8.8 	9.7 	9.6 bd	9.2 d	9.9 d	7.7 d	7.8 d
A,TOTAL,M,Y15-74,PC,FRF1	9.0 	9.4 	12.0 	9.5 	8.1 	8.0 	7.6 	7.0 bd	7.1 d	5.8 d	5.9 d	5.4 d
A,TOTAL,M,Y15-74,PC,FRF2	11.7 	14.5 	11.5 	9.5 	8.3 	9.0 	11.4 	9.7 bd	7.9 d	6.8 d	7.4 d	6.8 d
A,TOTAL,M,Y15-74,PC,FRF3	11.8 	12.9 	12.7 	11.6 	9.4 	7.8 	7.8 	8.9 bd	7.2 d	7.3 d	8.6 d	8.2 d
A,TOTAL,M,Y15-74,PC,FRG0	8.4 	9.4 	8.8 	7.1 	7.0 	7.2 	6.7 	6.0 bd	6.7 d	6.1 d	6.7 d	7.3 d
A,TOTAL,M,Y15-74,PC,FRH0	7.4 	8.5 	7.8 	7.0 	6.6 	7.3 	6.6 	5.0 bd	5.6 d	6.1 d	5.8 d	5.7 d
A,TOTAL,M,Y15-74,PC,FRI1	10.1 	9.7 	10.0 	10.3 	9.4 	9.2 	7.4 	7.6 bd	6.7 d	7.5 d	7.4 d	7.1 d
A,TOTAL,M,Y15-74,PC,FRI2	9.7 	9.9 	7.3 	7.3 	6.9 	6.3 u	8.7 	7.5 bd	8.4 d	5.6 du	5.4 du	6.2 du
A,TOTAL,M,Y15-74,PC,FRI3	10.6 	10.6 	9.4 	7.9 	7.8 	7.5 	7.5 	7.9 bd	7.6 d	6.7 d	4.7 d	6.7 d
A,TOTAL,M,Y15-74,PC,FRJ1	12.2 	13.8 	12.4 	12.2 	11.5 	10.3 	9.5 	12.2 bd	9.8 d	9.2 d	9.2 d	8.9 d
A,TOTAL,M,Y15-74,PC,FRJ2	9.2 	8.9 	8.6 	6.7 	6.0 	6.3 	5.1 	6.1 bd	6.4 d	6.2 d	5.9 d	6.3 d
A,TOTAL,M,Y15-74,PC,FRK1	7.3 	9.1 	7.2 	8.3 	7.1 	5.4 	5.6 	6.1 bd	6.8 d	8.4 d	8.4 d	6.4 d
A,TOTAL,M,Y15-74,PC,FRK2	9.1 	9.2 	8.1 	7.1 	7.3 	6.7 	7.9 	7.5 bd	6.7 d	6.5 d	6.9 d	7.5 d
A,TOTAL,M,Y15-74,PC,FRL0	10.6 	10.9 	10.7 	10.8 	9.6 	9.8 	7.6 	8.3 bd	6.7 d	7.1 d	7.1 d	7.7 d
A,TOTAL,M,Y15-74,PC,FRM0	6.0 u	8.1 u	6.8 u	6.2 u	: u	: u	: u	: bu	: u	7.3 du	8.3 du	: u
A,TOTAL,M,Y15-74,PC,FRY1	22.0 	21.3 	22.1 	21.3 	20.9 	18.8 	15.9 	16.9 bd	17.4 d	18.5 d	17.3 d	17.4 d
A,TOTAL,M,Y15-74,PC,FRY2	19.0 	19.3 	17.6 	15.3 	17.7 	17.1 	12.3 	12.1 bd	12.2 d	11.2 d	14.4 d	15.6 d
A,TOTAL,M,Y15-74,PC,FRY3	16.8 	17.8 	21.0 	19.7 	17.4 	18.7 	12.6 	13.3 bd	11.6 du	11.8 d	13.3 d	15.5 d
A,TOTAL,M,Y15-74,PC,FRY4	26.8 	22.5 	22.1 	22.6 	23.4 	21.0 	18.1 	18.8 bd	19.9 d	19.9 d	18.9 d	17.1 d
A,TOTAL,M,Y15-74,PC,FRY5	13.1 u	19.8 	24.8 	26.4 	29.5 	25.7 	21.8 u	: 	: 	: 	: 	: 
A,TOTAL,M,Y15-74,PC,HR02	: 	: 	14.8 	12.9 	9.4 	7.6 	10.5 	7.7 b	7.4 	8.0 	6.5 	7.5 
A,TOTAL,M,Y15-74,PC,HR03	16.1 	16.5 	14.0 	9.9 	8.7 	5.4 	7.2 	9.0 b	6.7 	5.9 	6.5 	6.1 
A,TOTAL,M,Y15-74,PC,HR04	16.5 	15.0 	: 	: 	: 	: 	: 	: 	: 	: 	: 	: 
A,TOTAL,M,Y15-74,PC,HR05	: 	: 	10.8 	10.0 	5.1 u	6.5 	5.8 	6.6 b	5.3 	4.7 u	3.4 u	4.0 u
A,TOTAL,M,Y15-74,PC,HR06	: 	: 	8.4 	8.9 	5.5 	5.1 	5.2 	3.8 bu	3.4 u	3.7 u	2.7 u	3.3 u
A,TOTAL,M,Y15-74,PC,HU11	5.0 	4.7 	4.9 	2.7 	2.6 b	2.0 	2.8 	2.7 b	2.4 	2.3 	3.2 	3.3 
A,TOTAL,M,Y15-74,PC,HU12	6.8 	6.1 	2.7 	2.3 	2.2 b	2.3 	2.6 	2.5 b	2.2 	2.6 	2.9 	3.2 
A,TOTAL,M,Y15-74,PC,HU21	5.5 	4.0 	2.9 	2.0 	2.1 b	1.9 	2.7 	2.0 b	1.8 	2.4 	2.9 	3.1 
A,TOTAL,M,Y15-74,PC,HU22	4.2 	3.5 	2.3 	1.9 	1.3 bu	1.5 u	2.1 	2.2 b	2.5 	2.9 	3.4 	3.1 
A,TOTAL,M,Y15-74,PC,HU23	8.5 	7.8 	6.5 	6.2 	5.2 b	5.1 	5.5 	4.9 b	4.6 	6.4 	7.6 	6.6 
A,TOTAL,M,Y15-74,PC,HU31	10.5 	8.5 	6.2 	5.4 	4.6 b	4.4 	5.6 	5.8 b	5.9 	5.9 	6.2 	6.9 
A,TOTAL,M,Y15-74,PC,HU32	11.3 	10.7 	9.5 	6.8 	6.5 b	6.4 	7.6 	6.9 b	6.5 	6.5 	6.4 	6.3 
A,TOTAL,M,Y15-74,PC,HU33	9.2 	7.5 	5.2 	3.7 	3.0 b	3.5 	4.1 	4.1 b	4.0 	4.5 	5.2 	5.2 
A,TOTAL,M,Y15-74,PC,IE04	12.3 	11.2 	9.4 	6.8 b	5.8 	5.0 	5.0 	4.9 b	3.7 	3.6 	4.5 	4.9 
A,TOTAL,M,Y15-74,PC,IE05	13.5 	11.6 	9.2 	7.5 b	6.3 	5.8 	6.1 	6.6 b	4.4 	4.5 	4.0 	4.2 
A,TOTAL,M,Y15-74,PC,IE06	12.3 	10.1 	8.9 	7.0 b	5.5 	4.9 	5.6 	6.5 b	4.6 	4.6 	4.4 	5.1 
A,TOTAL,M,Y15-74,PC,IS00	5.0 	3.9 	2.9 	2.8 	2.8 	3.8 	5.6 b	5.8 b	4.2 	3.9 	3.8 	: 
A,TOTAL,M,Y15-74,PC,ITC1	10.7 	10.1 	8.9 	8.2 	7.6 b	6.3 	6.6 	6.2 b	5.9 	5.4 	4.9 	5.4 
A,TOTAL,M,Y15-74,PC,ITC2	9.3 	9.6 	8.8 	7.9 	6.8 bu	5.8 u	6.1 u	7.1 bu	: u	: u	: u	: u
A,TOTAL,M,Y15-74,PC,ITC3	10.2 	9.0 	8.4 	7.8 	7.9 b	7.3 	7.1 	6.6 b	5.5 	4.9 	4.7 	4.6 
A,TOTAL,M,Y15-74,PC,ITC4	7.8 	7.2 	6.5 	5.4 	5.2 b	4.7 	4.4 	5.3 b	3.8 	3.4 	3.2 	2.6 
A,TOTAL,M,Y15-74,PC,ITF1	11.0 	10.7 	9.9 	9.2 	8.1 b	9.5 	7.4 	7.4 b	6.9 	7.5 	6.6 	6.2 
A,TOTAL,M,Y15-74,PC,ITF2	15.1 	14.1 	12.1 	14.8 	11.1 b	10.3 	9.0 	8.9 b	10.1 	8.6 	6.4 	5.8 
A,TOTAL,M,Y15-74,PC,ITF3	19.7 	18.0 	18.6 	19.2 	18.6 b	18.4 	16.9 	17.7 b	15.5 	15.5 	14.2 	12.9 
A,TOTAL,M,Y15-74,PC,ITF4	19.2 	18.5 	17.5 	16.9 	14.4 b	13.3 	12.5 	12.9 b	10.1 	9.3 	8.2 	9.1 
A,TOTAL,M,Y15-74,PC,ITF5	13.9 	12.5 	12.0 	11.5 	11.3 b	9.5 	7.6 	7.7 b	5.6 	6.1 	5.1 	4.9 
A,TOTAL,M,Y15-74,PC,ITF6	21.6 	22.5 	21.2 	20.0 	19.6 b	20.1 	18.5 	16.5 b	13.3 	14.0 	12.0 	9.3 
A,TOTAL,M,Y15-74,PC,ITG1	21.1 	20.7 	21.0 	20.4 	19.6 b	18.4 	16.5 	17.2 b	15.2 	14.4 	11.8 	10.9 
A,TOTAL,M,Y15-74,PC,ITG2	18.4 	16.8 	16.9 	17.0 	15.7 b	14.5 	13.1 	13.3 b	10.2 	10.2 	8.0 	9.4 
A,TOTAL,M,Y15-74,PC,ITH1	4.5 	3.5 	3.5 	2.4 	2.8 b	2.6 	3.2 	3.2 b	1.7 u	1.7 u	2.0 u	1.5 u
A,TOTAL,M,Y15-74,PC,ITH2	6.1 	6.4 	6.7 	5.7 	4.3 b	4.1 	4.9 	4.4 b	2.8 	3.0 	2.5 	1.5 u
A,TOTAL,M,Y15-74,PC,ITH3	5.7 	5.8 	5.7 	5.1 	5.4 b	4.3 	4.5 	4.6 b	3.3 	3.5 	2.1 	2.1 
A,TOTAL,M,Y15-74,PC,ITH4	7.4 	6.8 	6.0 	5.6 	5.5 b	4.6 	4.2 	4.3 b	4.3 	3.6 	3.7 	4.4 
A,TOTAL,M,Y15-74,PC,ITH5	7.4 	6.6 	6.1 	5.4 	4.6 b	4.6 	4.9 	4.0 b	4.1 	3.9 	3.4 	3.6 
A,TOTAL,M,Y15-74,PC,ITI1	8.7 	8.8 	8.4 	7.9 	6.3 b	5.9 	5.8 	6.1 b	5.2 	4.4 	3.1 	3.7 
A,TOTAL,M,Y15-74,PC,ITI2	10.3 	9.0 	8.8 	9.6 	7.7 b	7.2 	7.1 	5.9 b	6.4 	4.4 	4.4 	3.6 
A,TOTAL,M,Y15-74,PC,ITI3	8.7 	9.1 	9.8 	9.1 	6.8 b	6.9 	6.3 	6.2 b	5.2 	4.4 	4.6 	4.7 
A,TOTAL,M,Y15-74,PC,ITI4	12.0 	11.5 	10.8 	9.9 	10.5 b	9.5 	8.7 	9.5 b	6.6 	6.0 	5.3 	5.2 
A,TOTAL,M,Y15-74,PC,LT01	10.7 	9.3 	6.4 	6.1 	5.4 	5.1 	8.3 	5.4 b	4.9 	5.1 	5.8 	6.1 
A,TOTAL,M,Y15-74,PC,LT02	12.8 	10.4 	10.2 	9.6 	7.6 	7.9 	9.7 	8.7 b	7.2 	8.4 	8.7 	8.8 
A,TOTAL,M,Y15-74,PC,LU00	5.9 	6.1 b	6.0 	5.6 	5.3 	5.7 	6.6 	4.9 b	4.5 	5.0 	6.6 	6.2 
A,TOTAL,M,Y15-74,PC,LV00	11.8 	11.1 	10.9 	9.8 	8.4 	7.2 	9.1 	8.5 b	8.1 	7.6 	8.0 	7.7 
A,TOTAL,M,Y15-74,PC,ME00	17.8 	17.8 	18.3 	15.4 	15.3 	14.7 	17.5 	: 	: 	: 	: 	: 
A,TOTAL,M,Y15-74,PC,MK00	27.7 	26.8 	24.4 	22.8 	21.3 	16.5 	16.7 	16.7 b	15.7 	14.3 	13.3 	12.2 
A,TOTAL,M,Y15-74,PC,MT00	6.1 	5.4 	4.4 	3.8 	4.1 	3.7 	4.7 	3.9 b	3.7 	3.7 	3.3 	3.1 
A,TOTAL,M,Y15-74,PC,NL11	9.3 	10.1 	8.7 	7.1 	5.7 	5.6 	5.3 	5.6 b	4.1 	4.5 	5.0 	4.4 
A,TOTAL,M,Y15-74,PC,NL12	8.2 	8.2 	7.0 	5.0 	4.3 	3.7 	3.2 	4.5 b	3.4 	3.8 	3.8 	4.2 
A,TOTAL,M,Y15-74,PC,NL13	7.2 	7.5 	5.4 	4.3 	4.1 	2.7 	3.6 	3.9 b	2.5 	2.7 	3.0 	3.2 
A,TOTAL,M,Y15-74,PC,NL21	7.5 	6.7 	5.4 	4.6 	3.4 	2.9 	3.6 	3.3 b	3.2 	2.9 	3.2 	3.8 
A,TOTAL,M,Y15-74,PC,NL22	6.8 	5.9 	5.2 	4.1 	3.2 	3.0 	3.5 	3.6 b	3.6 	3.4 	3.5 	3.3 
A,TOTAL,M,Y15-74,PC,NL23	9.9 	6.7 	7.6 	5.2 	3.8 	3.2 	3.4 	4.3 b	3.4 	3.6 	3.3 	3.6 
A,TOTAL,M,Y15-74,PC,NL31	6.3 	5.9 	4.9 	3.6 	3.3 	: 	: 	: 	: 	: 	: 	: 
A,TOTAL,M,Y15-74,PC,NL32	6.5 	6.0 	5.0 	4.5 	3.9 	3.4 	4.0 	4.0 b	3.3 	3.5 	3.8 	3.7 
A,TOTAL,M,Y15-74,PC,NL33	7.8 	7.1 	6.7 	5.1 	4.3 	: 	: 	: 	: 	: 	: 	: 
A,TOTAL,M,Y15-74,PC,NL34	6.2 	5.4 	3.2 	2.7 	2.2 u	2.3 u	2.6 	2.4 b	2.1 u	2.1 u	1.7 u	2.2 u
A,TOTAL,M,Y15-74,PC,NL35	: 	: 	: 	: 	: 	3.1 	3.4 	3.3 b	2.7 	3.2 	3.6 	3.7 
A,TOTAL,M,Y15-74,PC,NL36	: 	: 	: 	: 	: 	3.9 	4.1 	5.1 b	3.6 	3.7 	3.9 	4.8 
A,TOTAL,M,Y15-74,PC,NL41	6.6 	6.0 	4.7 	3.9 	3.3 	3.2 	3.4 	3.1 b	2.8 	3.0 	2.8 	3.2 
A,TOTAL,M,Y15-74,PC,NL42	7.1 	6.2 	5.1 	4.3 	3.2 	3.4 	3.7 	3.6 b	3.6 	3.2 	3.3 	2.6 
A,TOTAL,M,Y15-74,PC,NO01	4.0 	4.7 	: 	: 	: 	: 	: 	: 	: 	: 	: 	: 
A,TOTAL,M,Y15-74,PC,NO02	3.3 	4.9 	5.7 	: u	: u	: u	: u	: bu	: u	: u	: u	5.9 u
A,TOTAL,M,Y15-74,PC,NO03	4.5 	4.7 	: 	: 	: 	: 	: 	: 	: 	: 	: 	: 
A,TOTAL,M,Y15-74,PC,NO04	3.4 	5.0 	: 	: 	: 	: 	: 	: 	: 	: 	: 	: 
A,TOTAL,M,Y15-74,PC,NO05	3.0 	4.1 	: 	: 	: 	: 	: 	: 	: 	: 	: 	: 
A,TOTAL,M,Y15-74,PC,NO06	4.0 	3.8 	4.2 	: u	: u	3.7 u	: u	: bu	: u	: u	4.2 u	5.1 u
A,TOTAL,M,Y15-74,PC,NO07	3.1 	4.4 	4.1 	: u	: u	: u	3.8 u	4.1 bu	: u	: u	: u	: u
A,TOTAL,M,Y15-74,PC,NO08	: 	: 	5.2 	5.1 	4.4 	4.0 	5.3 	5.3 b	4.0 	3.7 	4.6 	5.5 
A,TOTAL,M,Y15-74,PC,NO09	: 	: 	5.9 	5.0 u	4.4 u	4.1 u	5.1 u	5.2 b	3.9 u	4.0 u	4.3 u	4.9 
A,TOTAL,M,Y15-74,PC,NO0A	: 	: 	6.1 	5.2 	4.1 	4.2 	4.5 	4.2 b	3.0 	4.1 	3.7 	4.1 
A,TOTAL,M,Y15-74,PC,PL21	8.6 	6.9 	4.9 b	4.8 	2.9 	2.6 b	2.1 u	3.1 b	2.4 	2.4 	2.6 	2.4 
A,TOTAL,M,Y15-74,PC,PL22	7.9 	7.0 	5.3 b	3.9 	3.5 	1.9 b	2.3 	3.0 b	1.9 	2.5 	2.1 	2.6 
A,TOTAL,M,Y15-74,PC,PL41	6.4 	5.1 	4.4 b	3.1 	2.1 	2.2 b	1.7 u	2.2 b	2.5 	2.9 	2.0 u	2.2 u
A,TOTAL,M,Y15-74,PC,PL42	8.8 	7.5 	6.7 b	5.0 	3.6 u	2.8 bu	3.4 u	3.9 bu	2.5 u	: u	: u	: u
A,TOTAL,M,Y15-74,PC,PL43	7.6 	6.3 	4.4 bu	3.8 u	3.4 u	2.1 bu	: u	: bu	: u	: u	: u	: u
A,TOTAL,M,Y15-74,PC,PL51	8.9 	6.8 	5.3 b	4.0 	3.1 	3.2 b	3.7 	4.9 b	2.9 	3.1 	3.0 	3.7 
A,TOTAL,M,Y15-74,PC,PL52	6.9 	5.9 u	4.7 bu	3.8 u	2.6 u	2.9 bu	: u	: bu	: u	: u	: u	: u
A,TOTAL,M,Y15-74,PC,PL61	9.2 	7.2 	7.1 b	5.6 	3.9 	3.1 b	2.5 u	3.7 bu	4.0 	3.3 u	2.9 u	3.6 u
A,TOTAL,M,Y15-74,PC,PL62	9.6 	8.7 	8.8 b	6.7 	5.7 	2.5 bu	3.1 u	3.3 bu	3.4 u	: u	3.7 u	3.1 u
A,TOTAL,M,Y15-74,PC,PL63	8.7 	6.9 	5.4 b	4.1 	2.9 	2.3 bu	3.0 u	2.1 bu	1.9 u	: u	2.5 u	2.9 u
A,TOTAL,M,Y15-74,PC,PL71	8.6 	7.7 	5.6 b	4.8 	4.3 	3.7 b	3.3 	3.8 b	3.3 	3.4 	3.4 u	2.8 u
A,TOTAL,M,Y15-74,PC,PL72	12.0 	10.3 	8.9 b	7.2 	6.1 	4.4 bu	4.3 u	4.3 bu	4.1 u	4.4 u	3.9 u	3.8 u
A,TOTAL,M,Y15-74,PC,PL81	9.3 	9.2 	8.4 b	7.5 	6.2 	5.3 b	5.4 	5.0 b	4.8 	3.8 u	3.4 u	4.9 
A,TOTAL,M,Y15-74,PC,PL82	13.6 	11.0 	9.7 b	7.8 	6.2 	4.3 b	3.9 u	4.3 b	4.2 	4.1 u	3.5 u	3.8 u
A,TOTAL,M,Y15-74,PC,PL84	8.8 	7.1 	6.7 b	4.2 u	2.8 u	2.8 bu	: u	: bu	: u	: u	: u	: u
A,TOTAL,M,Y15-74,PC,PL91	5.5 	5.0 	3.5 b	3.7 	2.8 	2.5 b	3.1 	2.7 b	2.0 u	1.9 u	2.5 	2.0 u
A,TOTAL,M,Y15-74,PC,PL92	8.1 	8.5 	8.5 b	6.2 	6.0 	4.2 b	4.4 	4.0 b	3.8 	3.3 u	3.1 u	3.8 
A,TOTAL,M,Y15-74,PC,PT11	13.9 	13.3 	11.7 	9.0 	6.9 	5.9 	6.6 	5.8 b	5.4 	6.5 	5.9 	5.4 
A,TOTAL,M,Y15-74,PC,PT15	15.2 	13.6 	10.2 	8.6 	6.9 	7.1 	8.0 	8.0 b	4.9 u	5.0 u	5.5 u	5.7 u
A,TOTAL,M,Y15-74,PC,PT16	10.7 	9.0 	8.0 	6.8 	5.1 	: 	: 	: 	: 	: 	: 	: 
A,TOTAL,M,Y15-74,PC,PT17	15.3 	13.3 	12.8 	9.3 	7.1 	: 	: 	: 	: 	: 	: 	: 
A,TOTAL,M,Y15-74,PC,PT18	14.6 	12.5 	11.3 	8.0 	7.3 	: 	: 	: 	: 	: 	: 	: 
A,TOTAL,M,Y15-74,PC,PT19	: 	: 	: 	: 	: 	4.7 	5.0 	5.3 b	4.5 	5.2 	5.2 	4.2 
A,TOTAL,M,Y15-74,PC,PT1A	: 	: 	: 	: 	: 	6.2 	8.3 	7.5 b	6.6 	6.6 	6.8 	6.4 
A,TOTAL,M,Y15-74,PC,PT1B	: 	: 	: 	: 	: 	7.2 	7.6 	8.9 b	8.5 	7.8 	7.7 	8.1 
A,TOTAL,M,Y15-74,PC,PT1C	: 	: 	: 	: 	: 	7.5 	6.2 	7.3 b	4.8 u	5.7 u	5.5 u	5.4 u
A,TOTAL,M,Y15-74,PC,PT1D	: 	: 	: 	: 	: 	3.5 	6.1 	5.5 b	5.9 	5.3 	6.5 	4.6 
A,TOTAL,M,Y15-74,PC,PT20	16.1 	14.1 	12.2 	9.5 	8.1 	7.3 	: u	6.0 bu	5.8 u	6.0 u	: u	5.2 u
A,TOTAL,M,Y15-74,PC,PT30	16.1 	15.4 	13.7 	10.5 	9.1 	: u	: u	7.2 bu	6.5 u	5.8 u	5.4 u	: u
A,TOTAL,M,Y15-74,PC,RO11	3.7 	4.8 	4.8 	3.9 	3.0 	3.2 	3.4 	3.2 b	3.1 	3.4 	5.2 	6.3 
A,TOTAL,M,Y15-74,PC,RO12	9.1 	7.7 	5.9 	4.9 	5.0 	6.4 	7.6 	6.2 b	6.5 	5.5 	5.2 	4.6 
A,TOTAL,M,Y15-74,PC,RO21	4.9 	3.9 	3.2 	3.3 	2.4 	2.0 	2.5 	6.2 b	6.4 	5.3 	3.8 	4.3 
A,TOTAL,M,Y15-74,PC,RO22	11.0 	9.6 	8.5 	7.4 	6.5 	6.4 	7.7 	6.5 b	8.3 	10.7 	11.8 	12.4 
A,TOTAL,M,Y15-74,PC,RO31	9.6 	11.0 	8.9 	7.2 	5.5 	4.6 	5.8 	7.0 b	6.9 	6.4 	6.2 	7.5 
A,TOTAL,M,Y15-74,PC,RO32	7.4 	6.2 	5.6 	5.3 	4.2 	3.2 	6.3 	4.8 b	3.2 	3.1 	2.0 	1.7 u
A,TOTAL,M,Y15-74,PC,RO41	7.9 	12.5 	11.7 	8.3 	7.7 	6.3 	5.7 	10.6 b	10.9 	10.4 	8.5 	7.3 
A,TOTAL,M,Y15-74,PC,RO42	5.3 	5.6 	5.8 	5.6 	5.0 	4.1 	4.7 	3.8 b	3.6 	3.5 	4.1 	5.9 
A,TOTAL,M,Y15-74,PC,RS11	17.1 b	18.3 	16.0 	13.7 	10.2 	7.3 	7.7 	8.4 b	7.9 	7.2 	6.4 	7.1 
A,TOTAL,M,Y15-74,PC,RS12	20.4 b	16.8 	14.6 	11.6 	9.8 	8.8 	7.9 	9.1 b	8.0 	9.1 	8.3 	7.6 
A,TOTAL,M,Y15-74,PC,RS21	16.4 b	15.7 	13.9 	12.8 	12.9 	11.2 	8.8 	11.5 b	9.9 	9.1 	8.3 	8.6 
A,TOTAL,M,Y15-74,PC,RS22	20.3 b	17.3 	14.8 	14.3 	15.8 	12.8 	11.2 	12.7 b	11.1 	11.6 	11.3 	10.9 
A,TOTAL,M,Y15-74,PC,SE11	7.1 	6.8 	6.3 	6.1 	5.9 b	6.3 	7.6 	8.1 b	6.7 	6.4 	8.1 	9.3 
A,TOTAL,M,Y15-74,PC,SE12	8.4 	8.1 	7.9 	7.8 	6.9 b	7.2 	9.9 	10.1 b	9.2 	9.2 	9.9 	9.5 
A,TOTAL,M,Y15-74,PC,SE21	7.0 	6.1 	6.2 	5.5 	5.1 b	5.3 	8.0 	6.7 b	5.1 	5.4 	6.9 	6.4 
A,TOTAL,M,Y15-74,PC,SE22	10.8 	9.8 	9.5 	9.4 	9.3 b	8.8 	9.6 	11.0 b	8.7 	9.4 	9.0 	10.3 
A,TOTAL,M,Y15-74,PC,SE23	7.7 	6.6 	7.1 	6.2 	5.8 b	5.8 	7.7 	7.9 b	5.8 	7.4 	8.0 	8.7 
A,TOTAL,M,Y15-74,PC,SE31	8.9 	8.6 	8.2 	7.3 	6.7 b	7.4 	8.1 	9.5 b	8.0 	7.6 	7.5 	8.5 
A,TOTAL,M,Y15-74,PC,SE32	7.5 	7.0 	7.0 	6.6 	5.4 b	7.9 	7.8 	6.7 b	7.6 	7.0 	8.4 	6.6 
A,TOTAL,M,Y15-74,PC,SE33	8.2 	7.8 	6.5 	6.8 	5.2 b	5.5 	6.6 	5.6 b	4.5 	5.6 	5.9 	7.6 
A,TOTAL,M,Y15-74,PC,SI03	9.8 	9.0 	7.7 	5.5 	5.0 	4.1 	4.3 	4.1 b	3.8 	3.5 	3.8 	3.8 
A,TOTAL,M,Y15-74,PC,SI04	8.0 	7.0 	7.3 	6.1 	4.2 	3.9 	4.5 	4.4 b	3.7 	3.7 	3.1 	3.4 
A,TOTAL,M,Y15-74,PC,SK01	5.6 	5.3 	3.6 	4.8 	3.7 	2.5 	2.6 	: bu	: u	2.8 u	: u	2.7 u
A,TOTAL,M,Y15-74,PC,SK02	10.4 	8.3 	6.8 	4.9 	3.9 	3.9 	4.4 	3.9 b	3.9 	3.6 	2.9 	2.9 
A,TOTAL,M,Y15-74,PC,SK03	15.8 	11.9 	10.7 	9.3 	7.4 	6.1 	7.2 	7.9 b	6.7 	5.6 	4.8 	4.7 
A,TOTAL,M,Y15-74,PC,SK04	16.0 	13.5 	11.7 	11.6 	8.7 	8.5 	9.8 	10.8 b	9.5 	9.8 	8.3 	9.2 
A,TOTAL,M,Y15-74,PC,TR10	10.3 b	11.0 	11.7 	11.5 	10.9 	12.9 	13.7 	10.9 b	8.4 	7.3 	7.4 	7.6 
A,TOTAL,M,Y15-74,PC,TR21	6.0 b	5.4 	5.4 	5.9 	5.0 	8.8 	7.2 	7.1 b	5.8 	6.3 	5.2 	6.3 
A,TOTAL,M,Y15-74,PC,TR22	5.3 b	4.7 	5.1 	4.4 	4.2 	6.6 	6.9 	7.0 b	5.7 	4.4 	4.5 	4.0 
A,TOTAL,M,Y15-74,PC,TR31	10.8 b	12.0 	11.2 	11.5 	10.8 	13.2 	14.7 	11.7 b	10.7 	9.5 	8.7 	8.3 
A,TOTAL,M,Y15-74,PC,TR32	6.8 b	6.2 	5.6 	5.8 	5.3 	7.8 	8.8 	8.8 b	7.6 	6.4 	6.3 	5.7 
A,TOTAL,M,Y15-74,PC,TR33	3.4 b	3.9 	3.6 	5.0 	5.7 	8.8 	8.4 	6.0 b	6.5 	6.2 	5.7 	5.3 
A,TOTAL,M,Y15-74,PC,TR41	5.1 b	6.5 	7.7 	8.5 	6.9 	10.0 	9.1 	8.5 b	7.5 	6.2 	6.8 	7.1 
A,TOTAL,M,Y15-74,PC,TR42	8.2 b	8.5 	8.7 	8.9 	8.4 	11.9 	10.6 	7.7 b	7.9 	6.6 	6.8 	6.8 
A,TOTAL,M,Y15-74,PC,TR51	9.1 b	8.3 	9.1 	9.4 	8.0 	11.4 	12.3 	11.1 b	9.9 	8.2 	7.3 	6.7 
A,TOTAL,M,Y15-74,PC,TR52	5.0 b	5.4 	5.1 	5.6 	5.3 	7.3 	7.2 	6.4 b	6.0 	4.8 	6.1 	5.4 
A,TOTAL,M,Y15-74,PC,TR61	6.7 b	7.8 	9.1 	9.9 	9.0 	11.5 	11.4 	10.7 b	7.9 	5.9 	4.9 	4.8 
A,TOTAL,M,Y15-74,PC,TR62	9.4 b	8.2 	9.2 	8.9 	9.8 	10.6 	12.1 	11.5 b	10.3 	9.1 	7.0 	8.3 
A,TOTAL,M,Y15-74,PC,TR63	14.5 b	14.4 	12.2 	10.0 	12.1 	16.3 	14.0 	14.4 b	11.7 	12.4 	8.8 	7.9 
A,TOTAL,M,Y15-74,PC,TR71	7.9 b	8.4 	10.5 	8.1 	8.3 	11.3 	10.7 	11.7 b	8.1 	6.6 	6.3 	5.9 
A,TOTAL,M,Y15-74,PC,TR72	8.7 b	8.6 	7.2 	9.3 	10.8 	12.6 	11.9 	9.9 b	7.9 	7.2 	6.7 	5.2 
A,TOTAL,M,Y15-74,PC,TR81	5.8 b	5.9 	7.4 	6.7 	6.0 	7.5 	8.2 	9.0 b	8.6 	8.0 	6.8 	7.7 
A,TOTAL,M,Y15-74,PC,TR82	5.5 b	6.0 	5.2 	3.8 	3.8 	6.1 	5.9 	5.5 b	5.1 	3.6 	3.3 	4.5 
A,TOTAL,M,Y15-74,PC,TR83	6.1 b	6.1 	7.1 	5.8 	5.6 	8.1 	8.3 	7.0 b	7.0 	6.9 	5.3 	5.3 
A,TOTAL,M,Y15-74,PC,TR90	6.4 b	5.1 	4.6 	3.3 	5.8 	8.9 	8.4 	8.8 b	8.0 	6.9 	6.4 	5.2 
A,TOTAL,M,Y15-74,PC,TRA1	8.5 b	7.6 	5.8 	5.4 	7.6 	12.4 	10.6 	10.1 b	9.2 	6.9 	5.7 	6.3 
A,TOTAL,M,Y15-74,PC,TRA2	4.5 b	4.3 	4.6 	5.8 	5.6 	10.7 	13.1 	15.7 b	14.9 	12.4 	10.8 	7.8 
A,TOTAL,M,Y15-74,PC,TRB1	6.7 b	7.5 	7.7 	4.8 	7.1 	9.1 	10.1 	9.3 b	6.8 	5.9 	4.9 	6.4 
A,TOTAL,M,Y15-74,PC,TRB2	16.0 b	12.2 	10.7 	13.7 	22.2 	25.4 	24.0 	20.1 b	17.3 	15.4 	13.5 	9.8 
A,TOTAL,M,Y15-74,PC,TRC1	8.1 b	9.5 	12.5 	13.3 	12.4 	15.0 	12.8 	9.3 b	9.7 	8.6 	9.4 	7.8 
A,TOTAL,M,Y15-74,PC,TRC2	19.4 b	19.2 	18.8 	14.8 	18.6 	25.0 	22.0 	15.8 b	13.0 	11.2 	9.2 	8.2 
A,TOTAL,M,Y15-74,PC,TRC3	24.0 b	24.2 	26.9 	24.6 	22.4 	26.8 	32.6 	30.3 b	18.1 	10.6 	9.5 	8.4 
A,TOTAL,M,Y15-74,PC,UKC1	8.9 	8.7 	7.1 	6.1 	4.0 	6.2 	: 	: 	: 	: 	: 	: 
A,TOTAL,M,Y15-74,PC,UKC2	8.9 	8.6 	7.8 	6.2 	5.7 	6.2 	: 	: 	: 	: 	: 	: 
A,TOTAL,M,Y15-74,PC,UKD1	5.8 u	4.5 u	4.2 u	4.4 u	: u	: u	: 	: 	: 	: 	: 	: 
A,TOTAL,M,Y15-74,PC,UKD3	8.4 	6.5 	6.6 	4.3 	4.6 	4.9 	: 	: 	: 	: 	: 	: 
A,TOTAL,M,Y15-74,PC,UKD4	7.6 	3.9 	5.5 	4.7 	5.2 	4.3 	: 	: 	: 	: 	: 	: 
A,TOTAL,M,Y15-74,PC,UKD6	3.2 u	2.9 u	2.7 u	3.1 u	3.5 u	3.4 u	: 	: 	: 	: 	: 	: 
A,TOTAL,M,Y15-74,PC,UKD7	8.1 	7.1 	5.7 	5.4 	4.0 	4.6 	: 	: 	: 	: 	: 	: 
A,TOTAL,M,Y15-74,PC,UKE1	7.5 	5.7 	5.6 	5.3 	4.7 	5.0 	: 	: 	: 	: 	: 	: 
A,TOTAL,M,Y15-74,PC,UKE2	4.5 u	4.1 u	2.8 u	4.4 u	3.4 u	3.0 u	: 	: 	: 	: 	: 	: 
A,TOTAL,M,Y15-74,PC,UKE3	7.9 	8.1 	8.2 	5.9 	4.7 	5.2 	: 	: 	: 	: 	: 	: 
A,TOTAL,M,Y15-74,PC,UKE4	6.9 	7.5 	6.3 	5.4 	4.5 	4.3 	: 	: 	: 	: 	: 	: 
A,TOTAL,M,Y15-74,PC,UKF1	7.4 	5.2 	4.8 	3.6 	4.8 	4.2 	: 	: 	: 	: 	: 	: 
A,TOTAL,M,Y15-74,PC,UKF2	4.7 	4.6 	4.3 	4.5 	4.2 	4.6 	: 	: 	: 	: 	: 	: 
A,TOTAL,M,Y15-74,PC,UKF3	5.0 	4.3 u	3.4 u	4.0 u	3.1 u	3.2 u	: 	: 	: 	: 	: 	: 
A,TOTAL,M,Y15-74,PC,UKG1	4.1 	2.7 u	3.5 	2.8 u	3.4 	3.4 	: 	: 	: 	: 	: 	: 
A,TOTAL,M,Y15-74,PC,UKG2	5.7 	4.7 	4.5 	4.3 	3.4 	3.4 	: 	: 	: 	: 	: 	: 
A,TOTAL,M,Y15-74,PC,UKG3	10.8 	8.6 	7.2 	7.3 	6.5 	5.9 	: 	: 	: 	: 	: 	: 
A,TOTAL,M,Y15-74,PC,UKH1	5.3 	4.2 	3.9 	4.2 	3.5 	3.1 	: 	: 	: 	: 	: 	: 
A,TOTAL,M,Y15-74,PC,UKH2	5.0 	4.8 	4.1 	3.9 	2.5 	2.7 	: 	: 	: 	: 	: 	: 
A,TOTAL,M,Y15-74,PC,UKH3	6.2 	4.3 	3.3 	4.2 	2.8 	3.0 	: 	: 	: 	: 	: 	: 
A,TOTAL,M,Y15-74,PC,UKI3	6.7 	5.3 	4.3 	4.3 	5.1 	3.2 	: 	: 	: 	: 	: 	: 
A,TOTAL,M,Y15-74,PC,UKI4	7.7 	7.2 	6.0 	5.1 	3.9 	4.1 	: 	: 	: 	: 	: 	: 
A,TOTAL,M,Y15-74,PC,UKI5	6.1 	6.0 	5.4 	5.1 	4.4 	4.9 	: 	: 	: 	: 	: 	: 
A,TOTAL,M,Y15-74,PC,UKI6	5.1 	4.0 	4.3 	5.4 	4.9 	3.7 	: 	: 	: 	: 	: 	: 
A,TOTAL,M,Y15-74,PC,UKI7	6.2 	5.8 	5.0 	4.6 	4.9 	6.4 	: 	: 	: 	: 	: 	: 
A,TOTAL,M,Y15-74,PC,UKJ1	3.7 	3.3 	2.5 	3.0 	2.6 	2.7 	: 	: 	: 	: 	: 	: 
A,TOTAL,M,Y15-74,PC,UKJ2	4.5 	3.9 	3.5 	3.1 	3.6 	3.0 	: 	: 	: 	: 	: 	: 
A,TOTAL,M,Y15-74,PC,UKJ3	4.2 	4.3 	3.2 	3.0 	2.9 	3.1 	: 	: 	: 	: 	: 	: 
A,TOTAL,M,Y15-74,PC,UKJ4	5.6 	4.6 	4.8 	3.6 	4.2 	4.3 	: 	: 	: 	: 	: 	: 
A,TOTAL,M,Y15-74,PC,UKK1	5.1 	3.9 	4.0 	3.7 	2.7 	2.9 	: 	: 	: 	: 	: 	: 
A,TOTAL,M,Y15-74,PC,UKK2	5.7 	3.7 	4.0 	2.9 u	2.9 u	1.8 u	: 	: 	: 	: 	: 	: 
A,TOTAL,M,Y15-74,PC,UKK3	5.0 u	5.1 u	4.1 u	: u	: u	: u	: 	: 	: 	: 	: 	: 
A,TOTAL,M,Y15-74,PC,UKK4	4.9 	2.8 u	3.5 	3.5 	3.8 	3.9 	: 	: 	: 	: 	: 	: 
A,TOTAL,M,Y15-74,PC,UKL1	8.2 	7.2 	5.6 	4.8 	5.3 	4.3 	: 	: 	: 	: 	: 	: 
A,TOTAL,M,Y15-74,PC,UKL2	6.5 	6.6 	4.3 	4.8 	3.1 u	3.2 	: 	: 	: 	: 	: 	: 
A,TOTAL,M,Y15-74,PC,UKM5	3.4 u	3.4 u	5.2 u	4.5 u	4.2 u	: u	: 	: 	: 	: 	: 	: 
A,TOTAL,M,Y15-74,PC,UKM6	5.6 u	: u	: u	: u	: u	: u	: 	: 	: 	: 	: 	: 
A,TOTAL,M,Y15-74,PC,UKM7	6.6 	6.4 	5.6 	4.3 	4.0 	3.4 	: 	: 	: 	: 	: 	: 
A,TOTAL,M,Y15-74,PC,UKM8	9.1 	8.1 	5.6 	4.9 	5.6 	5.5 	: 	: 	: 	: 	: 	: 
A,TOTAL,M,Y15-74,PC,UKM9	6.3 	7.1 	7.5 	5.3 	4.1 u	3.3 u	: 	: 	: 	: 	: 	: 
A,TOTAL,M,Y15-74,PC,UKN0	7.9 	7.0 	6.8 	5.8 	4.6 	3.0 	: 	: 	: 	: 	: 	: 
A,TOTAL,T,Y15-74,PC,AT11	4.8 	5.2 	5.7 	5.2 	4.2 u	3.6 u	4.2 	5.1 b	4.3 	5.2 	4.9 	5.0 
A,TOTAL,T,Y15-74,PC,AT12	5.1 	5.2 	5.2 	4.8 	3.8 	4.0 	4.2 	5.1 b	4.0 	4.3 	4.2 	4.4 
A,TOTAL,T,Y15-74,PC,AT13	10.2 	10.6 	11.3 	10.4 	10.0 	9.3 	10.7 	12.1 b	9.2 	9.6 	9.4 	9.9 
A,TOTAL,T,Y15-74,PC,AT21	6.0 	6.1 	5.4 	4.8 	4.1 	3.8 	4.7 	5.6 b	4.5 	4.5 	4.3 	4.8 
A,TOTAL,T,Y15-74,PC,AT22	5.0 	4.7 	5.1 	4.5 	4.0 	3.2 	4.4 	4.3 b	3.7 	4.3 	4.4 	5.0 
A,TOTAL,T,Y15-74,PC,AT31	4.1 	4.1 	4.5 	4.0 	3.2 	2.9 	3.9 	3.8 b	2.9 	3.5 	3.8 	4.6 
A,TOTAL,T,Y15-74,PC,AT32	3.5 	3.5 	3.4 	3.1 	2.8 	2.4 	3.0 	4.6 b	3.0 	3.0 	3.4 	3.5 
A,TOTAL,T,Y15-74,PC,AT33	3.2 	3.0 	3.5 	3.3 	2.4 	2.1 	3.1 	4.8 b	3.2 	3.1 	3.1 	3.8 
A,TOTAL,T,Y15-74,PC,AT34	3.4 	3.5 	3.4 	3.7 	3.3 	3.2 	3.6 	4.1 b	3.2 	3.4 	4.1 	4.3 
A,TOTAL,T,Y15-74,PC,BE10	18.3 	17.3 	16.8 	14.9 b	13.2 	12.6 	12.3 	12.4 b	11.4 	10.6 	11.8 	12.6 
A,TOTAL,T,Y15-74,PC,BE21	6.1 	6.1 	6.1 	5.9 b	4.4 	3.6 	4.0 	5.2 b	4.0 	3.6 	4.6 	4.3 
A,TOTAL,T,Y15-74,PC,BE22	5.6 	6.0 	4.8 	4.1 b	3.8 	3.6 	3.6 	3.4 b	3.5 	3.2 	3.8 	4.4 
A,TOTAL,T,Y15-74,PC,BE23	4.3 	4.4 	4.2 	3.4 b	2.7 	2.9 	2.7 	2.8 b	2.0 	2.9 	3.4 	4.2 
A,TOTAL,T,Y15-74,PC,BE24	5.0 	5.1 	4.8 	4.7 b	3.6 	3.6 	3.9 	4.0 bu	3.6 u	4.2 u	4.2 u	5.5 
A,TOTAL,T,Y15-74,PC,BE25	4.2 	4.2 	3.7 	3.2 b	2.6 	2.5 	3.3 	3.6 b	2.7 	2.8 	2.7 	3.0 
A,TOTAL,T,Y15-74,PC,BE31	8.9 	7.9 	7.9 	7.6 b	6.9 	5.5 	6.2 	6.8 b	5.5 	5.7 	6.8 	6.7 
A,TOTAL,T,Y15-74,PC,BE32	14.4 	13.3 	11.8 	11.4 b	10.0 	8.6 	8.3 	10.3 b	10.5 	9.3 	8.7 	9.0 
A,TOTAL,T,Y15-74,PC,BE33	12.3 	12.9 	11.1 	10.5 b	8.2 	6.7 	7.8 	9.4 b	8.3 	9.1 	7.0 	7.2 
A,TOTAL,T,Y15-74,PC,BE34	8.5 	9.3 	7.8 	6.7 b	5.4 	5.4 	5.1 	5.6 b	4.8 	6.5 	5.4 	6.7 
A,TOTAL,T,Y15-74,PC,BE35	8.9 	10.9 	9.7 	7.4 b	8.5 	7.0 	6.1 	7.6 b	7.2 	6.6 	6.8 	7.7 
A,TOTAL,T,Y15-74,PC,BG31	14.2 	12.1 	10.6 	11.3 	11.3 	10.6 b	12.7 	10.9 b	6.8 	7.8 	9.7 b	7.3 
A,TOTAL,T,Y15-74,PC,BG32	13.2 	10.6 	9.3 	6.9 	6.7 	5.1 b	5.7 	6.7 b	5.8 	6.0 	5.3 b	4.0 
A,TOTAL,T,Y15-74,PC,BG33	12.7 	10.3 	9.8 	9.4 	7.4 	5.9 b	6.0 	5.9 b	5.3 	4.5 	4.0 b	3.9 
A,TOTAL,T,Y15-74,PC,BG34	11.9 	10.4 	7.9 	7.0 	5.4 	3.9 b	4.5 	5.5 b	4.4 	4.6 	4.9 b	4.6 
A,TOTAL,T,Y15-74,PC,BG41	8.9 	6.7 	5.4 	3.3 	2.6 	2.2 b	3.5 	3.4 b	3.1 	3.5 	2.8 b	1.9 
A,TOTAL,T,Y15-74,PC,BG42	12.0 	9.3 	7.1 	5.3 	4.2 	3.0 b	3.4 	3.9 b	2.9 	3.1 	2.9 b	3.2 
A,TOTAL,T,Y15-74,PC,CH01	7.5 	7.5 	7.6 	7.9 	7.5 	7.5 	7.7 	7.6 b	6.6 	6.7 	7.3 	7.8 
A,TOTAL,T,Y15-74,PC,CH02	4.5 	4.4 	4.6 	4.2 	4.3 	3.8 	4.3 	4.4 b	3.8 	3.5 	4.0 	4.6 
A,TOTAL,T,Y15-74,PC,CH03	4.6 	4.3 	5.0 	4.4 	4.3 	3.5 	4.8 	4.8 b	4.1 	3.9 	4.3 	4.6 
A,TOTAL,T,Y15-74,PC,CH04	4.1 	4.1 	3.9 	4.5 	4.3 	4.0 	4.3 	4.7 b	3.7 	3.4 	3.8 	4.5 
A,TOTAL,T,Y15-74,PC,CH05	3.5 	4.0 	4.0 	3.8 	3.6 	3.5 	3.9 	4.0 b	3.0 	3.1 	2.8 	3.3 
A,TOTAL,T,Y15-74,PC,CH06	3.7 	3.4 	3.4 	2.9 	2.9 	2.7 	2.9 	3.2 b	2.3 	2.7 	2.5 	3.0 
A,TOTAL,T,Y15-74,PC,CH07	7.2 	6.9 	6.9 	6.1 	6.7 	6.9 	6.6 	8.0 b	6.1 	6.5 	6.7 	6.6 
A,TOTAL,T,Y15-74,PC,CY00	16.1 	15.0 	13.0 	11.1 	8.4 	7.2 	7.6 	7.2 b	6.3 	5.8 	4.9 	4.4 
A,TOTAL,T,Y15-74,PC,CZ01	2.5 	2.8 	2.2 	1.7 	1.3 	1.3 	2.3 	2.3 b	1.6 	2.1 	1.8 	1.8 
A,TOTAL,T,Y15-74,PC,CZ02	5.1 	3.5 	3.1 	2.1 	2.0 	1.3 	1.9 	2.5 b	1.2 	1.7 	1.3 	1.5 
A,TOTAL,T,Y15-74,PC,CZ03	5.5 	3.9 	3.1 	2.1 	1.5 	1.5 	2.0 	2.4 b	1.7 	1.9 	2.3 	2.2 
A,TOTAL,T,Y15-74,PC,CZ04	8.7 	7.3 	5.2 	3.4 	3.4 	3.0 	4.0 	4.3 b	3.3 	4.1 	4.1 	4.8 
A,TOTAL,T,Y15-74,PC,CZ05	6.4 	5.2 	4.0 	2.8 	2.0 	1.7 	2.3 	2.4 b	2.2 	2.8 	2.9 	3.3 
A,TOTAL,T,Y15-74,PC,CZ06	6.0 	4.9 	3.7 	3.1 	2.3 	1.9 	2.3 	2.4 b	1.7 	2.2 	2.4 	2.5 
A,TOTAL,T,Y15-74,PC,CZ07	6.9 	5.3 	3.9 	3.3 	2.2 	2.2 	2.5 	2.2 b	2.8 	2.5 	2.6 	2.7 
A,TOTAL,T,Y15-74,PC,CZ08	8.6 	8.2 	6.9 	4.7 	3.7 	3.7 	3.6 	4.6 b	4.0 	3.9 	4.1 	4.3 
A,TOTAL,T,Y15-74,PC,DE11	3.1 	3.4 	3.3 	3.0 	2.3 	2.4 	3.5 b	3.1 b	2.8 	2.9 	3.2 	3.6 
A,TOTAL,T,Y15-74,PC,DE12	3.5 	3.3 	3.1 	3.3 	3.0 	2.8 	3.5 b	3.4 b	3.2 	2.9 	3.2 	3.4 
A,TOTAL,T,Y15-74,PC,DE13	3.0 	2.5 	3.0 	2.9 	2.6 	2.2 	2.7 bu	3.2 b	2.3 	2.2 	2.5 	3.1 
A,TOTAL,T,Y15-74,PC,DE14	2.7 	3.0 	2.6 	2.2 	1.9 	1.9 	2.9 bu	3.0 b	2.1 u	2.1 u	2.8 	2.9 
A,TOTAL,T,Y15-74,PC,DE21	2.5 	2.7 	2.4 	2.2 	2.3 	1.9 	2.8 b	2.7 b	2.2 	2.3 	2.7 	3.0 
A,TOTAL,T,Y15-74,PC,DE22	2.9 	2.5 	2.1 	2.1 	2.0 	2.0 	: bu	1.8 bu	: u	: u	2.0 u	2.9 u
A,TOTAL,T,Y15-74,PC,DE23	2.7 	2.8 	2.9 	2.2 	1.9 	2.3 	: bu	2.4 bu	: u	2.1 u	2.5 u	2.8 u
A,TOTAL,T,Y15-74,PC,DE24	4.0 	3.9 	3.3 	3.0 	2.3 	2.3 	: bu	3.3 bu	3.0 u	2.5 u	2.8 u	3.2 u
A,TOTAL,T,Y15-74,PC,DE25	3.1 	3.0 	2.5 	2.1 	1.8 	2.1 	3.8 bu	3.4 b	2.9 	2.4 u	2.7 	3.8 
A,TOTAL,T,Y15-74,PC,DE26	2.9 	3.0 	2.5 	2.3 	2.0 	2.0 	: bu	2.6 bu	2.2 u	2.1 u	2.7 u	3.0 u
A,TOTAL,T,Y15-74,PC,DE27	3.0 	3.0 	2.7 	2.6 	2.4 	2.2 	2.5 bu	2.8 b	2.3 u	1.8 u	2.6 	2.7 
A,TOTAL,T,Y15-74,PC,DE30	9.8 	9.5 	7.8 	7.0 	6.1 	5.3 	6.1 b	5.7 b	4.8 	5.2 	5.5 	6.5 
A,TOTAL,T,Y15-74,PC,DE40	6.7 	5.7 	4.6 	4.5 	4.1 	3.4 	4.2 b	3.0 b	3.3 	3.3 	3.1 	3.8 
A,TOTAL,T,Y15-74,PC,DE50	6.6 	5.6 	5.4 	4.3 	4.3 	5.1 	: bu	6.5 bu	5.6 u	4.7 u	4.8 u	5.1 u
A,TOTAL,T,Y15-74,PC,DE60	5.0 	4.3 	4.1 	4.2 	4.1 	3.6 	4.8 b	4.5 b	4.0 	4.1 	4.8 	5.3 
A,TOTAL,T,Y15-74,PC,DE71	4.5 	4.1 	4.0 	3.5 	3.1 	3.1 	4.2 b	4.1 b	3.9 	3.1 	3.4 	3.6 
A,TOTAL,T,Y15-74,PC,DE72	4.5 	3.9 	4.0 	3.6 	3.6 	3.3 	5.2 bu	3.5 bu	2.6 u	3.0 u	3.7 u	2.7 u
A,TOTAL,T,Y15-74,PC,DE73	4.4 	3.6 	3.7 	2.5 	2.9 	2.8 	: bu	3.0 bu	2.4 u	2.1 u	2.2 u	3.6 u
A,TOTAL,T,Y15-74,PC,DE80	9.6 	7.8 	6.3 	5.2 	4.9 	4.0 	4.5 bu	3.8 b	3.8 	4.3 	3.7 	3.5 
A,TOTAL,T,Y15-74,PC,DE91	5.5 	4.9 	4.6 	4.4 	4.0 	3.3 	4.5 bu	3.9 b	3.1 	3.1 u	3.5 	3.9 
A,TOTAL,T,Y15-74,PC,DE92	5.2 	4.7 	4.7 	4.5 	4.1 	3.5 	3.7 b	2.8 b	3.1 	3.0 	3.0 	3.9 
A,TOTAL,T,Y15-74,PC,DE93	4.0 	3.5 	3.3 	3.4 	2.5 	2.6 	3.8 bu	3.1 b	2.6 u	2.6 u	2.6 u	3.3 
A,TOTAL,T,Y15-74,PC,DE94	4.1 	4.0 	3.6 	3.0 	2.7 	3.0 	3.3 b	3.6 b	2.7 	2.5 	3.1 	2.9 
A,TOTAL,T,Y15-74,PC,DEA1	6.4 	5.9 	4.9 	4.3 	4.3 	3.8 	5.1 b	4.4 b	3.9 	4.0 	4.2 	4.8 
A,TOTAL,T,Y15-74,PC,DEA2	5.3 	4.8 	3.9 	3.7 	3.7 	3.4 	4.1 b	4.1 b	3.2 	3.3 	3.7 	3.9 
A,TOTAL,T,Y15-74,PC,DEA3	4.9 	4.4 	4.3 	3.9 	3.6 	3.4 	3.6 b	3.7 b	3.4 	3.0 	3.4 	3.4 
A,TOTAL,T,Y15-74,PC,DEA4	5.0 	4.7 	4.1 	3.9 	3.3 	3.0 	3.7 bu	3.9 b	2.7 	2.4 	3.5 	3.7 
A,TOTAL,T,Y15-74,PC,DEA5	5.7 	5.7 	5.0 	4.7 	4.0 	3.9 	5.1 b	4.2 b	3.9 	3.6 	3.6 	4.7 
A,TOTAL,T,Y15-74,PC,DEB1	4.1 	3.4 	3.4 	3.1 	2.8 	2.3 	: bu	2.8 bu	2.8 u	2.5 u	3.2 u	2.9 u
A,TOTAL,T,Y15-74,PC,DEB2	3.0 	2.9 	2.7 	2.0 	2.6 	2.0 	: bu	: bu	: u	: u	: u	: u
A,TOTAL,T,Y15-74,PC,DEB3	4.0 	4.1 	4.1 	3.8 	3.5 	3.3 	4.0 b	4.2 b	3.6 	3.6 	3.2 	4.0 
A,TOTAL,T,Y15-74,PC,DEC0	5.8 	5.6 	4.9 	4.5 	3.6 	3.7 	: bu	3.2 bu	3.7 u	3.4 u	3.6 u	4.1 u
A,TOTAL,T,Y15-74,PC,DED2	7.4 	6.2 	4.9 	4.3 	4.1 	3.5 	3.6 bu	3.4 b	3.4 	2.4 u	3.4 	4.7 
A,TOTAL,T,Y15-74,PC,DED4	6.4 	5.4 	4.4 	4.1 	3.4 	3.7 	: bu	2.3 bu	2.3 u	3.3 u	3.1 u	4.4 
A,TOTAL,T,Y15-74,PC,DED5	8.3 	7.7 	6.0 	5.1 	4.8 	4.7 	5.3 bu	4.5 bu	3.5 u	4.5 	5.2 	5.2 
A,TOTAL,T,Y15-74,PC,DEE0	8.8 	8.0 	7.4 	6.9 	5.3 	4.6 	4.8 b	4.2 b	3.9 	3.8 	4.2 	4.9 
A,TOTAL,T,Y15-74,PC,DEF0	4.6 	4.2 	4.0 	3.6 	3.1 	2.9 	3.5 b	3.2 b	2.9 	3.1 	3.4 	3.7 
A,TOTAL,T,Y15-74,PC,DEG0	6.0 	5.8 	5.1 	4.4 	4.1 	3.7 	4.2 b	3.5 b	3.0 	3.1 	3.4 	3.7 
A,TOTAL,T,Y15-74,PC,DK01	7.5 	6.8 	6.2 b	6.2 b	5.4 	5.1 	6.1 	5.7 b	4.7 	5.2 b	6.6 	6.8 
A,TOTAL,T,Y15-74,PC,DK02	6.6 	6.0 	6.2 b	5.6 b	5.2 	4.9 	5.4 	5.0 b	3.9 	4.6 b	5.8 	5.4 
A,TOTAL,T,Y15-74,PC,DK03	7.0 	6.2 	6.1 b	6.1 b	4.9 	4.8 	5.1 	4.5 b	4.5 	5.2 b	6.0 	6.1 
A,TOTAL,T,Y15-74,PC,DK04	6.3 	5.7 	5.4 b	5.4 b	4.7 	4.9 	5.5 	4.8 b	4.1 	5.4 b	6.1 	6.5 
A,TOTAL,T,Y15-74,PC,DK05	6.9 	6.4 	6.0 b	5.6 b	5.5 	5.8 	5.9 	5.2 b	4.8 	4.7 b	5.9 	6.5 
A,TOTAL,T,Y15-74,PC,EE00	7.4 	6.4 	6.9 	5.8 	5.4 	4.5 	7.0 	6.2 b	5.6 	6.4 	7.6 	7.5 
A,TOTAL,T,Y15-74,PC,EL30	27.4 	25.2 	23.0 	21.6 	19.9 	16.9 	14.1 	11.9 b	10.0 	9.4 	9.1 	8.1 
A,TOTAL,T,Y15-74,PC,EL41	22.4 	18.0 	18.3 	22.5 	22.3 	17.7 	16.5 	13.9 b	11.5 	10.0 	7.1 	6.4 
A,TOTAL,T,Y15-74,PC,EL42	20.1 	14.9 	17.5 	16.0 	16.9 	13.7 	16.7 	18.8 b	10.7 	7.1 	9.9 	7.3 
A,TOTAL,T,Y15-74,PC,EL43	24.0 	24.3 	22.6 	17.7 	13.4 	11.7 	17.3 	16.3 b	12.1 	10.8 	8.6 	5.1 
A,TOTAL,T,Y15-74,PC,EL51	24.3 	23.4 	22.8 	19.5 	16.0 	16.2 	17.2 	18.5 b	14.7 	12.1 	11.6 	10.6 
A,TOTAL,T,Y15-74,PC,EL52	28.7 	26.0 	24.5 	22.9 	20.7 	19.6 	18.4 	16.1 b	14.7 	14.1 	12.8 	11.7 
A,TOTAL,T,Y15-74,PC,EL53	27.6 	30.8 	31.3 	29.1 	27.0 	24.6 	19.7 	19.8 b	17.7 	16.7 	12.5 	15.3 
A,TOTAL,T,Y15-74,PC,EL54	26.8 	24.6 	24.4 	24.8 	20.1 	16.4 	17.9 	15.1 b	13.3 	13.8 	10.7 	9.9 
A,TOTAL,T,Y15-74,PC,EL61	25.6 	27.1 	25.5 	20.7 	18.4 	18.7 	16.9 	16.7 b	16.4 	12.9 	10.0 	6.3 
A,TOTAL,T,Y15-74,PC,EL62	21.4 	19.0 	16.0 	19.7 	16.0 	12.4 	16.0 	13.2 b	12.9 	14.7 	16.2 	9.0 
A,TOTAL,T,Y15-74,PC,EL63	28.7 	28.5 	29.8 	26.3 	24.1 	24.1 	21.6 	17.5 b	12.6 	9.8 	10.1 	9.7 
A,TOTAL,T,Y15-74,PC,EL64	26.9 	26.0 	25.0 	20.9 	18.9 	17.2 	19.3 	17.2 b	13.8 	9.9 	8.6 	8.5 
A,TOTAL,T,Y15-74,PC,EL65	23.4 	22.3 	19.2 	16.8 	14.4 	12.0 	11.4 	12.7 b	12.6 	9.6 	7.6 	8.3 
A,TOTAL,T,Y15-74,PC,ES11	21.7 	19.3 	17.2 	15.7 	13.3 	11.8 	12.0 	11.6 bd	11.0 d	9.7 d	9.4 d	8.4 d
A,TOTAL,T,Y15-74,PC,ES12	21.1 	19.1 	17.6 	13.7 	13.6 	14.2 	14.1 	12.3 bd	12.5 d	12.1 d	10.1 d	8.8 d
A,TOTAL,T,Y15-74,PC,ES13	19.4 	17.7 	14.9 	13.6 	10.7 	10.3 	12.2 	11.3 bd	9.6 d	8.1 d	7.8 d	7.3 d
A,TOTAL,T,Y15-74,PC,ES21	16.3 	14.8 	12.6 	11.3 	10.0 	9.2 	9.5 	10.3 bd	8.9 d	7.7 d	8.1 d	7.3 d
A,TOTAL,T,Y15-74,PC,ES22	15.7 	13.8 	12.5 	10.2 	10.0 	8.2 	10.1 	10.7 bd	9.7 d	9.9 d	7.6 d	7.7 d
A,TOTAL,T,Y15-74,PC,ES23	18.2 	15.4 	13.5 	12.0 	10.4 	10.0 	10.8 	11.6 bd	9.6 d	9.4 d	9.7 d	8.1 d
A,TOTAL,T,Y15-74,PC,ES24	20.2 	16.3 	14.8 	11.7 	10.6 	10.0 	11.7 	10.3 bd	9.6 d	8.6 d	8.1 d	8.0 d
A,TOTAL,T,Y15-74,PC,ES30	18.8 	17.1 	15.7 	13.4 	12.2 	10.6 	12.5 	11.7 bd	11.2 d	10.0 d	9.0 d	8.0 d
A,TOTAL,T,Y15-74,PC,ES41	20.8 	18.3 	15.8 	14.1 	12.1 	11.6 	12.1 	11.6 bd	9.9 d	9.7 d	9.4 d	8.6 d
A,TOTAL,T,Y15-74,PC,ES42	29.0 	26.4 	23.6 	20.8 	18.2 	16.2 	17.7 	15.7 bd	14.6 d	13.2 d	13.3 d	12.8 d
A,TOTAL,T,Y15-74,PC,ES43	29.8 	29.1 	27.5 	26.3 	23.7 	21.6 	21.8 	20.2 bd	17.3 d	17.4 d	15.5 d	14.8 d
A,TOTAL,T,Y15-74,PC,ES51	20.3 	18.6 	15.7 	13.4 	11.5 	11.0 	12.6 	11.7 bd	10.0 d	9.3 d	8.9 d	8.4 d
A,TOTAL,T,Y15-74,PC,ES52	25.8 	22.8 	20.6 	18.2 	15.6 	14.1 	16.2 	16.1 bd	13.3 d	12.8 d	12.6 d	11.6 d
A,TOTAL,T,Y15-74,PC,ES53	20.0 	17.3 	13.9 	12.4 	11.5 	11.8 	16.1 	14.3 bd	10.6 d	10.3 d	9.3 d	8.8 d
A,TOTAL,T,Y15-74,PC,ES61	34.8 	31.6 	28.9 	25.5 	23.0 	21.2 	22.3 	21.9 bd	19.1 d	18.3 d	16.5 d	15.2 d
A,TOTAL,T,Y15-74,PC,ES62	26.6 	24.6 	19.8 	18.0 	16.8 	14.7 	16.2 	14.7 bd	13.6 d	12.8 d	12.7 d	12.1 d
A,TOTAL,T,Y15-74,PC,ES63	31.9 	27.6 	24.9 	22.4 	29.0 	25.8 	24.5 	30.8 bd	30.0 d	30.0 d	27.5 d	24.3 d
A,TOTAL,T,Y15-74,PC,ES64	28.4 	34.0 	30.8 	27.6 	25.8 	27.0 	23.7 	25.4 bd	25.9 d	26.6 d	28.3 d	24.9 d
A,TOTAL,T,Y15-74,PC,ES70	32.4 	29.1 	26.1 	23.5 	20.1 	20.5 	22.6 	23.5 bd	17.6 d	16.1 d	13.8 d	13.5 d
A,TOTAL,T,Y15-74,PC,FI19	8.7 	9.8 	9.4 	9.3 	7.4 	6.4 	7.7 	7.7 b	6.3 	6.7 	7.8 	9.2 
A,TOTAL,T,Y15-74,PC,FI1B	7.3 	8.0 	7.4 	7.7 	6.9 	6.4 	7.2 	7.7 b	6.7 	7.6 	8.9 	10.6 
A,TOTAL,T,Y15-74,PC,FI1C	9.4 	10.0 	9.1 	8.5 	7.4 	6.3 	7.7 	7.5 b	7.6 	7.5 	8.9 	9.6 
A,TOTAL,T,Y15-74,PC,FI1D	10.0 	10.4 	10.2 	9.6 	8.1 	7.8 	8.8 	7.8 b	6.7 	6.9 	7.8 	9.0 
A,TOTAL,T,Y15-74,PC,FI20	: u	: u	: u	: u	: u	: u	: u	: bu	: u	: u	: u	: u
A,TOTAL,T,Y15-74,PC,FR10	9.7 	9.6 	9.2 	8.7 	8.8 	7.9 	8.2 	8.0 bd	7.6 d	7.6 d	8.0 d	8.8 d
A,TOTAL,T,Y15-74,PC,FRB0	9.5 	10.7 	9.9 	8.5 	8.4 	8.2 	8.9 	7.2 bd	6.4 d	5.7 d	5.6 d	6.1 d
A,TOTAL,T,Y15-74,PC,FRC1	10.7 	8.8 	9.6 	10.7 	8.9 	7.5 	7.8 	7.1 bd	6.7 d	7.3 d	6.7 d	7.0 d
A,TOTAL,T,Y15-74,PC,FRC2	9.9 	9.3 	8.1 	6.9 	7.2 	8.2 	5.6 	7.0 bd	5.9 d	5.7 d	5.3 d	8.2 d
A,TOTAL,T,Y15-74,PC,FRD1	8.2 	8.2 	8.6 	8.1 	8.0 	8.2 	6.1 	6.4 bd	6.2 d	6.0 d	7.3 d	6.6 d
A,TOTAL,T,Y15-74,PC,FRD2	12.0 	10.6 	11.5 	11.3 	9.3 	9.9 	8.3 	7.6 bd	7.9 d	6.9 d	7.6 d	8.0 d
A,TOTAL,T,Y15-74,PC,FRE1	13.8 	13.8 	13.3 	12.9 	12.2 	11.2 	9.1 	8.8 bd	8.7 d	9.8 d	9.5 d	9.0 d
A,TOTAL,T,Y15-74,PC,FRE2	11.6 	10.8 	11.5 	10.0 	9.2 	9.1 	8.6 	9.7 bd	9.1 d	9.1 d	7.6 d	7.5 d
A,TOTAL,T,Y15-74,PC,FRF1	10.1 	9.1 	10.9 	9.0 	8.0 	7.3 	7.3 	7.1 bd	6.7 d	5.9 d	6.0 d	5.1 d
A,TOTAL,T,Y15-74,PC,FRF2	11.4 	13.0 	11.3 	9.6 	8.8 	9.1 	11.7 	8.9 bd	8.0 d	7.1 d	7.2 d	7.0 d
A,TOTAL,T,Y15-74,PC,FRF3	11.8 	12.2 	11.7 	11.0 	9.8 	8.1 	8.7 	8.5 bd	6.9 d	7.4 d	8.5 d	7.8 d
A,TOTAL,T,Y15-74,PC,FRG0	8.6 	9.1 	8.9 	7.1 	7.8 	7.6 	6.9 	6.0 bd	6.1 d	6.1 d	6.3 d	6.6 d
A,TOTAL,T,Y15-74,PC,FRH0	7.4 	7.8 	8.6 	7.3 	6.8 	6.9 	6.7 	5.8 bd	5.9 d	5.4 d	5.7 d	5.6 d
A,TOTAL,T,Y15-74,PC,FRI1	9.1 	9.7 	10.0 	10.1 	9.3 	9.1 	7.3 	7.4 bd	6.9 d	7.2 d	6.9 d	7.7 d
A,TOTAL,T,Y15-74,PC,FRI2	9.3 	8.9 	7.1 	6.3 	7.0 	7.0 	7.2 	6.3 bd	6.8 d	6.3 d	5.4 d	6.2 d
A,TOTAL,T,Y15-74,PC,FRI3	10.9 	9.8 	9.0 	9.1 	8.7 	8.1 	8.6 	8.6 bd	7.2 d	7.3 d	5.3 d	6.4 d
A,TOTAL,T,Y15-74,PC,FRJ1	12.3 	13.0 	11.9 	12.3 	11.7 	10.4 	9.2 	11.4 bd	9.0 d	9.2 d	9.0 d	8.9 d
A,TOTAL,T,Y15-74,PC,FRJ2	9.1 	8.6 	8.5 	7.2 	7.7 	6.7 	5.6 	6.1 bd	6.2 d	6.1 d	6.2 d	6.5 d
A,TOTAL,T,Y15-74,PC,FRK1	7.3 	8.6 	7.2 	8.4 	7.8 	5.6 	5.5 	7.0 bd	7.1 d	7.1 d	7.8 d	6.4 d
A,TOTAL,T,Y15-74,PC,FRK2	8.8 	9.1 	8.1 	7.3 	7.3 	7.0 	7.5 	7.2 bd	6.6 d	6.5 d	6.8 d	7.1 d
A,TOTAL,T,Y15-74,PC,FRL0	10.1 	11.0 	10.6 	10.3 	9.3 	8.8 	8.0 	8.1 bd	6.7 d	7.1 d	6.9 d	7.3 d
A,TOTAL,T,Y15-74,PC,FRM0	9.8 u	11.9 u	8.3 u	9.8 u	5.0 u	6.3 u	8.1 u	9.1 bdu	6.1 du	6.9 du	7.2 du	7.3 du
A,TOTAL,T,Y15-74,PC,FRY1	23.9 	23.6 	23.8 	22.4 	22.6 	20.6 	17.5 	17.1 bd	18.6 d	18.6 d	16.8 d	16.6 d
A,TOTAL,T,Y15-74,PC,FRY2	19.4 	18.0 	17.8 	17.8 	17.3 	14.8 	12.4 	12.8 bd	12.5 d	10.8 d	12.3 d	13.4 d
A,TOTAL,T,Y15-74,PC,FRY3	22.2 	21.9 	23.0 	21.9 	19.0 	19.3 	16.1 	14.6 bd	13.1 d	14.0 d	17.0 d	16.9 d
A,TOTAL,T,Y15-74,PC,FRY4	26.4 	23.5 	22.3 	22.7 	24.0 	21.3 	17.4 	17.9 bd	18.1 d	19.0 d	17.3 d	16.3 d
A,TOTAL,T,Y15-74,PC,FRY5	20.3 	25.3 	29.7 	29.6 	35.1 	30.1 	27.8 u	: 	: 	: 	: 	: 
A,TOTAL,T,Y15-74,PC,HR02	: 	: 	17.1 	16.0 	12.1 	9.5 	11.9 	9.5 b	10.6 	10.1 	7.1 	7.4 
A,TOTAL,T,Y15-74,PC,HR03	16.7 	16.7 	13.9 	10.8 	9.2 	6.4 	7.4 	9.2 b	6.8 	6.0 	6.4 	5.5 
A,TOTAL,T,Y15-74,PC,HR04	17.5 	15.9 	: 	: 	: 	: 	: 	: 	: 	: 	: 	: 
A,TOTAL,T,Y15-74,PC,HR05	: 	: 	9.5 	8.2 	5.1 	5.4 	4.7 	5.3 b	5.3 	3.8 	2.6 	3.0 
A,TOTAL,T,Y15-74,PC,HR06	: 	: 	10.0 	8.7 	5.8 	4.6 	5.0 	4.6 b	4.0 	4.4 	3.1 	3.0 
A,TOTAL,T,Y15-74,PC,HU11	6.0 	5.1 	4.3 	2.9 	3.0 b	2.4 	3.3 	2.9 b	2.3 	2.3 	2.6 	3.2 
A,TOTAL,T,Y15-74,PC,HU12	6.5 	5.7 	3.1 	2.6 	2.2 b	2.4 	3.3 	2.9 b	2.2 	3.2 	3.1 	3.0 
A,TOTAL,T,Y15-74,PC,HU21	5.6 	4.4 	3.0 	2.2 	2.2 b	2.0 	2.8 	2.1 b	1.7 	2.2 	2.8 	3.1 
A,TOTAL,T,Y15-74,PC,HU22	4.6 	3.8 	2.7 	2.4 	2.0 b	1.7 	2.4 	2.3 b	2.4 	2.7 	3.3 	3.1 
A,TOTAL,T,Y15-74,PC,HU23	7.8 	8.1 	6.2 	6.3 	5.4 b	4.8 	5.3 	4.7 b	4.6 	6.0 	7.3 	6.4 
A,TOTAL,T,Y15-74,PC,HU31	10.4 	8.7 	6.3 	5.8 	4.8 b	4.4 	5.1 	6.2 b	6.2 	6.4 	6.9 	7.0 
A,TOTAL,T,Y15-74,PC,HU32	11.8 	10.9 	9.3 	7.4 	6.6 b	6.3 	7.3 	7.0 b	6.2 	6.7 	7.1 	6.1 
A,TOTAL,T,Y15-74,PC,HU33	9.0 	7.9 	5.6 	4.1 	3.4 b	3.4 	4.6 	4.4 b	4.0 	4.6 	4.8 	4.8 
A,TOTAL,T,Y15-74,PC,IE04	11.6 	10.1 	8.6 	6.2 b	5.6 	4.8 	5.0 	5.0 b	4.0 	3.8 	4.2 	4.8 
A,TOTAL,T,Y15-74,PC,IE05	12.7 	10.7 	8.6 	7.0 b	6.2 	5.5 	5.8 	6.5 b	4.3 	4.2 	4.1 	4.2 
A,TOTAL,T,Y15-74,PC,IE06	11.5 	9.4 	8.2 	6.7 b	5.6 	4.7 	5.8 	6.5 b	4.7 	4.5 	4.4 	4.9 
A,TOTAL,T,Y15-74,PC,IS00	4.9 	4.0 	3.0 	2.7 	2.7 	3.5 	5.5 b	6.1 b	3.8 	3.5 	3.6 	: 
A,TOTAL,T,Y15-74,PC,ITC1	11.3 	10.3 	9.4 	9.1 	8.2 b	7.6 	7.5 	7.3 b	6.5 	6.2 	5.4 	6.0 
A,TOTAL,T,Y15-74,PC,ITC2	8.9 	8.9 	8.7 	7.8 	7.1 b	6.5 	5.8 	7.3 b	5.4 u	4.0 u	3.9 u	3.9 u
A,TOTAL,T,Y15-74,PC,ITC3	10.9 	9.2 	9.8 	9.5 	9.8 b	9.5 	8.2 	8.4 b	7.0 	6.1 	5.4 	4.7 
A,TOTAL,T,Y15-74,PC,ITC4	8.2 	7.9 	7.4 	6.4 	6.0 b	5.6 	5.1 	5.9 b	4.9 	4.0 	3.7 	3.0 
A,TOTAL,T,Y15-74,PC,ITF1	12.6 	12.6 	12.1 	11.7 	10.8 b	11.1 	9.6 	9.3 b	9.4 	8.1 	7.1 	6.5 
A,TOTAL,T,Y15-74,PC,ITF2	15.2 	14.4 	12.8 	14.6 	12.7 b	12.0 	9.8 	10.9 b	10.5 	9.6 	7.9 	6.2 
A,TOTAL,T,Y15-74,PC,ITF3	21.8 	19.8 	20.4 	20.9 	20.3 b	20.0 	18.2 	19.3 b	17.1 	17.4 	15.6 	13.9 
A,TOTAL,T,Y15-74,PC,ITF4	21.5 	19.7 	19.4 	18.9 	16.1 b	14.8 	14.1 	14.6 b	12.1 	11.6 	9.3 	10.0 
A,TOTAL,T,Y15-74,PC,ITF5	14.7 	13.7 	13.3 	12.8 	12.5 b	10.8 	8.7 	8.3 b	7.1 	7.5 	6.7 	5.3 
A,TOTAL,T,Y15-74,PC,ITF6	23.5 	23.0 	23.2 	21.6 	21.6 b	20.9 	19.9 	18.0 b	14.6 	15.9 	13.1 	9.8 
A,TOTAL,T,Y15-74,PC,ITG1	22.2 	21.4 	22.1 	21.5 	21.3 b	19.9 	18.1 	18.7 b	16.6 	15.8 	13.0 	12.2 
A,TOTAL,T,Y15-74,PC,ITG2	18.7 	17.4 	17.3 	17.0 	15.4 b	14.8 	13.0 	13.5 b	11.5 	10.1 	8.3 	9.3 
A,TOTAL,T,Y15-74,PC,ITH1	4.4 	3.8 	3.7 	3.1 	2.9 b	2.9 	3.7 	3.8 b	2.3 	2.0 	2.0 	1.8 
A,TOTAL,T,Y15-74,PC,ITH2	7.0 	6.8 	6.9 	5.7 	4.8 b	5.0 	5.4 	4.8 b	3.8 	3.8 	2.7 	2.2 
A,TOTAL,T,Y15-74,PC,ITH3	7.5 	7.1 	6.8 	6.3 	6.4 b	5.6 	5.8 	5.3 b	4.2 	4.2 	3.0 	3.4 
A,TOTAL,T,Y15-74,PC,ITH4	8.0 	8.0 	7.6 	6.7 	6.7 b	6.1 	5.6 	5.7 b	5.3 	4.6 	4.3 	4.6 
A,TOTAL,T,Y15-74,PC,ITH5	8.4 	7.8 	7.0 	6.6 	5.8 b	5.5 	5.8 	5.5 b	5.0 	5.0 	4.3 	4.1 
A,TOTAL,T,Y15-74,PC,ITI1	10.1 	9.2 	9.5 	8.6 	7.3 b	6.7 	6.7 	7.5 b	6.0 	5.3 	4.0 	4.3 
A,TOTAL,T,Y15-74,PC,ITI2	11.3 	10.5 	9.6 	10.6 	9.2 b	8.4 	8.2 	6.6 b	7.1 	6.0 	4.8 	4.6 
A,TOTAL,T,Y15-74,PC,ITI3	10.1 	10.0 	10.6 	10.6 	8.1 b	8.6 	7.4 	7.1 b	6.2 	5.2 	5.1 	5.1 
A,TOTAL,T,Y15-74,PC,ITI4	12.5 	11.8 	11.2 	10.7 	11.1 b	9.9 	9.2 	10.0 b	7.7 	7.2 	6.3 	5.5 
A,TOTAL,T,Y15-74,PC,LT01	8.5 	7.6 	5.6 	4.8 	4.6 	4.4 	6.8 	4.8 b	4.6 	4.9 	5.9 	5.1 
A,TOTAL,T,Y15-74,PC,LT02	11.6 	9.8 	8.9 	8.1 	6.9 	7.2 	9.3 	8.2 b	6.6 	7.8 	7.7 	7.8 
A,TOTAL,T,Y15-74,PC,LU00	5.9 	6.7 b	6.3 	5.5 	5.6 	5.6 	6.8 	5.3 b	4.6 	5.2 	6.4 	6.5 
A,TOTAL,T,Y15-74,PC,LV00	10.8 	9.9 	9.6 	8.7 	7.4 	6.3 	8.1 	7.6 b	6.9 	6.5 	6.9 	6.9 
A,TOTAL,T,Y15-74,PC,ME00	18.0 	17.6 	17.8 	16.1 	15.2 	15.2 	17.9 	: 	: 	: 	: 	: 
A,TOTAL,T,Y15-74,PC,MK00	28.0 	26.1 	23.7 	22.4 	20.8 	17.3 	16.4 	15.5 b	14.4 	13.1 	12.3 	11.5 
A,TOTAL,T,Y15-74,PC,MT00	5.7 	5.4 	4.7 	4.0 	4.0 	4.1 	4.9 	3.8 b	3.5 	3.5 	3.2 	3.1 
A,TOTAL,T,Y15-74,PC,NL11	8.6 	9.1 	8.2 	7.2 	5.5 	5.1 	5.2 	5.4 b	4.7 	4.2 	4.7 	4.5 
A,TOTAL,T,Y15-74,PC,NL12	7.9 	7.9 	6.7 	5.6 	4.7 	3.7 	3.9 	4.5 b	3.8 	4.0 	3.9 	4.0 
A,TOTAL,T,Y15-74,PC,NL13	7.3 	7.5 	6.5 	5.0 	4.2 	2.8 	3.7 	3.5 b	2.9 	3.3 	3.4 	3.6 
A,TOTAL,T,Y15-74,PC,NL21	7.3 	6.9 	6.2 	5.1 	3.7 	3.0 	3.5 	3.8 b	3.3 	2.9 	3.4 	3.7 
A,TOTAL,T,Y15-74,PC,NL22	6.9 	6.3 	5.6 	4.5 	3.3 	3.1 	3.5 	3.9 b	3.5 	3.3 	3.5 	3.4 
A,TOTAL,T,Y15-74,PC,NL23	11.0 	7.9 	8.0 	5.7 	4.5 	3.5 	3.9 	4.6 b	3.3 	4.3 	3.8 	3.7 
A,TOTAL,T,Y15-74,PC,NL31	6.4 	6.4 	5.0 	4.2 	3.4 	: 	: 	: 	: 	: 	: 	: 
A,TOTAL,T,Y15-74,PC,NL32	6.9 	6.2 	5.5 	4.5 	3.8 	3.2 	3.9 	4.5 b	3.6 	3.8 	3.8 	3.8 
A,TOTAL,T,Y15-74,PC,NL33	8.4 	7.8 	7.1 	5.6 	4.3 	: 	: 	: 	: 	: 	: 	: 
A,TOTAL,T,Y15-74,PC,NL34	5.4 	5.3 	3.9 	2.9 	2.7 	2.6 	2.6 	3.6 b	2.6 	2.1 	2.1 	2.2 
A,TOTAL,T,Y15-74,PC,NL35	: 	: 	: 	: 	: 	2.9 	3.5 	4.0 b	3.3 	3.3 	3.7 	3.8 
A,TOTAL,T,Y15-74,PC,NL36	: 	: 	: 	: 	: 	4.1 	4.4 	5.1 b	4.0 	4.0 	4.1 	4.8 
A,TOTAL,T,Y15-74,PC,NL41	7.0 	6.5 	5.3 	4.2 	3.5 	3.2 	3.5 	3.2 b	3.0 	3.2 	3.2 	3.5 
A,TOTAL,T,Y15-74,PC,NL42	7.4 	6.3 	5.7 	4.8 	3.4 	3.1 	3.5 	3.8 b	3.6 	3.4 	3.3 	3.0 
A,TOTAL,T,Y15-74,PC,NO01	3.8 	4.7 	: 	: 	: 	: 	: 	: 	: 	: 	: 	: 
A,TOTAL,T,Y15-74,PC,NO02	2.9 	4.5 	4.5 	2.9 u	2.9 u	3.3 u	3.7 u	3.6 bu	: u	3.0 u	3.7 u	4.1 u
A,TOTAL,T,Y15-74,PC,NO03	4.1 	4.5 	: 	: 	: 	: 	: 	: 	: 	: 	: 	: 
A,TOTAL,T,Y15-74,PC,NO04	3.1 	4.6 	: 	: 	: 	: 	: 	: 	: 	: 	: 	: 
A,TOTAL,T,Y15-74,PC,NO05	3.0 	3.9 	: 	: 	: 	: 	: 	: 	: 	: 	: 	: 
A,TOTAL,T,Y15-74,PC,NO06	3.8 	3.7 	4.0 	3.0 u	3.1 u	3.9 u	3.6 u	3.5 bu	2.5 u	3.5 u	3.8 u	4.7 
A,TOTAL,T,Y15-74,PC,NO07	3.3 	3.4 	3.2 	3.2 u	3.3 u	3.0 u	3.5 u	3.8 bu	2.2 u	2.8 u	2.7 u	3.5 u
A,TOTAL,T,Y15-74,PC,NO08	: 	: 	4.7 	4.6 	4.1 	3.9 	5.0 	5.3 b	3.9 	3.9 	4.7 	5.0 
A,TOTAL,T,Y15-74,PC,NO09	: 	: 	5.2 	4.6 	4.0 	3.7 	4.3 	4.4 b	3.7 	3.7 	4.1 	4.6 
A,TOTAL,T,Y15-74,PC,NO0A	: 	: 	5.1 	4.4 	3.9 	3.7 	4.5 	3.9 b	2.9 	3.5 	3.6 	4.1 
A,TOTAL,T,Y15-74,PC,PL21	9.1 	7.2 	5.2 b	4.2 	2.9 	2.9 b	2.7 	3.2 b	2.4 	2.3 	2.5 	2.8 
A,TOTAL,T,Y15-74,PC,PL22	8.6 	7.2 	5.4 b	3.9 	3.4 	2.4 b	2.7 	2.9 b	2.2 	2.5 	2.4 	2.6 
A,TOTAL,T,Y15-74,PC,PL41	7.7 	5.8 	4.8 b	3.1 	2.2 	2.6 b	1.8 	2.3 b	2.0 	2.8 	2.3 	2.8 
A,TOTAL,T,Y15-74,PC,PL42	8.4 	7.5 	7.0 b	4.7 	3.8 	3.1 b	3.4 	3.5 b	2.3 u	2.2 u	2.7 	2.9 
A,TOTAL,T,Y15-74,PC,PL43	8.3 	6.4 	4.7 b	3.7 	3.0 u	2.0 bu	: u	: bu	: u	: u	: u	: u
A,TOTAL,T,Y15-74,PC,PL51	9.1 	7.0 	5.5 b	4.7 	3.3 	3.3 b	3.2 	4.1 b	3.5 	3.0 	3.4 	3.4 
A,TOTAL,T,Y15-74,PC,PL52	7.8 	6.5 	5.0 b	4.3 	3.2 u	3.2 bu	2.8 u	2.8 bu	2.7 u	2.7 u	2.4 u	3.5 u
A,TOTAL,T,Y15-74,PC,PL61	10.7 	7.9 	7.4 b	5.5 	4.3 	3.9 b	3.1 	4.5 b	3.9 	3.8 	4.2 	4.1 
A,TOTAL,T,Y15-74,PC,PL62	9.8 	9.5 	8.8 b	7.2 	5.6 	3.3 b	3.0 u	3.5 b	3.4 	2.6 u	3.8 	3.3 
A,TOTAL,T,Y15-74,PC,PL63	8.6 	6.6 	5.7 b	4.2 	3.0 	2.8 b	3.2 	2.4 b	1.9 	1.9 	2.2 	2.7 
A,TOTAL,T,Y15-74,PC,PL71	8.9 	7.7 	5.6 b	4.6 	4.4 	3.6 b	3.1 	4.5 b	3.5 	3.8 	3.5 	3.5 
A,TOTAL,T,Y15-74,PC,PL72	11.4 	10.1 	8.9 b	7.0 	5.8 	4.1 b	4.3 	4.5 b	3.8 	3.8 u	3.7 u	4.3 
A,TOTAL,T,Y15-74,PC,PL81	9.9 	9.3 	8.0 b	7.2 	6.3 	5.4 b	5.6 	5.2 b	4.8 	4.0 	3.3 	5.3 
A,TOTAL,T,Y15-74,PC,PL82	14.0 	11.6 	9.6 b	8.4 	6.5 	5.0 b	4.3 	4.8 b	4.7 	4.3 	3.7 	3.6 
A,TOTAL,T,Y15-74,PC,PL84	9.2 	7.0 	6.7 b	4.7 	3.2 	3.0 b	2.8 u	3.2 bu	2.5 u	2.3 u	2.9 u	2.6 u
A,TOTAL,T,Y15-74,PC,PL91	5.8 	4.9 	3.7 b	3.5 	2.4 	2.1 b	2.6 	2.1 b	2.0 	1.9 	2.5 	2.1 
A,TOTAL,T,Y15-74,PC,PL92	8.9 	8.3 	7.8 b	6.4 	5.7 	4.5 b	4.7 	3.8 b	3.7 	3.1 	3.5 	4.1 
A,TOTAL,T,Y15-74,PC,PT11	15.0 	13.8 	12.2 	9.8 	7.3 	6.7 	6.9 	6.7 b	6.0 	7.0 	6.6 	6.3 
A,TOTAL,T,Y15-74,PC,PT15	14.6 	12.6 	9.3 	7.7 	6.4 	7.0 	8.4 	8.6 b	6.0 	5.7 	5.8 	5.7 
A,TOTAL,T,Y15-74,PC,PT16	10.9 	9.4 	8.5 	7.1 	5.7 	: 	: 	: 	: 	: 	: 	: 
A,TOTAL,T,Y15-74,PC,PT17	15.0 	13.1 	12.0 	9.6 	7.5 	: 	: 	: 	: 	: 	: 	: 
A,TOTAL,T,Y15-74,PC,PT18	14.4 	13.4 	12.0 	8.5 	7.4 	: 	: 	: 	: 	: 	: 	: 
A,TOTAL,T,Y15-74,PC,PT19	: 	: 	: 	: 	: 	4.9 	5.6 	5.4 b	4.7 	5.4 	5.8 	5.0 
A,TOTAL,T,Y15-74,PC,PT1A	: 	: 	: 	: 	: 	6.7 	8.1 	6.8 b	6.8 	6.7 	6.5 	6.4 
A,TOTAL,T,Y15-74,PC,PT1B	: 	: 	: 	: 	: 	8.3 	7.7 	8.7 b	9.7 	8.4 	8.0 	8.0 
A,TOTAL,T,Y15-74,PC,PT1C	: 	: 	: 	: 	: 	7.2 	6.1 	6.8 b	4.9 	6.0 	5.8 	5.5 
A,TOTAL,T,Y15-74,PC,PT1D	: 	: 	: 	: 	: 	5.2 	5.6 	6.0 b	5.5 	5.4 	6.7 	5.2 
A,TOTAL,T,Y15-74,PC,PT20	16.1 	12.5 	10.9 	8.8 	8.4 	7.7 	5.9 	7.0 bu	6.1 u	6.5 u	5.6 u	4.9 u
A,TOTAL,T,Y15-74,PC,PT30	15.0 	14.5 	12.8 	10.3 	8.7 	6.9 	7.6 	7.8 b	6.8 u	6.0 u	5.7 u	5.4 u
A,TOTAL,T,Y15-74,PC,RO11	3.8 	4.6 	4.3 	3.6 	2.9 	3.0 	3.8 	3.1 b	3.1 	3.0 	4.5 	5.9 
A,TOTAL,T,Y15-74,PC,RO12	9.2 	7.4 	5.2 	4.2 	4.2 	5.3 	7.1 	5.1 b	5.4 	4.6 	4.3 	4.1 
A,TOTAL,T,Y15-74,PC,RO21	4.2 	3.6 	3.0 	2.9 	2.4 	2.1 	3.0 	6.8 b	6.6 	5.9 	4.9 	5.7 
A,TOTAL,T,Y15-74,PC,RO22	10.4 	9.0 	7.7 	6.5 	6.1 	6.4 	7.4 	6.0 b	7.3 	9.1 	9.9 	11.3 
A,TOTAL,T,Y15-74,PC,RO31	9.0 	10.3 	8.9 	6.8 	5.5 	4.7 	5.9 	7.7 b	7.9 	7.8 	7.3 	8.6 
A,TOTAL,T,Y15-74,PC,RO32	7.2 	5.3 	4.7 	4.3 	3.6 	2.5 	4.7 	3.5 b	2.7 	2.8 	2.2 	1.8 
A,TOTAL,T,Y15-74,PC,RO41	6.5 	10.1 	9.9 	7.7 	6.4 	5.3 	5.0 	9.2 b	8.8 	8.9 	7.7 	6.9 
A,TOTAL,T,Y15-74,PC,RO42	4.8 	5.4 	4.9 	4.4 	3.6 	3.4 	4.6 	3.5 b	3.7 	2.8 	3.3 	5.1 
A,TOTAL,T,Y15-74,PC,RS11	17.2 b	18.7 	15.7 	13.4 	10.9 	8.3 	7.5 	8.9 b	7.7 	7.1 	6.2 	6.9 
A,TOTAL,T,Y15-74,PC,RS12	19.9 b	16.7 	15.2 	12.2 	10.5 	9.1 	7.6 	9.6 b	8.0 	9.0 	8.4 	8.0 
A,TOTAL,T,Y15-74,PC,RS21	18.4 b	17.1 	14.9 	13.8 	14.1 	11.8 	10.0 	13.0 b	11.1 	9.8 	8.6 	8.7 
A,TOTAL,T,Y15-74,PC,RS22	22.4 b	18.9 	16.0 	15.4 	16.4 	13.3 	11.7 	13.8 b	11.9 	12.9 	12.2 	12.0 
A,TOTAL,T,Y15-74,PC,SE11	7.1 	7.0 	6.5 	6.3 	5.6 b	6.1 	7.6 	8.3 b	7.0 	6.9 	8.3 	9.1 
A,TOTAL,T,Y15-74,PC,SE12	8.3 	7.9 	7.7 	7.6 	7.2 b	7.3 	9.4 	9.8 b	9.5 	9.1 	9.6 	9.4 
A,TOTAL,T,Y15-74,PC,SE21	6.7 	6.0 	6.2 	5.5 	5.7 b	6.3 	7.7 	7.6 b	6.2 	6.9 	7.2 	7.3 
A,TOTAL,T,Y15-74,PC,SE22	10.0 	9.5 	8.4 	8.4 	8.6 b	8.9 	10.5 	11.3 b	9.3 	9.4 	9.7 	10.3 
A,TOTAL,T,Y15-74,PC,SE23	7.6 	6.6 	6.5 	6.0 	5.6 b	6.1 	7.6 	8.5 b	6.4 	7.4 	8.4 	8.5 
A,TOTAL,T,Y15-74,PC,SE31	8.6 	7.9 	7.5 	6.9 	6.4 b	7.3 	7.9 	9.8 b	7.7 	7.3 	7.2 	8.4 
A,TOTAL,T,Y15-74,PC,SE32	7.4 	7.1 	6.8 	6.2 	5.5 b	6.7 	7.6 	6.3 b	6.6 	6.5 	7.6 	6.6 
A,TOTAL,T,Y15-74,PC,SE33	7.4 	7.2 	5.8 	5.9 	5.4 b	6.1 	6.2 	6.2 b	5.2 	5.7 	5.2 	7.3 
A,TOTAL,T,Y15-74,PC,SI03	11.1 	10.3 	8.9 	6.8 	5.5 	4.9 	5.5 	5.0 b	4.2 	3.8 	4.1 	4.2 
A,TOTAL,T,Y15-74,PC,SI04	8.2 	7.5 	7.1 	6.4 	4.8 	4.0 	4.4 	4.5 b	3.8 	3.5 	3.3 	3.6 
A,TOTAL,T,Y15-74,PC,SK01	6.0 	5.7 	5.1 	4.2 	2.9 	2.4 	3.4 	2.6 bu	2.3 u	2.3 	2.3 u	2.5 
A,TOTAL,T,Y15-74,PC,SK02	11.0 	9.7 	7.7 	5.5 	4.3 	4.0 	4.7 	4.7 b	4.1 	3.6 	3.3 	3.3 
A,TOTAL,T,Y15-74,PC,SK03	16.0 	12.8 	10.8 	9.4 	7.5 	6.1 	6.7 	7.5 b	6.6 	5.9 	5.1 	5.4 
A,TOTAL,T,Y15-74,PC,SK04	16.6 	15.0 	13.2 	12.0 	10.1 	9.1 	10.6 	10.9 b	10.2 	10.4 	9.6 	9.5 
A,TOTAL,T,Y15-74,PC,TR10	11.9 b	12.8 	13.5 	13.8 	12.4 	14.8 	14.7 	12.4 b	10.1 	8.8 	8.8 	9.0 
A,TOTAL,T,Y15-74,PC,TR21	7.6 b	7.3 	7.5 	8.3 	7.5 	11.2 	9.1 	9.3 b	7.9 	7.7 	6.7 	7.6 
A,TOTAL,T,Y15-74,PC,TR22	5.6 b	5.4 	6.8 	5.9 	5.7 	8.3 	7.8 	8.0 b	7.1 	6.1 	6.1 	5.6 
A,TOTAL,T,Y15-74,PC,TR31	13.8 b	14.9 	13.9 	14.0 	13.7 	15.9 	17.1 	14.6 b	13.2 	11.5 	11.0 	10.6 
A,TOTAL,T,Y15-74,PC,TR32	7.2 b	6.9 	6.7 	7.1 	6.9 	9.2 	9.7 	10.1 b	8.7 	8.2 	8.2 	7.0 
A,TOTAL,T,Y15-74,PC,TR33	4.0 b	4.1 	4.9 	6.1 	6.8 	9.8 	8.3 	6.9 b	7.3 	7.3 	6.4 	6.4 
A,TOTAL,T,Y15-74,PC,TR41	6.2 b	7.7 	9.0 	9.7 	8.9 	11.2 	9.7 	9.5 b	8.9 	8.3 	8.9 	8.6 
A,TOTAL,T,Y15-74,PC,TR42	9.9 b	10.2 	10.6 	10.8 	10.2 	13.4 	12.2 	9.5 b	10.2 	9.1 	8.5 	8.5 
A,TOTAL,T,Y15-74,PC,TR51	11.5 b	11.1 	11.4 	11.3 	10.1 	14.2 	14.8 	13.5 b	12.2 	11.3 	9.7 	8.5 
A,TOTAL,T,Y15-74,PC,TR52	5.6 b	6.5 	6.1 	5.9 	5.9 	8.0 	7.8 	7.9 b	7.5 	6.0 	7.8 	7.1 
A,TOTAL,T,Y15-74,PC,TR61	8.4 b	9.5 	11.4 	11.9 	11.4 	13.3 	12.2 	11.8 b	9.3 	7.3 	5.9 	5.7 
A,TOTAL,T,Y15-74,PC,TR62	10.7 b	9.8 	10.4 	10.7 	11.2 	12.0 	13.3 	13.3 b	12.5 	11.0 	9.2 	9.8 
A,TOTAL,T,Y15-74,PC,TR63	15.4 b	16.3 	14.5 	11.6 	14.1 	18.2 	15.2 	17.0 b	14.6 	15.4 	11.7 	10.0 
A,TOTAL,T,Y15-74,PC,TR71	7.6 b	10.0 	13.4 	11.3 	10.9 	13.2 	11.9 	12.9 b	9.5 	8.7 	8.3 	8.3 
A,TOTAL,T,Y15-74,PC,TR72	9.6 b	9.7 	8.4 	11.7 	13.1 	14.4 	12.7 	11.8 b	9.4 	9.4 	9.0 	6.8 
A,TOTAL,T,Y15-74,PC,TR81	6.0 b	6.9 	8.7 	7.2 	8.1 	9.6 	9.3 	10.7 b	11.3 	10.8 	9.3 	10.4 
A,TOTAL,T,Y15-74,PC,TR82	6.6 b	6.9 	5.8 	4.6 	5.2 	7.7 	6.6 	6.2 b	6.5 	5.1 	4.7 	5.6 
A,TOTAL,T,Y15-74,PC,TR83	6.2 b	6.6 	8.0 	6.8 	6.4 	8.3 	8.4 	7.9 b	8.2 	8.7 	7.0 	6.9 
A,TOTAL,T,Y15-74,PC,TR90	6.3 b	4.9 	4.5 	3.5 	6.1 	9.9 	8.8 	9.7 b	9.2 	8.6 	8.0 	6.8 
A,TOTAL,T,Y15-74,PC,TRA1	7.4 b	6.0 	5.0 	5.3 	7.5 	11.3 	10.1 	10.0 b	9.3 	7.6 	6.4 	7.3 
A,TOTAL,T,Y15-74,PC,TRA2	3.4 b	3.9 	4.9 	5.5 	5.3 	9.6 	11.5 	14.0 b	13.0 	11.7 	10.3 	8.2 
A,TOTAL,T,Y15-74,PC,TRB1	7.6 b	7.9 	8.9 	6.9 	8.1 	9.9 	10.6 	10.5 b	8.3 	7.3 	6.0 	8.4 
A,TOTAL,T,Y15-74,PC,TRB2	13.5 b	9.7 	9.1 	12.6 	21.7 	25.7 	23.6 	20.4 b	19.3 	17.6 	15.2 	11.6 
A,TOTAL,T,Y15-74,PC,TRC1	8.1 b	9.7 	13.9 	14.3 	12.3 	15.2 	13.0 	10.2 b	10.7 	10.1 	10.7 	10.0 
A,TOTAL,T,Y15-74,PC,TRC2	17.5 b	17.4 	17.2 	13.8 	18.6 	23.2 	20.0 	14.8 b	11.4 	10.9 	9.3 	8.8 
A,TOTAL,T,Y15-74,PC,TRC3	24.1 b	24.4 	28.1 	26.9 	24.8 	30.8 	33.4 	30.5 b	18.6 	11.5 	11.0 	10.0 
A,TOTAL,T,Y15-74,PC,UKC1	9.8 	8.5 	7.0 	5.2 	4.4 	5.7 	: 	: 	: 	: 	: 	: 
A,TOTAL,T,Y15-74,PC,UKC2	8.3 	7.7 	7.1 	5.9 	5.2 	5.6 	: 	: 	: 	: 	: 	: 
A,TOTAL,T,Y15-74,PC,UKD1	5.0 	4.3 	3.7 u	3.4 u	1.9 u	2.0 u	: 	: 	: 	: 	: 	: 
A,TOTAL,T,Y15-74,PC,UKD3	8.0 	6.5 	6.1 	4.0 	4.2 	5.1 	: 	: 	: 	: 	: 	: 
A,TOTAL,T,Y15-74,PC,UKD4	6.6 	4.6 	4.4 	4.2 	4.8 	3.7 	: 	: 	: 	: 	: 	: 
A,TOTAL,T,Y15-74,PC,UKD6	3.4 	3.5 	3.2 	3.1 	3.2 	3.2 	: 	: 	: 	: 	: 	: 
A,TOTAL,T,Y15-74,PC,UKD7	7.4 	5.9 	4.9 	5.2 	4.0 	3.8 	: 	: 	: 	: 	: 	: 
A,TOTAL,T,Y15-74,PC,UKE1	8.0 	6.4 	5.5 	4.6 	5.6 	4.7 	: 	: 	: 	: 	: 	: 
A,TOTAL,T,Y15-74,PC,UKE2	4.6 	3.2 	2.9 	4.1 	3.3 	2.7 	: 	: 	: 	: 	: 	: 
A,TOTAL,T,Y15-74,PC,UKE3	8.9 	7.4 	7.2 	5.6 	5.1 	5.1 	: 	: 	: 	: 	: 	: 
A,TOTAL,T,Y15-74,PC,UKE4	6.8 	6.6 	5.8 	4.8 	4.7 	4.7 	: 	: 	: 	: 	: 	: 
A,TOTAL,T,Y15-74,PC,UKF1	6.1 	4.8 	4.5 	3.6 	4.4 	3.9 	: 	: 	: 	: 	: 	: 
A,TOTAL,T,Y15-74,PC,UKF2	5.3 	4.5 	4.6 	4.6 	4.2 	4.2 	: 	: 	: 	: 	: 	: 
A,TOTAL,T,Y15-74,PC,UKF3	4.7 	4.5 	4.3 	3.8 	4.2 	3.7 	: 	: 	: 	: 	: 	: 
A,TOTAL,T,Y15-74,PC,UKG1	4.4 	3.2 	3.7 	2.9 	3.1 	3.0 	: 	: 	: 	: 	: 	: 
A,TOTAL,T,Y15-74,PC,UKG2	5.3 	4.7 	4.2 	4.9 	3.7 	3.3 	: 	: 	: 	: 	: 	: 
A,TOTAL,T,Y15-74,PC,UKG3	9.7 	7.9 	7.6 	7.2 	6.5 	6.0 	: 	: 	: 	: 	: 	: 
A,TOTAL,T,Y15-74,PC,UKH1	5.0 	4.3 	3.8 	3.9 	3.5 	2.9 	: 	: 	: 	: 	: 	: 
A,TOTAL,T,Y15-74,PC,UKH2	4.3 	3.8 	4.1 	3.7 	2.9 	2.7 	: 	: 	: 	: 	: 	: 
A,TOTAL,T,Y15-74,PC,UKH3	6.2 	4.3 	3.9 	4.2 	2.8 	3.2 	: 	: 	: 	: 	: 	: 
A,TOTAL,T,Y15-74,PC,UKI3	6.3 	5.4 	4.7 	5.6 	5.1 	3.8 	: 	: 	: 	: 	: 	: 
A,TOTAL,T,Y15-74,PC,UKI4	7.9 	7.2 	7.2 	5.3 	4.3 	4.0 	: 	: 	: 	: 	: 	: 
A,TOTAL,T,Y15-74,PC,UKI5	7.5 	7.5 	5.6 	5.7 	4.6 	4.4 	: 	: 	: 	: 	: 	: 
A,TOTAL,T,Y15-74,PC,UKI6	5.9 	4.6 	4.2 	4.9 	4.7 	4.1 	: 	: 	: 	: 	: 	: 
A,TOTAL,T,Y15-74,PC,UKI7	6.2 	5.5 	5.0 	4.9 	4.8 	5.2 	: 	: 	: 	: 	: 	: 
A,TOTAL,T,Y15-74,PC,UKJ1	4.2 	3.5 	2.7 	2.9 	3.0 	2.8 	: 	: 	: 	: 	: 	: 
A,TOTAL,T,Y15-74,PC,UKJ2	4.7 	3.7 	3.6 	3.2 	3.6 	2.6 	: 	: 	: 	: 	: 	: 
A,TOTAL,T,Y15-74,PC,UKJ3	4.2 	4.1 	3.7 	3.2 	2.8 	3.3 	: 	: 	: 	: 	: 	: 
A,TOTAL,T,Y15-74,PC,UKJ4	5.7 	5.3 	4.5 	3.8 	4.4 	3.9 	: 	: 	: 	: 	: 	: 
A,TOTAL,T,Y15-74,PC,UKK1	4.8 	3.9 	3.7 	4.0 	2.9 	2.7 	: 	: 	: 	: 	: 	: 
A,TOTAL,T,Y15-74,PC,UKK2	4.5 	4.0 	4.3 	2.9 	3.1 	2.1 	: 	: 	: 	: 	: 	: 
A,TOTAL,T,Y15-74,PC,UKK3	3.9 	4.5 	3.8 	2.4 u	2.6 u	2.1 u	: 	: 	: 	: 	: 	: 
A,TOTAL,T,Y15-74,PC,UKK4	5.1 	3.7 	3.6 	4.1 	3.4 	3.0 	: 	: 	: 	: 	: 	: 
A,TOTAL,T,Y15-74,PC,UKL1	6.9 	6.5 	5.0 	4.6 	4.9 	4.1 	: 	: 	: 	: 	: 	: 
A,TOTAL,T,Y15-74,PC,UKL2	6.1 	4.8 	3.6 	4.3 	2.7 	3.3 	: 	: 	: 	: 	: 	: 
A,TOTAL,T,Y15-74,PC,UKM5	4.0 	3.2 u	5.1 	4.2 	3.5 u	3.2 u	: 	: 	: 	: 	: 	: 
A,TOTAL,T,Y15-74,PC,UKM6	3.9 u	2.8 u	3.5 u	2.6 u	2.2 u	: u	: 	: 	: 	: 	: 	: 
A,TOTAL,T,Y15-74,PC,UKM7	5.8 	6.0 	4.8 	3.7 	3.6 	3.4 	: 	: 	: 	: 	: 	: 
A,TOTAL,T,Y15-74,PC,UKM8	7.8 	7.1 	5.3 	4.7 	5.1 	4.6 	: 	: 	: 	: 	: 	: 
A,TOTAL,T,Y15-74,PC,UKM9	5.3 	6.1 	6.3 	4.7 	3.2 	3.1 	: 	: 	: 	: 	: 	: 
A,TOTAL,T,Y15-74,PC,UKN0	6.4 	6.1 	5.7 	4.6 	3.6 	2.7 	: 	: 	: 	: 	: 	: 
A,UNK,F,Y15-74,PC,LU00	: 	: 	: 	: 	: 	: 	: 	: 	: 	: u	: 	: 
A,UNK,T,Y15-74,PC,LU00	: 	: 	: 	: 	: 	: 	: 	: 	: 	: u	: 	: 
